hs_code,category,description_en,context_en
010121,Animal Products,"Horses; live, pure-bred breeding animals","Horses, asses, mules and hinnies; live"
010130,Animal Products,Asses; live,"Horses, asses, mules and hinnies; live"
010190,Animal Products,Mules and hinnies; live,"Horses, asses, mules and hinnies; live"
010231,Animal Products,"Buffalo; live, pure-bred breeding animals",Bovine animals; live
010310,Animal Products,"Swine; live, pure-bred breeding animals",Swine; live
010512,Animal Products,"Poultry; live, turkeys, weighing not more than 185g","Poultry; live, fowls of the species Gallus domesticus, ducks, geese, turkeys and guinea fowls"
010513,Animal Products,"Poultry; live, ducks, weighing not more than 185g","Poultry; live, fowls of the species Gallus domesticus, ducks, geese, turkeys and guinea fowls"
010514,Animal Products,"Poultry; live, geese, weighing not more than 185g","Poultry; live, fowls of the species Gallus domesticus, ducks, geese, turkeys and guinea fowls"
010515,Animal Products,"Poultry; live, guinea fowls, weighing not more than 185g","Poultry; live, fowls of the species Gallus domesticus, ducks, geese, turkeys and guinea fowls"
010594,Animal Products,"Poultry; live, fowls of the species Gallus domesticus, weighing more than 185g","Poultry; live, fowls of the species Gallus domesticus, ducks, geese, turkeys and guinea fowls"
010611,Animal Products,"Mammals; live, primates","Animals; live, n.e.c. in chapter 01"
010612,Animal Products,"Mammals; live, whales, dolphins and porpoises (mammals of the order Cetacea); manatees and dugongs (mammals of the order Sirenia); seals, sea lions and walruses (mammals of the suborder Pinnipedia)","Animals; live, n.e.c. in chapter 01"
010613,Animal Products,"Mammals; live, camels and other camelids (Camelidae)","Animals; live, n.e.c. in chapter 01"
010619,Animal Products,"Mammals; live, other than primates, whales, dolphins, porpoises (mammals of the order Cetacea); manatees, dugongs (mammals of the order Sirenia); seals, sea lions, walruses (mammals of the suborder Pinnipedia), camels, other camelids, rabbits and hares","Animals; live, n.e.c. in chapter 01"
010620,Animal Products,Reptiles; live (including snakes and turtles),"Animals; live, n.e.c. in chapter 01"
010631,Animal Products,"Birds; live, birds of prey","Animals; live, n.e.c. in chapter 01"
010632,Animal Products,"Birds; live, Psittaciformes","Animals; live, n.e.c. in chapter 01"
010633,Animal Products,"Birds; live, ostriches; emus (Dromaius novaehollandiae)","Animals; live, n.e.c. in chapter 01"
010641,Animal Products,"Insects; live, bees","Animals; live, n.e.c. in chapter 01"
010649,Animal Products,"Insects; live, other than bees","Animals; live, n.e.c. in chapter 01"
020621,Animal Products,"Offal, edible; of bovine animals, tongues, frozen","Edible offal of bovine animals, swine, sheep, goats, horses, asses, mules or hinnies; fresh, chilled or frozen"
020622,Animal Products,"Offal, edible; of bovine animals, livers, frozen","Edible offal of bovine animals, swine, sheep, goats, horses, asses, mules or hinnies; fresh, chilled or frozen"
020649,Animal Products,"Offal, edible; of swine, (other than livers), frozen","Edible offal of bovine animals, swine, sheep, goats, horses, asses, mules or hinnies; fresh, chilled or frozen"
020743,Animal Products,"Meat and edible offal; of ducks, fatty livers (foie gras), fresh or chilled","Meat and edible offal of poultry; of the poultry of heading no. 0105, (i.e. fowls of the species Gallus domesticus), fresh, chilled or frozen"
020753,Animal Products,"Meat and edible offal; of geese, fatty livers (foie gras), fresh or chilled","Meat and edible offal of poultry; of the poultry of heading no. 0105, (i.e. fowls of the species Gallus domesticus), fresh, chilled or frozen"
020830,Animal Products,"Meat and edible meat offal; of primates, fresh, chilled or frozen","Meat and edible meat offal, n.e.c. in chapter 2; fresh, chilled or frozen"
020850,Animal Products,"Meat and edible meat offal; of reptiles (including snakes and turtles), fresh, chilled or frozen","Meat and edible meat offal, n.e.c. in chapter 2; fresh, chilled or frozen"
020860,Animal Products,"Meat and edible meat offal; of camels and other camelids (Camelidae), fresh, chilled or frozen","Meat and edible meat offal, n.e.c. in chapter 2; fresh, chilled or frozen"
020990,Animal Products,"Fat; poultry fat, not rendered or otherwise extracted, fresh, chilled, frozen, salted, in brine, dried or smoked","Pig fat, free of lean meat, and poultry fat, not rendered or otherwise extracted, fresh, chilled, frozen, salted, in brine, dried or smoked"
021091,Animal Products,"Meat and edible meat offal; salted, in brine, dried or smoked, and edible flours and meals of meat or meat offal, of primates","Meat and edible meat offal; salted, in brine, dried or smoked; edible flours and meals of meat or meat offal"
021093,Animal Products,"Meat and edible meat offal; salted, in brine, dried or smoked, and edible flours and meals of meat or meat offal, of reptiles (including snakes and turtles)","Meat and edible meat offal; salted, in brine, dried or smoked; edible flours and meals of meat or meat offal"
030111,Animal Products,"Fish; live, ornamental, freshwater",Fish; live
030119,Animal Products,"Fish; live, ornamental, other than freshwater",Fish; live
030193,Animal Products,"Fish; live, carp (Cyprinus spp., Carassius spp., Ctenopharyngodon idellus, Hypophthalmichthys spp., Cirrhinus spp., Mylopharyngodon piceus, Catla catla, Labeo spp., Osteochilus hasselti, Leptobarbus hoeveni, Megalobrama spp.)",Fish; live
030195,Animal Products,"Fish; live, southern bluefin tunas (Thunnus maccoyii)",Fish; live
030213,Animal Products,"Fish; fresh or chilled, Pacific salmon (Oncorhynchus nerka, Oncorhynchus gorbuscha, Oncorhynchus keta, Oncorhynchus tschawytscha, Oncorhynchus kisutch, Oncorhynchus masou, Oncorhynchus rhodurus), not fillets, meat of 0304, and edible fish offal of 0302.9","Fish; fresh or chilled, excluding fish fillets and other fish meat of heading 0304"
030219,Animal Products,"Fish; fresh or chilled, salmonidae, n.e.c. in item no. 0302.1, excluding fillets, fish meat of 0304, and edible fish offal of subheadings 0302.91 to 0302.99","Fish; fresh or chilled, excluding fish fillets and other fish meat of heading 0304"
030222,Animal Products,"Fish; fresh or chilled, plaice (Pleuronectes platessa), excluding fillets, fish meat of 0304, and edible fish offal of subheadings 0302.91 to 0302.99","Fish; fresh or chilled, excluding fish fillets and other fish meat of heading 0304"
030223,Animal Products,"Fish; fresh or chilled, sole (Solea spp.), excluding fillets, fish meat of 0304, and edible fish offal of subheadings 0302.91 to 0302.99","Fish; fresh or chilled, excluding fish fillets and other fish meat of heading 0304"
030224,Animal Products,"Fish; fresh or chilled, turbots (Psetta maxima, Scophthalmidae), excluding fillets, fish meat of 0304, and edible fish offal of subheadings 0302.91 to 0302.99","Fish; fresh or chilled, excluding fish fillets and other fish meat of heading 0304"
030241,Animal Products,"Fish; fresh or chilled, herrings (Clupea harengus, Clupea pallasii), excluding fillets, fish meat of 0304, and edible fish offal of subheadings 0302.91 to 0302.99","Fish; fresh or chilled, excluding fish fillets and other fish meat of heading 0304"
030242,Animal Products,"Fish; fresh or chilled, anchovies (Engraulis spp.), excluding fillets, fish meat of 0304, and edible fish offal of subheadings 0302.91 to 0302.99","Fish; fresh or chilled, excluding fish fillets and other fish meat of heading 0304"
030246,Animal Products,"Fish; fresh or chilled, cobia (Rachycentron canadum), excluding fillets, fish meat of 0304, and edible fish offal of subheadings 0302.91 to 0302.99","Fish; fresh or chilled, excluding fish fillets and other fish meat of heading 0304"
030247,Animal Products,"Fish; fresh or chilled, swordfish (Xiphias gladius), excluding fillets, fish meat of 0304, and edible fish offal of subheadings 0302.91 to 0302.99","Fish; fresh or chilled, excluding fish fillets and other fish meat of heading 0304"
030253,Animal Products,"Fish; fresh or chilled, coalfish (Pollachius virens), excluding fillets, fish meat of 0304, and edible fish offal of subheadings 0302.91 to 0302.99","Fish; fresh or chilled, excluding fish fillets and other fish meat of heading 0304"
030255,Animal Products,"Fish; fresh or chilled, Alaska pollock (Theragra chalcogramma), excluding fillets, fish meat of 0304, and edible fish offal of subheadings 0302.91 to 0302.99","Fish; fresh or chilled, excluding fish fillets and other fish meat of heading 0304"
030271,Animal Products,"Fish; fresh or chilled, tilapias (Oreochromis spp.), excluding fillets, fish meat of 0304, and edible fish offal of subheadings 0302.91 to 0302.99","Fish; fresh or chilled, excluding fish fillets and other fish meat of heading 0304"
030272,Animal Products,"Fish; fresh or chilled, catfish (Pangasius spp., Silurus spp., Clarias spp., Ictalurus spp.), excluding fillets, fish meat of 0304, and edible fish offal of subheadings 0302.91 to 0302.99","Fish; fresh or chilled, excluding fish fillets and other fish meat of heading 0304"
030273,Animal Products,"Fish; fresh or chilled, Carp (as specified by the WCO.), excluding fillets, fish meat of 0304, and edible fish offal of subheadings 0302.91 to 0302.99","Fish; fresh or chilled, excluding fish fillets and other fish meat of heading 0304"
030274,Animal Products,"Fish; fresh or chilled, eels (Anguilla spp.), excluding fillets, fish meat of 0304, and edible fish offal of subheadings 0302.91 to 0302.99","Fish; fresh or chilled, excluding fish fillets and other fish meat of heading 0304"
030279,Animal Products,"Fish; fresh or chilled, Nile perch (Lates niloticus) and snakeheads (Channa spp.), excluding fillets, fish meat of 0304, and edible fish offal of subheadings 0302.91 to 0302.99","Fish; fresh or chilled, excluding fish fillets and other fish meat of heading 0304"
030282,Animal Products,"Fish; fresh or chilled, rays and skates (Rajidae), excluding fillets, fish meat of 0304, and edible fish offal of subheadings 0302.91 to 0302.99","Fish; fresh or chilled, excluding fish fillets and other fish meat of heading 0304"
030283,Animal Products,"Fish; fresh or chilled, toothfish (Dissostichus spp.), excluding fillets, fish meat of 0304, and edible fish offal of subheadings 0302.91 to 0302.99","Fish; fresh or chilled, excluding fish fillets and other fish meat of heading 0304"
030323,Animal Products,"Fish; frozen, tilapias (Oreochromis spp.), excluding fillets, fish meat of 0304, and edible fish offal of subheadings 0303.91 to 0303.99","Fish; frozen, excluding fish fillets and other fish meat of heading 0304"
030324,Animal Products,"Fish; frozen, catfish (Pangasius spp., Silurus spp., Clarias spp., Ictalurus spp.), excluding fillets, fish meat of 0304, and edible fish offal of subheadings 0303.91 to 0303.99","Fish; frozen, excluding fish fillets and other fish meat of heading 0304"
030325,Animal Products,"Fish; frozen, carp (as specified by the WCO), excluding fillets, fish meat of 0304, and edible fish offal of subheadings 0303.91 to 0303.99","Fish; frozen, excluding fish fillets and other fish meat of heading 0304"
030326,Animal Products,"Fish; frozen, eels (Anguilla spp.), excluding fillets, fish meat of 0304, and edible fish offal of subheadings 0303.91 to 0303.99","Fish; frozen, excluding fish fillets and other fish meat of heading 0304"
030329,Animal Products,"Fish; frozen, Nile perch (Lates niloticus) and snakeheads (Channa spp.), excluding fillets, fish meat of 0304, and edible fish offal of subheadings 0303.91 to 0303.99","Fish; frozen, excluding fish fillets and other fish meat of heading 0304"
030332,Animal Products,"Fish; frozen, plaice (Pleuronectes platessa), excluding fillets, fish meat of 0304, and edible fish offal of subheadings 0303.91 to 0303.99","Fish; frozen, excluding fish fillets and other fish meat of heading 0304"
030333,Animal Products,"Fish; frozen, sole (Solea spp.), excluding fillets, fish meat of 0304, and edible fish offal of subheadings 0303.91 to 0303.99","Fish; frozen, excluding fish fillets and other fish meat of heading 0304"
030334,Animal Products,"Fish; frozen, turbots (Psetta maxima, Scophthalmidae), excluding fillets, fish meat of 0304, and edible fish offal of subheadings 0303.91 to 0303.99","Fish; frozen, excluding fish fillets and other fish meat of heading 0304"
030356,Animal Products,"Fish; frozen, cobia (Rachycentron canadum), excluding fillets, fish meat of 0304, and edible fish offal of subheadings 0303.91 to 0303.99","Fish; frozen, excluding fish fillets and other fish meat of heading 0304"
030357,Animal Products,"Fish; frozen, swordfish (Xiphias gladius), excluding fillets, fish meat of 0304, and edible fish offal of subheadings 0303.91 to 0303.99","Fish; frozen, excluding fish fillets and other fish meat of heading 0304"
030365,Animal Products,"Fish; frozen, coalfish (Pollachius virens), excluding fillets, fish meat of 0304, and edible fish offal of subheadings 0303.91 to 0303.99","Fish; frozen, excluding fish fillets and other fish meat of heading 0304"
030382,Animal Products,"Fish; frozen, rays and skates (Rajidae), excluding fillets, fish meat of 0304, and edible fish offal of subheadings 0303.91 to 0303.99","Fish; frozen, excluding fish fillets and other fish meat of heading 0304"
030383,Animal Products,"Fish; frozen, toothfish (Dissostichus spp.), excluding fillets, livers, roes, and edible fish offal of subheadings 0303.91 to 0303.99","Fish; frozen, excluding fish fillets and other fish meat of heading 0304"
030431,Animal Products,"Fish fillets; fresh or chilled, tilapias (Oreochromis spp.)","Fish fillets and other fish meat (whether or not minced); fresh, chilled or frozen"
030433,Animal Products,"Fish fillets; fresh or chilled, Nile perch (Lates niloticus)","Fish fillets and other fish meat (whether or not minced); fresh, chilled or frozen"
030445,Animal Products,"Fish fillets; fresh or chilled, swordfish (Xiphias gladius)","Fish fillets and other fish meat (whether or not minced); fresh, chilled or frozen"
030446,Animal Products,"Fish fillets; fresh or chilled, toothfish (Dissostichus spp.)","Fish fillets and other fish meat (whether or not minced); fresh, chilled or frozen"
030448,Animal Products,"Fish fillets; fresh or chilled, rays and skates (Rajidae)","Fish fillets and other fish meat (whether or not minced); fresh, chilled or frozen"
030454,Animal Products,"Fish meat, excluding fillets, whether or not minced; fresh or chilled, swordfish (Xiphias gladius)","Fish fillets and other fish meat (whether or not minced); fresh, chilled or frozen"
030455,Animal Products,"Fish meat, excluding fillets, whether or not minced; fresh or chilled, toothfish (Dissostichus spp.)","Fish fillets and other fish meat (whether or not minced); fresh, chilled or frozen"
030457,Animal Products,"Fish meat; excluding fillets, whether or not minced; fresh or chilled, rays and skates (Rajidae)","Fish fillets and other fish meat (whether or not minced); fresh, chilled or frozen"
030462,Animal Products,"Fish fillets; frozen, catfish (Pangasius spp., Silurus spp., Clarias spp., Ictalurus spp.)","Fish fillets and other fish meat (whether or not minced); fresh, chilled or frozen"
030463,Animal Products,"Fish fillets; frozen, Nile Perch (Lates niloticus)","Fish fillets and other fish meat (whether or not minced); fresh, chilled or frozen"
030472,Animal Products,"Fish fillets; frozen, haddock (Melanogrammus aeglefinus)","Fish fillets and other fish meat (whether or not minced); fresh, chilled or frozen"
030473,Animal Products,"Fish fillets; frozen, coalfish (Pollachius virens)","Fish fillets and other fish meat (whether or not minced); fresh, chilled or frozen"
030484,Animal Products,"Fish fillets; frozen, swordfish (Xiphias gladius)","Fish fillets and other fish meat (whether or not minced); fresh, chilled or frozen"
030485,Animal Products,"Fish fillets; frozen, toothfish (Dissostichus spp.)","Fish fillets and other fish meat (whether or not minced); fresh, chilled or frozen"
030486,Animal Products,"Fish fillets; frozen, herrings (Clupea harengus, Clupea pallasii)","Fish fillets and other fish meat (whether or not minced); fresh, chilled or frozen"
030491,Animal Products,"Fish meat, excluding fillets, whether or not minced; frozen, swordfish (Xiphias gladius)","Fish fillets and other fish meat (whether or not minced); fresh, chilled or frozen"
030492,Animal Products,"Fish meat, excluding fillets, whether or not minced; frozen, toothfish (Dissostichus spp.)","Fish fillets and other fish meat (whether or not minced); fresh, chilled or frozen"
030497,Animal Products,"Fish meat, excluding fillets, whether or not minced; frozen, rays and skates (Rajidae)","Fish fillets and other fish meat (whether or not minced); fresh, chilled or frozen"
030542,Animal Products,"Fish; smoked, whether or not cooked before or during smoking, herrings (Clupea harengus, Clupea pallasii), includes fillets, but excludes edible fish offal","Fish, dried, salted or in brine; smoked fish, whether or not cooked before, or during the smoking process"
030561,Animal Products,"Fish; salted or in brine, not dried or smoked, other than edible fish offal, herrings (Clupea harengas, Clupea pallasii)","Fish, dried, salted or in brine; smoked fish, whether or not cooked before, or during the smoking process"
030615,Animal Products,"Crustaceans; frozen, Norway lobsters (Nephrops norvegicus), in shell or not, smoked, cooked or not before or during smoking; in shell, cooked by steaming or by boiling in water","Crustaceans; in shell or not, live, fresh, chilled, frozen, dried, salted or in brine; smoked, cooked or not before or during smoking; in shell, steamed or boiled, whether or not chilled, frozen, dried, salted or in brine"
030634,Animal Products,"Crustaceans; live, fresh or chilled, Norway lobsters (Nephrops norvegicus), in shell or not","Crustaceans; in shell or not, live, fresh, chilled, frozen, dried, salted or in brine; smoked, cooked or not before or during smoking; in shell, steamed or boiled, whether or not chilled, frozen, dried, salted or in brine"
030691,Animal Products,"Crustaceans; rock lobsters and other sea crawfish (Palinurus spp., Panulirus spp., Jasus spp.), smoked, cooked or not, whether in shell or not, whether or not cooked before or during smoking","Crustaceans; in shell or not, live, fresh, chilled, frozen, dried, salted or in brine; smoked, cooked or not before or during smoking; in shell, steamed or boiled, whether or not chilled, frozen, dried, salted or in brine"
030694,Animal Products,"Crustaceans; Norway lobsters (Nephrops norvegicus), smoked, cooked or not, whether in shell or not, whether or not cooked before or during smoking","Crustaceans; in shell or not, live, fresh, chilled, frozen, dried, salted or in brine; smoked, cooked or not before or during smoking; in shell, steamed or boiled, whether or not chilled, frozen, dried, salted or in brine"
030712,Animal Products,"Molluscs; oysters, whether in shell or not, frozen","Molluscs; whether in shell or not, live, fresh, chilled, frozen, dried, salted or in brine; smoked molluscs, whether in shell or not, whether or not cooked before or during the smoking process"
030751,Animal Products,"Molluscs; octopus (Octopus spp.), live, fresh or chilled","Molluscs; whether in shell or not, live, fresh, chilled, frozen, dried, salted or in brine; smoked molluscs, whether in shell or not, whether or not cooked before or during the smoking process"
030752,Animal Products,"Molluscs; octopus (Octopus spp.), frozen","Molluscs; whether in shell or not, live, fresh, chilled, frozen, dried, salted or in brine; smoked molluscs, whether in shell or not, whether or not cooked before or during the smoking process"
030760,Animal Products,"Molluscs; snails, other than sea snails, whether in shell or not, live, fresh, chilled, frozen, dried, salted, in brine, or smoked, cooked or not before or during the smoking process","Molluscs; whether in shell or not, live, fresh, chilled, frozen, dried, salted or in brine; smoked molluscs, whether in shell or not, whether or not cooked before or during the smoking process"
030782,Animal Products,"Molluscs; stromboid conchs (Strombus spp.), whether in shell or not, live, fresh or chilled","Molluscs; whether in shell or not, live, fresh, chilled, frozen, dried, salted or in brine; smoked molluscs, whether in shell or not, whether or not cooked before or during the smoking process"
030783,Animal Products,"Molluscs; abalone (Haliotis spp.), whether in shell or not, frozen","Molluscs; whether in shell or not, live, fresh, chilled, frozen, dried, salted or in brine; smoked molluscs, whether in shell or not, whether or not cooked before or during the smoking process"
030784,Animal Products,"Molluscs; stromboid conchs (Strombus spp.), whether in shell or not, frozen","Molluscs; whether in shell or not, live, fresh, chilled, frozen, dried, salted or in brine; smoked molluscs, whether in shell or not, whether or not cooked before or during the smoking process"
030811,Animal Products,"Aquatic invertebrates; sea cucumbers (Stichopus japonicus, Holothuroidea), live, fresh or chilled","Aquatic invertebrates other than crustaceans and molluscs, live, fresh, chilled, frozen, dried, salted or in brine; smoked aquatic invertebrates other than crustaceans and molluscs, whether or not cooked before or during the smoking process"
030812,Animal Products,"Aquatic invertebrates; sea cucumbers (Stichopus japonicus, Holothuroidea), frozen","Aquatic invertebrates other than crustaceans and molluscs, live, fresh, chilled, frozen, dried, salted or in brine; smoked aquatic invertebrates other than crustaceans and molluscs, whether or not cooked before or during the smoking process"
030819,Animal Products,"Aquatic invertebrates; sea cucumbers (Stichopus japonicus, Holothuroidea), dried, salted or in brine, smoked, whether or not cooked before or during the smoking process","Aquatic invertebrates other than crustaceans and molluscs, live, fresh, chilled, frozen, dried, salted or in brine; smoked aquatic invertebrates other than crustaceans and molluscs, whether or not cooked before or during the smoking process"
030821,Animal Products,"Aquatic invertebrates; sea urchins (Strongylocentrotus spp., Paracentrotus lividus, Loxechinus albus, Echinus esculentus), live, fresh or chilled","Aquatic invertebrates other than crustaceans and molluscs, live, fresh, chilled, frozen, dried, salted or in brine; smoked aquatic invertebrates other than crustaceans and molluscs, whether or not cooked before or during the smoking process"
030822,Animal Products,"Aquatic invertebrates; sea urchins (Strongylocentrotus spp., Paracentrotus lividus, Loxechinus albus, Echinus esculentus), frozen","Aquatic invertebrates other than crustaceans and molluscs, live, fresh, chilled, frozen, dried, salted or in brine; smoked aquatic invertebrates other than crustaceans and molluscs, whether or not cooked before or during the smoking process"
030829,Animal Products,"Aquatic invertebrates; sea urchins (Strongylocentrotus spp., Paracentrotus lividus, Loxechinus albus, Echinus esculentus), dried, salted or in brine, smoked, whether or not cooked before or during smoking process","Aquatic invertebrates other than crustaceans and molluscs, live, fresh, chilled, frozen, dried, salted or in brine; smoked aquatic invertebrates other than crustaceans and molluscs, whether or not cooked before or during the smoking process"
040620,Animal Products,"Dairy produce; cheese of all kinds, grated or powdered",Cheese and curd
040711,Animal Products,"Birds' eggs, in shell; fresh, fertilised eggs for incubation, of fowls of the species Gallus domesticus (domestic hens)","Birds' eggs, in shell; fresh, preserved or cooked"
040721,Animal Products,"Birds' eggs, in shell; fresh, not for incubation, of fowls of the species Gallus domesticus (domestic hens)","Birds' eggs, in shell; fresh, preserved or cooked"
041090,Animal Products,"Animal products; edible products of animal origin, not elsewhere specified or included, other than insects","Animal products; insects and other edible products of animal origin, not elsewhere specified or included"
050100,Animal Products,"Animal products; hair, human, unworked, whether or not washed or scoured, and waste of human hair","Human hair; unworked, whether or not washed or scoured; waste of human hair"
050210,Animal Products,"Animal products; hair and bristles, of pigs, hogs or boars, and waste thereof","Pigs', hogs' or boars' bristles and hair; and waste thereof"
050290,Animal Products,"Animal products; badger hair and other brush making hair and waste of such bristles or hair, n.e.c. in heading no. 0502 (excluding horsehair)","Pigs', hogs' or boars' bristles and hair; and waste thereof"
050590,Animal Products,"Animal products; skins and other parts of birds, feathers and down (not for stuffing), powder and waste of such, not further worked than cleaned, disinfected or treated for preservation","Skins and other parts of birds with feathers, down; feathers, down and parts thereof; not further worked than cleaned, disinfected, treated for preservation; powder, waste and parts of feathers"
050610,Animal Products,Animal products; ossein and bones treated with acid,"Bones and horn-cores, unworked, defatted, simply prepared (but not cut to shape), treated with acid or degelatinised; powder and waste of these products"
050690,Animal Products,"Animal products; bones and horn-cores and powder or waste of such, unworked, defatted, simply prepared (not cut to shape), or treated with acid or degelatinised, n.e.c. in heading no. 0506","Bones and horn-cores, unworked, defatted, simply prepared (but not cut to shape), treated with acid or degelatinised; powder and waste of these products"
050710,Animal Products,"Animal products; ivory, unworked or simply prepared but not cut to shape, ivory powder and waste","Ivory, tortoise-shell, whalebone and whalebone hair, horns, antlers, hooves, nails, claws and beaks unworked or simply prepared, not cut to shape; waste and powder of these products"
050790,Animal Products,"Animal products; tortoise-shell, whalebone and whalebone hair, horns, antlers, hooves, nails, claws and beaks, unworked or simply prepared but not cut to shape, waste and powder of these products","Ivory, tortoise-shell, whalebone and whalebone hair, horns, antlers, hooves, nails, claws and beaks unworked or simply prepared, not cut to shape; waste and powder of these products"
051000,Animal Products,"Animal products; ambergris, castoreum, civet, musk, cantharides, bile (dried or not) glands and other animal products, for pharmaceutical purposes, fresh, chilled, frozen or otherwise provisionally preserved","Ambergris, castoreum, civet and musk; cantharides; bile, dried or not glands, other animal products used in preparation of pharmaceutical products, fresh chilled, frozen or otherwise provisionally preserved"
051110,Animal Products,Animal products; bovine semen,"Animal products not elsewhere specified or included; dead animals of chapter 1 or 3, unfit for human consumption"
060311,Vegetable Products,"Flowers, cut; roses, flowers and buds of a kind suitable for bouquets or ornamental purposes, fresh","Flowers; cut flowers and flower buds of a kind suitable for bouquets or for ornamental purposes, fresh, dried, dyed, bleached, impregnated or otherwise prepared"
060312,Vegetable Products,"Flowers, cut; carnations, flowers and buds of a kind suitable for bouquets or ornamental purposes, fresh","Flowers; cut flowers and flower buds of a kind suitable for bouquets or for ornamental purposes, fresh, dried, dyed, bleached, impregnated or otherwise prepared"
060313,Vegetable Products,"Flowers, cut; orchids, flowers and buds of a kind suitable for bouquets or ornamental purposes, fresh","Flowers; cut flowers and flower buds of a kind suitable for bouquets or for ornamental purposes, fresh, dried, dyed, bleached, impregnated or otherwise prepared"
060314,Vegetable Products,"Flowers, cut; chrysanthemums, flowers and buds of a kind suitable for bouquets or ornamental purposes, fresh","Flowers; cut flowers and flower buds of a kind suitable for bouquets or for ornamental purposes, fresh, dried, dyed, bleached, impregnated or otherwise prepared"
060315,Vegetable Products,"Flowers, cut; lilies (Lilium spp.), flowers and flower buds of a kind suitable for bouquets or ornamental purposes, fresh","Flowers; cut flowers and flower buds of a kind suitable for bouquets or for ornamental purposes, fresh, dried, dyed, bleached, impregnated or otherwise prepared"
060390,Vegetable Products,"Flowers, cut; flowers and flower buds of a kind suitable for bouquets or ornamental purposes, dried, dyed, bleached, impregnated or otherwise prepared","Flowers; cut flowers and flower buds of a kind suitable for bouquets or for ornamental purposes, fresh, dried, dyed, bleached, impregnated or otherwise prepared"
070110,Vegetable Products,"Vegetables; seed potatoes, fresh or chilled",Potatoes; fresh or chilled
070320,Vegetable Products,"Vegetables, alliaceous; garlic, fresh or chilled","Onions, shallots, garlic, leeks and other alliaceous vegetables; fresh or chilled"
070390,Vegetable Products,"Vegetables, alliaceous; leeks and other kinds n.e.c. in heading no. 0703, fresh or chilled","Onions, shallots, garlic, leeks and other alliaceous vegetables; fresh or chilled"
070420,Vegetable Products,"Vegetables, brassica; brussel sprouts, fresh or chilled","Cabbages, cauliflowers, kohlrabi, kale and similar edible brassicas; fresh or chilled"
070511,Vegetable Products,"Vegetables; cabbage (head) lettuce (lactuca sativa), fresh or chilled",Lettuce (lactuca sativa) and chicory (cichorium spp.) fresh or chilled
070519,Vegetable Products,"Vegetables; lettuce (lactuca sativa), (other than cabbage lettuce), fresh or chilled",Lettuce (lactuca sativa) and chicory (cichorium spp.) fresh or chilled
070521,Vegetable Products,"Vegetables; witloff chicory (cichorium intybus var. foliosum), fresh or chilled",Lettuce (lactuca sativa) and chicory (cichorium spp.) fresh or chilled
070529,Vegetable Products,"Vegetables; chicory (cichorium spp.), (other than witloof chicory), fresh or chilled",Lettuce (lactuca sativa) and chicory (cichorium spp.) fresh or chilled
070810,Vegetable Products,"Vegetables, leguminous; peas (pisum sativum), shelled or unshelled, fresh or chilled","Leguminous vegetables; shelled or unshelled, fresh or chilled"
070951,Vegetable Products,"Vegetables; mushrooms of the genus Agaricus, fresh or chilled","Vegetables; n.e.c. in chapter 07, fresh or chilled"
070952,Vegetable Products,"Vegetables; mushrooms of the genus Boletus, fresh or chilled","Vegetables; n.e.c. in chapter 07, fresh or chilled"
070953,Vegetable Products,"Vegetables; mushrooms of the genus Cantharellus, fresh or chilled","Vegetables; n.e.c. in chapter 07, fresh or chilled"
070954,Vegetable Products,"Vegetables; shiitake mushrooms (Lentinus edodes), fresh or chilled","Vegetables; n.e.c. in chapter 07, fresh or chilled"
070955,Vegetable Products,"Vegetables; matsutake mushrooms (Tricholoma matsutake, Tricholoma magnivelare, Tricholoma anatolicum, Tricholoma dulciolens, Tricholoma caligatum), fresh or chilled","Vegetables; n.e.c. in chapter 07, fresh or chilled"
070956,Vegetable Products,"Vegetables; truffles (Tuber spp.), fresh or chilled","Vegetables; n.e.c. in chapter 07, fresh or chilled"
070959,Vegetable Products,"Vegetables; truffles and mushrooms n.e.c. in heading 0709, fresh or chilled","Vegetables; n.e.c. in chapter 07, fresh or chilled"
070970,Vegetable Products,"Vegetables; spinach, New Zealand spinach and orache spinach (garden spinach), fresh or chilled","Vegetables; n.e.c. in chapter 07, fresh or chilled"
070991,Vegetable Products,"Vegetables; globe artichokes, fresh or chilled","Vegetables; n.e.c. in chapter 07, fresh or chilled"
071010,Vegetable Products,"Vegetables; potatoes, uncooked or cooked by steaming or boiling in water, frozen",Vegetables (uncooked or cooked by steaming or boiling in water); frozen
071021,Vegetable Products,"Vegetables, leguminous; peas (pisum sativum), shelled or unshelled, uncooked or cooked by steaming or boiling in water, frozen",Vegetables (uncooked or cooked by steaming or boiling in water); frozen
071029,Vegetable Products,"Vegetables, leguminous; (other than peas or beans), shelled or unshelled, uncooked or cooked by steaming or boiling in water, frozen",Vegetables (uncooked or cooked by steaming or boiling in water); frozen
071030,Vegetable Products,"Vegetables; spinach, New Zealand spinach and orache spinach (garden spinach), uncooked or cooked by steaming or boiling in water, frozen",Vegetables (uncooked or cooked by steaming or boiling in water); frozen
071090,Vegetable Products,"Vegetable mixtures; uncooked or cooked by steaming or boiling in water, frozen",Vegetables (uncooked or cooked by steaming or boiling in water); frozen
071140,Vegetable Products,"Vegetables; cucumbers and gherkins, provisionally preserved but unsuitable in that state for immediate consumption","Vegetables provisionally preserved, but unsuitable in that state for immediate consumption"
071151,Vegetable Products,"Vegetables; mushrooms of the genus Agaricus, provisionally preserved but unsuitable in that state for immediate consumption","Vegetables provisionally preserved, but unsuitable in that state for immediate consumption"
071220,Vegetable Products,"Vegetables; onions, whole, cut, sliced, broken or in powder but not further prepared, dried","Vegetables, dried; whole, cut, sliced, broken or in powder, but not further prepared"
071231,Vegetable Products,"Vegetables; mushrooms of the genus Agaricus, whole, cut, sliced, broken or in powder but not further prepared, dried","Vegetables, dried; whole, cut, sliced, broken or in powder, but not further prepared"
071320,Vegetable Products,"Vegetables, leguminous; chickpeas (garbanzos), shelled, whether or not skinned or split, dried","Vegetables, leguminous; shelled, whether or not skinned or split, dried"
071331,Vegetable Products,"Vegetables, leguminous; beans of the species vigna mungo (l.) hepper or vigna radiata (l.) wilczek, shelled, whether or not skinned or split, dried","Vegetables, leguminous; shelled, whether or not skinned or split, dried"
071332,Vegetable Products,"Vegetables, leguminous; small red (adzuki) beans (phaseolus or vigna angularis), shelled, whether or not skinned or split, dried","Vegetables, leguminous; shelled, whether or not skinned or split, dried"
071334,Vegetable Products,"Vegetables, leguminous; bambara beans (Vigna subterranea or Voandzeia subterranea), shelled, whether or not skinned or split, dried","Vegetables, leguminous; shelled, whether or not skinned or split, dried"
071335,Vegetable Products,"Vegetables, leguminous; cow peas (Vigna unguiculata), shelled, whether or not skinned or split, dried","Vegetables, leguminous; shelled, whether or not skinned or split, dried"
071339,Vegetable Products,"Vegetables, leguminous; n.e.c. in item no. 0713.3, shelled, whether or not skinned or split, dried","Vegetables, leguminous; shelled, whether or not skinned or split, dried"
071340,Vegetable Products,"Vegetables, leguminous; lentils, shelled, whether or not skinned or split, dried","Vegetables, leguminous; shelled, whether or not skinned or split, dried"
071360,Vegetable Products,"Vegetables, leguminous; pigeon peas (Cajanus cajan), shelled, whether or not skinned or split, dried","Vegetables, leguminous; shelled, whether or not skinned or split, dried"
080111,Vegetable Products,"Nuts, edible; coconuts, desiccated","Nuts, edible; coconuts, Brazil nuts and cashew nuts, fresh or dried, whether or not shelled or peeled"
080112,Vegetable Products,"Nuts, edible; coconuts, in the inner shell (endocarp)","Nuts, edible; coconuts, Brazil nuts and cashew nuts, fresh or dried, whether or not shelled or peeled"
080119,Vegetable Products,"Nuts, edible; coconuts, fresh or dried, other than desiccated or in the inner shell (endocarp)","Nuts, edible; coconuts, Brazil nuts and cashew nuts, fresh or dried, whether or not shelled or peeled"
080121,Vegetable Products,"Nuts, edible; brazil nuts, fresh or dried, in shell","Nuts, edible; coconuts, Brazil nuts and cashew nuts, fresh or dried, whether or not shelled or peeled"
080122,Vegetable Products,"Nuts, edible; brazil nuts, fresh or dried, shelled","Nuts, edible; coconuts, Brazil nuts and cashew nuts, fresh or dried, whether or not shelled or peeled"
080131,Vegetable Products,"Nuts, edible; cashew nuts, fresh or dried, in shell","Nuts, edible; coconuts, Brazil nuts and cashew nuts, fresh or dried, whether or not shelled or peeled"
080132,Vegetable Products,"Nuts, edible; cashew nuts, fresh or dried, shelled","Nuts, edible; coconuts, Brazil nuts and cashew nuts, fresh or dried, whether or not shelled or peeled"
080221,Vegetable Products,"Nuts, edible; hazelnuts or filberts (corylus spp.), fresh or dried, in shell","Nuts (excluding coconuts, Brazils and cashew nuts); fresh or dried, whether or not shelled or peeled"
080222,Vegetable Products,"Nuts, edible; hazelnuts or filberts (corylus spp.), fresh or dried, shelled","Nuts (excluding coconuts, Brazils and cashew nuts); fresh or dried, whether or not shelled or peeled"
080231,Vegetable Products,"Nuts, edible; walnuts, fresh or dried, in shell","Nuts (excluding coconuts, Brazils and cashew nuts); fresh or dried, whether or not shelled or peeled"
080232,Vegetable Products,"Nuts, edible; walnuts, fresh or dried, shelled","Nuts (excluding coconuts, Brazils and cashew nuts); fresh or dried, whether or not shelled or peeled"
080241,Vegetable Products,"Nuts, edible; chestnuts (Castanea spp.), fresh or dried, in shell","Nuts (excluding coconuts, Brazils and cashew nuts); fresh or dried, whether or not shelled or peeled"
080242,Vegetable Products,"Nuts, edible; chestnuts (Castanea spp.), fresh or dried, shelled","Nuts (excluding coconuts, Brazils and cashew nuts); fresh or dried, whether or not shelled or peeled"
080251,Vegetable Products,"Nuts, edible; pistachios, fresh or dried, in shell","Nuts (excluding coconuts, Brazils and cashew nuts); fresh or dried, whether or not shelled or peeled"
080252,Vegetable Products,"Nuts, edible; pistachios, fresh or dried, shelled","Nuts (excluding coconuts, Brazils and cashew nuts); fresh or dried, whether or not shelled or peeled"
080261,Vegetable Products,"Nuts, edible; macadamia, fresh or dried, in shell","Nuts (excluding coconuts, Brazils and cashew nuts); fresh or dried, whether or not shelled or peeled"
080262,Vegetable Products,"Nuts, edible; macadamia, fresh or dried, shelled","Nuts (excluding coconuts, Brazils and cashew nuts); fresh or dried, whether or not shelled or peeled"
080270,Vegetable Products,"Nuts, edible; kola nuts (Cola spp.), fresh or dried, whether or not shelled or peeled","Nuts (excluding coconuts, Brazils and cashew nuts); fresh or dried, whether or not shelled or peeled"
080280,Vegetable Products,"Nuts, edible; areca nuts, fresh or dried, whether or not shelled or peeled","Nuts (excluding coconuts, Brazils and cashew nuts); fresh or dried, whether or not shelled or peeled"
080291,Vegetable Products,"Nuts, edible; pine nuts, fresh or dried, in shell","Nuts (excluding coconuts, Brazils and cashew nuts); fresh or dried, whether or not shelled or peeled"
080292,Vegetable Products,"Nuts, edible; pine nuts, fresh or dried, shelled","Nuts (excluding coconuts, Brazils and cashew nuts); fresh or dried, whether or not shelled or peeled"
080711,Vegetable Products,"Fruit, edible; watermelons, fresh",Melons (including watermelons) and papaws (papayas); fresh
080720,Vegetable Products,"Fruit, edible; papaws (papayas), fresh",Melons (including watermelons) and papaws (papayas); fresh
080840,Vegetable Products,"Fruit, edible; quinces, fresh","Apples, pears and quinces; fresh"
080910,Vegetable Products,"Fruit, edible; apricots, fresh","Apricots, cherries, peaches (including nectarines), plums and sloes, fresh"
080921,Vegetable Products,"Fruit, edible; sour cherries (Prunus cerasus), fresh","Apricots, cherries, peaches (including nectarines), plums and sloes, fresh"
080929,Vegetable Products,"Fruit, edible; cherries, other than sour cherries (Prunus cerasus), fresh","Apricots, cherries, peaches (including nectarines), plums and sloes, fresh"
081010,Vegetable Products,"Fruit, edible; strawberries, fresh","Fruit, fresh; n.e.c. in chapter 08"
081050,Vegetable Products,"Fruit, edible; kiwifruit, fresh","Fruit, fresh; n.e.c. in chapter 08"
081060,Vegetable Products,"Fruit, edible; durians, fresh","Fruit, fresh; n.e.c. in chapter 08"
081070,Vegetable Products,"Fruit, edible; persimmons, fresh","Fruit, fresh; n.e.c. in chapter 08"
081210,Vegetable Products,"Fruit, edible; cherries, provisionally preserved, but unsuitable in that state for immediate consumption","Fruit and nuts provisionally preserved, but unsuitable in that state for immediate consumption"
081310,Vegetable Products,"Fruit, edible; apricots, dried","Fruit, dried, other than that of heading no. 0801 to 0806; mixtures of nuts or dried fruits of this chapter"
081320,Vegetable Products,"Fruit, edible; prunes, dried","Fruit, dried, other than that of heading no. 0801 to 0806; mixtures of nuts or dried fruits of this chapter"
081330,Vegetable Products,"Fruit, edible; apples, dried","Fruit, dried, other than that of heading no. 0801 to 0806; mixtures of nuts or dried fruits of this chapter"
081400,Vegetable Products,"Peel; of citrus fruit or melons (including watermelons), fresh, frozen, dried or provisionally preserved in brine, in sulphur water and other preservative solutions","Peel of citrus fruit or melons (including watermelons); fresh, frozen dried or provisionally preserved in brine, in sulphur water or in other preservative solutions"
090111,Vegetable Products,Coffee; not roasted or decaffeinated,"Coffee, whether or not roasted or decaffeinated; husks and skins; coffee substitutes containing coffee in any proportion"
090112,Vegetable Products,"Coffee; decaffeinated, not roasted","Coffee, whether or not roasted or decaffeinated; husks and skins; coffee substitutes containing coffee in any proportion"
090121,Vegetable Products,"Coffee; roasted, not decaffeinated","Coffee, whether or not roasted or decaffeinated; husks and skins; coffee substitutes containing coffee in any proportion"
090122,Vegetable Products,"Coffee; roasted, decaffeinated","Coffee, whether or not roasted or decaffeinated; husks and skins; coffee substitutes containing coffee in any proportion"
090210,Vegetable Products,"Tea, green; (not fermented), in immediate packings of a content not exceeding 3kg",Tea
090220,Vegetable Products,"Tea, green; (not fermented), in immediate packings of a content exceeding 3kg",Tea
090230,Vegetable Products,"Tea, black; (fermented) and partly fermented tea, in immediate packings of a content not exceeding 3kg",Tea
090240,Vegetable Products,"Tea, black; (fermented) and partly fermented tea, in immediate packings of a content exceeding 3kg",Tea
090300,Vegetable Products,Mate,Mate
090412,Vegetable Products,"Spices; pepper (of the genus piper), crushed or ground",Pepper of the genus piper; dried or crushed or ground fruits of the genus capsicum or of the genus pimenta
090510,Vegetable Products,"Spices; vanilla, neither crushed nor ground",Vanilla
090520,Vegetable Products,"Spices; vanilla, crushed or ground",Vanilla
090611,Vegetable Products,"Spices; cinnamon (Cinnamomum zeylanicum Blume), neither crushed nor ground",Cinnamon and cinnamon-tree flowers
090619,Vegetable Products,"Spices; cinnamon and cinnamon-tree flowers, other than cinnamon (Cinnamomum zeylanicum Blume), neither crushed nor ground",Cinnamon and cinnamon-tree flowers
090620,Vegetable Products,"Spices; cinnamon and cinnamon-tree flowers, crushed or ground",Cinnamon and cinnamon-tree flowers
090710,Vegetable Products,"Spices; cloves (whole fruit, cloves and stems), neither crushed nor ground","Cloves (whole fruit, cloves and stems)"
090720,Vegetable Products,"Spices; cloves (whole fruit, cloves and stems), crushed or ground","Cloves (whole fruit, cloves and stems)"
090811,Vegetable Products,"Spices; nutmeg, neither crushed nor ground","Nutmeg, mace and cardamoms"
090812,Vegetable Products,"Spices; nutmeg, crushed or ground","Nutmeg, mace and cardamoms"
090821,Vegetable Products,"Spices; mace, neither crushed nor ground","Nutmeg, mace and cardamoms"
090822,Vegetable Products,"Spices; mace, crushed or ground","Nutmeg, mace and cardamoms"
090831,Vegetable Products,"Spices; cardamoms, neither crushed nor ground","Nutmeg, mace and cardamoms"
090832,Vegetable Products,"Spices; cardamoms, crushed or ground","Nutmeg, mace and cardamoms"
090921,Vegetable Products,"Spices; coriander seeds, neither crushed nor ground","Seeds of anise, badian, fennel, coriander, cumin, caraway or juniper"
090922,Vegetable Products,"Spices; coriander seeds, crushed or ground","Seeds of anise, badian, fennel, coriander, cumin, caraway or juniper"
090931,Vegetable Products,"Spices; cumin seeds, neither crushed nor ground","Seeds of anise, badian, fennel, coriander, cumin, caraway or juniper"
090932,Vegetable Products,"Spices; cumin seeds, crushed or ground","Seeds of anise, badian, fennel, coriander, cumin, caraway or juniper"
090961,Vegetable Products,"Spices; seeds of anise, badian, caraway or fennel; juniper berries, neither crushed nor ground","Seeds of anise, badian, fennel, coriander, cumin, caraway or juniper"
090962,Vegetable Products,"Spices; seeds of anise, badian, caraway or fennel; juniper berries, crushed or ground","Seeds of anise, badian, fennel, coriander, cumin, caraway or juniper"
091011,Vegetable Products,"Spices; ginger, neither crushed nor ground","Ginger, saffron, tumeric (curcuma), thyme, bay leaves, curry and other spices"
091012,Vegetable Products,"Spices; ginger, crushed or ground","Ginger, saffron, tumeric (curcuma), thyme, bay leaves, curry and other spices"
091030,Vegetable Products,Spices; turmeric (curcuma),"Ginger, saffron, tumeric (curcuma), thyme, bay leaves, curry and other spices"
100111,Vegetable Products,"Cereals; wheat and meslin, durum wheat, seed",Wheat and meslin
100210,Vegetable Products,"Cereals; rye, seed",Rye
100290,Vegetable Products,"Cereals; rye, other than seed",Rye
100310,Vegetable Products,"Cereals; barley, seed",Barley
100410,Vegetable Products,"Cereals; oats, seeds",Oats
100490,Vegetable Products,"Cereals; oats, other than seed",Oats
100790,Vegetable Products,"Cereals; grain sorghum, other than seed",Grain sorghum
100810,Vegetable Products,Cereals; buckwheat,"Buckwheat, millet and canary seeds; other cereals"
100821,Vegetable Products,"Cereals; millet, seed","Buckwheat, millet and canary seeds; other cereals"
100829,Vegetable Products,"Cereals; millet, other than seed","Buckwheat, millet and canary seeds; other cereals"
100830,Vegetable Products,Cereals; canary seeds,"Buckwheat, millet and canary seeds; other cereals"
100840,Vegetable Products,Cereals; fonio (Digitaria spp.),"Buckwheat, millet and canary seeds; other cereals"
100850,Vegetable Products,Cereals; quinoa (Chenopodium quinoa),"Buckwheat, millet and canary seeds; other cereals"
100860,Vegetable Products,Cereals; triticale,"Buckwheat, millet and canary seeds; other cereals"
100890,Vegetable Products,Cereals; n.e.c. in chapter 10,"Buckwheat, millet and canary seeds; other cereals"
110510,Vegetable Products,"Flour, meal and powder; of potatoes","Flour, meal, powder, flakes, granules and pellets of potatoes"
110520,Vegetable Products,"Flakes, granules and pellets; of potatoes","Flour, meal, powder, flakes, granules and pellets of potatoes"
110610,Vegetable Products,"Flour, meal and powder; of the dried leguminous vegetables of heading no. 0713","Flour, meal and powder; of the dried leguminous vegetables of heading no. 0713, of sago or of roots or tubers of heading no. 0714 or of the products of chapter 8"
110720,Vegetable Products,Malt; roasted,Malt; whether or not roasted
110811,Vegetable Products,Starch; wheat,Starches; inulin
110812,Vegetable Products,Starch; maize (corn) starch,Starches; inulin
110813,Vegetable Products,Starch; potato,Starches; inulin
110814,Vegetable Products,Starch; manioc (cassava),Starches; inulin
110820,Vegetable Products,Inulin,Starches; inulin
110900,Vegetable Products,Wheat gluten; whether or not dried,Wheat gluten; whether or not dried
120110,Vegetable Products,"Soya beans; seed, whether or not broken","Soya beans, whether or not broken"
120190,Vegetable Products,"Soya beans; other than seed, whether or not broken","Soya beans, whether or not broken"
120230,Vegetable Products,"Ground-nuts; seed, not roasted or otherwise cooked, whether or not shelled or broken","Ground-nuts; not roasted or otherwise cooked, whether or not shelled or broken"
120241,Vegetable Products,"Ground-nuts; other than seed, not roasted or otherwise cooked, in shell","Ground-nuts; not roasted or otherwise cooked, whether or not shelled or broken"
120242,Vegetable Products,"Ground-nuts; other than seed, not roasted or otherwise cooked, shelled, whether or not broken,","Ground-nuts; not roasted or otherwise cooked, whether or not shelled or broken"
120300,Vegetable Products,Copra,Copra
120590,Vegetable Products,"Oil seeds; rape or colza seeds, other than low erucic, whether or not broken",Rape or colza seeds; whether or not broken
120710,Vegetable Products,"Oil seeds; palm nuts and kernels, whether or not broken","Oil seeds and oleaginous fruits, n.e.c. in chapter 12; whether or not broken"
120721,Vegetable Products,"Oil seeds; cotton seeds, seed, whether or not broken","Oil seeds and oleaginous fruits, n.e.c. in chapter 12; whether or not broken"
120729,Vegetable Products,"Oil seeds; cotton seeds, other than seed, whether or not broken","Oil seeds and oleaginous fruits, n.e.c. in chapter 12; whether or not broken"
120730,Vegetable Products,"Oil seeds; castor oil seeds, whether or not broken","Oil seeds and oleaginous fruits, n.e.c. in chapter 12; whether or not broken"
120760,Vegetable Products,"Oil seeds; safflower (Carthamus tinctorius) seeds, whether or not broken","Oil seeds and oleaginous fruits, n.e.c. in chapter 12; whether or not broken"
120810,Vegetable Products,Flours and meals; of soya beans,Flours and meals of oil seeds or oleaginous fruits; other than those of mustard
120910,Vegetable Products,"Seed; sugar beet seeds, of a kind used for sowing","Seeds, fruit and spores; of a kind used for sowing"
120921,Vegetable Products,"Seeds of forage plants; lucerne (alfalfa) seeds, of a kind used for sowing","Seeds, fruit and spores; of a kind used for sowing"
120924,Vegetable Products,"Seeds of forage plants; Kentucky blue grass (Poa pratensis L.) seeds, of a kind used for sowing","Seeds, fruit and spores; of a kind used for sowing"
120930,Vegetable Products,"Seeds of herbaceous plants; cultivated principally for their flowers, of a kind used for sowing","Seeds, fruit and spores; of a kind used for sowing"
121120,Vegetable Products,"Ginseng roots, of a kind used primarily in perfumery, in pharmacy or for insecticidal, fungicidal or similar purposes, fresh, chilled, frozen or dried, whether or not cut, crushed or powdered","Plants and parts of plants (including seeds and fruits), of a kind used primarily in perfumery, in pharmacy or for insecticidal, fungicidal or similar purposes, fresh, chilled, frozen or dried, whether or not cut, crushed or powdered"
121130,Vegetable Products,"Coca leaf; of a kind used primarily in perfumery, in pharmacy or for insecticidal, fungicidal or similar purposes, fresh, chilled, frozen or dried, whether or not cut, crushed or powdered","Plants and parts of plants (including seeds and fruits), of a kind used primarily in perfumery, in pharmacy or for insecticidal, fungicidal or similar purposes, fresh, chilled, frozen or dried, whether or not cut, crushed or powdered"
121140,Vegetable Products,"Poppy straw; of a kind used primarily in perfumery, in pharmacy or for insecticidal, fungicidal or similar purposes, fresh, chilled, frozen or dried, whether or not cut, crushed or powdered","Plants and parts of plants (including seeds and fruits), of a kind used primarily in perfumery, in pharmacy or for insecticidal, fungicidal or similar purposes, fresh, chilled, frozen or dried, whether or not cut, crushed or powdered"
121150,Vegetable Products,"Ephedra, of a kind used primarily in perfumery, in pharmacy or for insecticidal, fungicidal or similar purposes, fresh, chilled, frozen or dried, whether or not cut, crushed or powdered","Plants and parts of plants (including seeds and fruits), of a kind used primarily in perfumery, in pharmacy or for insecticidal, fungicidal or similar purposes, fresh, chilled, frozen or dried, whether or not cut, crushed or powdered"
121160,Vegetable Products,"Bark of African cherry (Prunus africana); of a kind used primarily in perfumery, in pharmacy or for insecticidal, fungicidal or similar purposes, fresh, chilled, frozen or dried, whether or not cut, crushed or powdered","Plants and parts of plants (including seeds and fruits), of a kind used primarily in perfumery, in pharmacy or for insecticidal, fungicidal or similar purposes, fresh, chilled, frozen or dried, whether or not cut, crushed or powdered"
121221,Vegetable Products,"Seaweeds and other algae; fit for human consumption, fresh, chilled, frozen or dried, whether or not ground","Locust beans, seaweeds and other algae, sugar beet, sugar cane, fresh, chilled, frozen or dried, whether or not ground; fruit stones, kernels and other vegetable products (including unroasted chicory roots) used primarily for human consumption, n.e.c."
121292,Vegetable Products,"Locust beans (carob); fit for human consumption, fresh, chilled, frozen or dried, whether or not ground","Locust beans, seaweeds and other algae, sugar beet, sugar cane, fresh, chilled, frozen or dried, whether or not ground; fruit stones, kernels and other vegetable products (including unroasted chicory roots) used primarily for human consumption, n.e.c."
121293,Vegetable Products,"Sugar cane; fit for human consumption, fresh, chilled, frozen or dried, whether or not ground","Locust beans, seaweeds and other algae, sugar beet, sugar cane, fresh, chilled, frozen or dried, whether or not ground; fruit stones, kernels and other vegetable products (including unroasted chicory roots) used primarily for human consumption, n.e.c."
121294,Vegetable Products,"Chicory roots (Chicorium intybus sativum); fit for human consumption, fresh, chilled, frozen or dried, whether or not ground","Locust beans, seaweeds and other algae, sugar beet, sugar cane, fresh, chilled, frozen or dried, whether or not ground; fruit stones, kernels and other vegetable products (including unroasted chicory roots) used primarily for human consumption, n.e.c."
121410,Vegetable Products,Lucerne (alfalfa) meal and pellets,"Swedes, mangolds, fodder roots, hay, lucerne (alfalfa), clover, sainfoin, forage kale, lupines, vetches and similar forage products, whether or not in the form of pellets"
130120,Vegetable Products,Gum Arabic,"Lac; natural gums, resins, gum-resins and oleoresins (for example, balsams)"
130190,Vegetable Products,"Natural gums, resins, gum-resins and oleoresins, n.e.c. in heading no. 1301","Lac; natural gums, resins, gum-resins and oleoresins (for example, balsams)"
130211,Vegetable Products,Vegetable saps and extracts; opium,"Vegetable saps and extracts; pectic substances, pectinates and pectates; agar-agar and other mucilages and thickeners, whether or not modified, derived from vegetable products"
130212,Vegetable Products,Vegetable saps and extracts; of liquorice,"Vegetable saps and extracts; pectic substances, pectinates and pectates; agar-agar and other mucilages and thickeners, whether or not modified, derived from vegetable products"
130214,Vegetable Products,Vegetable saps and extracts; of ephedra,"Vegetable saps and extracts; pectic substances, pectinates and pectates; agar-agar and other mucilages and thickeners, whether or not modified, derived from vegetable products"
130231,Vegetable Products,"Mucilages and thickeners; agar-agar, whether or not modified, derived from vegetable products","Vegetable saps and extracts; pectic substances, pectinates and pectates; agar-agar and other mucilages and thickeners, whether or not modified, derived from vegetable products"
130239,Vegetable Products,"Mucilages and thickeners; whether or not modified, derived from vegetable products, n.e.c. in item no. 1302.3","Vegetable saps and extracts; pectic substances, pectinates and pectates; agar-agar and other mucilages and thickeners, whether or not modified, derived from vegetable products"
140110,Vegetable Products,Bamboo used primarily for plaiting,"Vegetable materials of a kind used primarily for plaiting; (e.g. bamboos, rattans, reeds, rushes, osier, raffia, cleaned, bleached or dyed cereal straw and lime bark)"
140120,Vegetable Products,Rattans used primarily for plaiting,"Vegetable materials of a kind used primarily for plaiting; (e.g. bamboos, rattans, reeds, rushes, osier, raffia, cleaned, bleached or dyed cereal straw and lime bark)"
140190,Vegetable Products,Vegetable materials of a kind used primarily for plaiting; n.e.c. in heading no. 1401,"Vegetable materials of a kind used primarily for plaiting; (e.g. bamboos, rattans, reeds, rushes, osier, raffia, cleaned, bleached or dyed cereal straw and lime bark)"
140420,Vegetable Products,Vegetable products; cotton linters,Vegetable products not elsewhere specified or included
150190,Fats & Oils,Poultry fat; other than that of heading 0209 or 1503,"Pig fat (including lard) and poultry fat, other than that of heading 0209 or 1503"
150600,Fats & Oils,"Animal fats and oils and their fractions; whether or not refined, but not chemically modified, n.e.c. in chapter 15","Animal fats and oils and their fractions; whether or not refined, but not chemically modified, n.e.c. in chapter 15"
150940,Fats & Oils,"Vegetable oils; olive oil and its fractions, virgin olive oils n.e.c. in heading 1509, whether or not refined, but not chemically modified","Olive oil and its fractions; whether or not refined, but not chemically modified"
151010,Fats & Oils,"Vegetable oils; crude olive pomace oil and their fractions, obtained solely from olives, whether or not refined, but not chemically modified","Vegetable oils; oils and their fractions n.e.c. in chapter 15, obtained solely from olives, whether or not refined, but not chemically modified, including blends of these oils or fractions with oils or fractions of heading no. 1509"
151090,Fats & Oils,"Vegetable oils; oils and their fractions n.e.c. in heading 1510, obtained solely from olives, whether or not refined, but not chemically modified, including blends of these oils or fractions with oils or fractions of heading no. 1509","Vegetable oils; oils and their fractions n.e.c. in chapter 15, obtained solely from olives, whether or not refined, but not chemically modified, including blends of these oils or fractions with oils or fractions of heading no. 1509"
151511,Fats & Oils,"Vegetable oils; linseed oil and its fractions, crude, not chemically modified","Fixed vegetable or microbial fats and oils n.e.c. in chapter 15 (including jojoba oil) and their fractions, whether or not refined, but not chemically modified"
152000,Fats & Oils,"Glycerol, crude; glycerol waters and glycerol lyes","Glycerol, crude; glycerol waters and glycerol lyes"
152110,Fats & Oils,Vegetable waxes (other than triglycerides); whether or not refined or coloured,"Vegetable waxes (other than triglycerides), beeswax, other insect waxes and spermaceti; whether or not refined or coloured"
160210,Food,"Meat preparations; homogenised preparations of meat, meat offal blood or insects","Prepared or preserved meat, meat offal, blood or insects"
160417,Food,"Fish preparations; eels, prepared or preserved, whole or in pieces (but not minced)",Prepared or preserved fish; caviar and caviar substitutes prepared from fish eggs
160418,Food,"Fish preparations; shark fins, prepared or preserved, whole or in pieces (but not minced)",Prepared or preserved fish; caviar and caviar substitutes prepared from fish eggs
160431,Food,Fish preparations; caviar,Prepared or preserved fish; caviar and caviar substitutes prepared from fish eggs
160551,Food,"Mollusc preparations; oysters, prepared or preserved","Crustaceans, molluscs and other aquatic invertebrates, prepared or preserved"
160555,Food,"Mollusc preparations; octopus, prepared or preserved","Crustaceans, molluscs and other aquatic invertebrates, prepared or preserved"
160556,Food,"Mollusc preparations; clams, cockles and arkshells, prepared or preserved","Crustaceans, molluscs and other aquatic invertebrates, prepared or preserved"
160557,Food,"Mollusc preparations; abalone, prepared or preserved","Crustaceans, molluscs and other aquatic invertebrates, prepared or preserved"
160558,Food,"Mollusc preparations; snails, other than sea snails, prepared or preserved","Crustaceans, molluscs and other aquatic invertebrates, prepared or preserved"
160561,Food,"Aquatic invertebrates; sea cucumbers, prepared or preserved","Crustaceans, molluscs and other aquatic invertebrates, prepared or preserved"
160562,Food,"Aquatic invertebrates; sea urchins, prepared or preserved","Crustaceans, molluscs and other aquatic invertebrates, prepared or preserved"
160563,Food,"Aquatic invertebrates; jellyfish, prepared or preserved","Crustaceans, molluscs and other aquatic invertebrates, prepared or preserved"
160569,Food,"Aquatic invertebrates; other than crustaceans, molluscs, sea cucumbers, sea urchins, and jellyfish, prepared or preserved","Crustaceans, molluscs and other aquatic invertebrates, prepared or preserved"
170191,Food,"Sugars; sucrose, chemically pure, in solid form, containing added flavouring or colouring matter","Cane or beet sugar and chemically pure sucrose, in solid form"
170211,Food,"Sugars; lactose and lactose syrup, containing by weight 99% or more lactose, expressed as anhydrous lactose, calculated on the dry matter","Sugars, including lactose, maltose, glucose or fructose in solid form; sugar syrups without added flavouring or colouring matter; artificial honey, whether or not mixed with natural honey; caramel"
170219,Food,"Sugars; lactose and lactose syrup, containing by weight less than 99% lactose, expressed as anhydrous lactose, calculated on the dry matter","Sugars, including lactose, maltose, glucose or fructose in solid form; sugar syrups without added flavouring or colouring matter; artificial honey, whether or not mixed with natural honey; caramel"
170250,Food,"Sugars; fructose, chemically pure, in solid form","Sugars, including lactose, maltose, glucose or fructose in solid form; sugar syrups without added flavouring or colouring matter; artificial honey, whether or not mixed with natural honey; caramel"
170310,Food,"Sugars; molasses, from sugar cane, resulting from the extraction or refining of sugar",Molasses; resulting from the extraction or refining of sugar
170390,Food,"Sugars; molasses, from sugar beet, resulting from the extraction or refining of sugar",Molasses; resulting from the extraction or refining of sugar
180100,Food,"Cocoa beans; whole or broken, raw or roasted","Cocoa beans; whole or broken, raw or roasted"
180200,Food,"Cocoa; shells, husks, skins and other cocoa waste","Cocoa; shells, husks, skins and other cocoa waste"
180310,Food,"Cocoa; paste, not defatted",Cocoa; paste; whether or not defatted
180320,Food,"Cocoa; paste, wholly or partly defatted",Cocoa; paste; whether or not defatted
180400,Food,"Cocoa; butter, fat and oil","Cocoa; butter, fat and oil"
180500,Food,"Cocoa; powder, not containing added sugar or other sweetening matter","Cocoa; powder, not containing added sugar or other sweetening matter"
180631,Food,"Chocolate and other food preparations containing cocoa; in blocks, slabs or bars, filled, weighing 2kg or less",Chocolate and other food preparations containing cocoa
190110,Food,"Food preparations; of flour, meal, starch, malt extract or milk products, suitable for infants or young children, put up for retail sale","Malt extract; flour/groats/meal/starch/malt extract products, no cocoa (or less than 40% by weight) and food preparations of goods of headings 04.01 to 04.04, no cocoa (or less than 5% by weight), weights calculated on a totally defatted basis, n.e.c."
190120,Food,"Food preparations; mixes and doughs for the preparation of bread, pastry, cakes, biscuits and other bakers' wares","Malt extract; flour/groats/meal/starch/malt extract products, no cocoa (or less than 40% by weight) and food preparations of goods of headings 04.01 to 04.04, no cocoa (or less than 5% by weight), weights calculated on a totally defatted basis, n.e.c."
190300,Food,"Food preparations; tapioca and substitutes thereof, prepared from starch in the form of flakes, grains, pearls, siftings or similar","Tapioca and substitutes therefor prepared from starch; in the form of flakes, grains, pearls, siftings or similar forms"
190430,Food,"Prepared foods obtained by the swelling or roasting of cereals or cereal products (e.g. corn flakes); cereals, not maize (corn), in grain form or in the form of flakes or other worked grains, from bulgur wheat","Prepared foods obtained by swelling or roasting cereals or cereal products (e.g. corn flakes); cereals (other than maize (corn)) in grain form or in the form of flakes or other worked grains (not flour and meal), pre-cooked or otherwise prepared, n.e.c."
190510,Food,"Food preparations; crispbread, whether or not containing cocoa","Bread, pastry, cakes, biscuits, other bakers' wares, whether or not containing cocoa; communion wafers, empty cachets suitable for pharmaceutical use, sealing wafers, rice paper and similar products"
200540,Food,"Vegetable preparations; peas (pisum sativum), prepared or preserved otherwise than by vinegar or acetic acid, not frozen","Vegetables preparations n.e.c.; prepared or preserved otherwise than by vinegar or acetic acid, not frozen, other than products of heading no. 2006"
200551,Food,"Vegetable preparations; beans, shelled, prepared or preserved otherwise than by vinegar or acetic acid, not frozen","Vegetables preparations n.e.c.; prepared or preserved otherwise than by vinegar or acetic acid, not frozen, other than products of heading no. 2006"
200559,Food,"Vegetable preparations; beans, (not shelled), prepared or preserved otherwise than by vinegar or acetic acid, not frozen","Vegetables preparations n.e.c.; prepared or preserved otherwise than by vinegar or acetic acid, not frozen, other than products of heading no. 2006"
200560,Food,"Vegetable preparations; asparagus, prepared or preserved otherwise than by vinegar or acetic acid, not frozen","Vegetables preparations n.e.c.; prepared or preserved otherwise than by vinegar or acetic acid, not frozen, other than products of heading no. 2006"
200570,Food,"Vegetable preparations; olives, prepared or preserved otherwise than by vinegar or acetic acid, not frozen","Vegetables preparations n.e.c.; prepared or preserved otherwise than by vinegar or acetic acid, not frozen, other than products of heading no. 2006"
200891,Food,"Fruit, palm hearts; prepared or preserved, whether or not containing added sugar, other sweetening matter or spirit","Fruit, nuts and other edible parts of plants; prepared or preserved in ways n.e.c., whether or not containing added sugar or other sweetening matter or spirit, not elsewhere specified or included"
210111,Food,"Extracts, essences and concentrates; of coffee, and preparations with a basis of these extracts, essences or concentrates or with a basis of coffee","Extracts, essences, concentrates of coffee, tea or mate; preparations with a basis of these products or with a basis of coffee, tea or mate; roasted chicory and other roasted coffee substitutes and extracts, essences and concentrates thereof"
210230,Food,Baking powders; prepared,"Yeasts (active or inactive); other single-cell micro-organisms, dead (but not including vaccines of heading no. 3002); prepared baking powders"
210310,Food,Sauces; soya,"Sauces and preparations therefor; mixed condiments and mixed seasonings, mustard flour and meal and prepared mustard"
210320,Food,Sauces; tomato ketchup and other tomato sauces,"Sauces and preparations therefor; mixed condiments and mixed seasonings, mustard flour and meal and prepared mustard"
220190,Food,"Waters; other than mineral and aerated, (not containing added sugar or other sweetening matter nor flavoured), ice and snow","Waters, including natural or artificial mineral waters and aerated waters, not containing added sugar or other sweetening matter nor flavoured; ice and snow"
220210,Food,"Waters; including mineral and aerated, containing added sugar or other sweetening matter or flavoured","Waters, including mineral and aerated waters, containing added sugar or sweetening matter, flavoured; other non-alcoholic beverages, not including fruit, nut or vegetable juices of heading no. 2009"
230110,Food,"Flours, meals and pellets; of meat or meat offal, greaves","Flours, meal and pellets, of meat or meat offal, of fish or of crustaceans, molluscs or other aquatic invertebrates, unfit for human consumption; greaves"
230120,Food,"Flours, meals and pellets; of fish or of crustaceans, molluscs or other aquatic invertebrates","Flours, meal and pellets, of meat or meat offal, of fish or of crustaceans, molluscs or other aquatic invertebrates, unfit for human consumption; greaves"
230250,Food,"Bran, sharps and other residues; of leguminous plants, whether or not in the form of pellets, derived from the sifting, milling or other workings thereof","Bran, sharps and other residues; whether or not in the form of pellets derived from the sifting, milling or other working of cereals or of leguminous plants"
230330,Food,Brewing or distilling dregs and waste; whether or not in the form of pellets,"Residues of starch manufacture, similar residues; beet-pulp, bagasse and other waste of sugar manufacture, brewing or distilling dregs and waste, whether or not in the form of pellets"
230400,Food,"Oil-cake and other solid residues; whether or not ground or in the form of pellets, resulting from the extraction of soya-bean oil","Oil-cake and other solid residues; whether or not ground or in the form of pellets, resulting from the extraction of soya-bean oil"
230500,Food,"Oil-cake and other solid residues; whether or not ground or in the form of pellets, resulting from the extraction of ground-nut oil","Oil-cake and other solid residues; whether or not ground or in the form of pellets, resulting from the extraction of ground-nut oil"
230610,Food,"Oil-cake and other solid residues; whether or not ground or in the form of pellets, resulting from the extraction of cotton seed oils","Oil-cake and other solid residues; whether or not ground or in the form of pellets, resulting from the extraction of vegetable or microbial fats or oils, other than those of heading no. 2304 or 2305"
230620,Food,"Oil-cake and other solid residues; whether or not ground or in the form of pellets, resulting from the extraction of linseed oils","Oil-cake and other solid residues; whether or not ground or in the form of pellets, resulting from the extraction of vegetable or microbial fats or oils, other than those of heading no. 2304 or 2305"
230630,Food,"Oil-cake and other solid residues; whether or not ground or in the form of pellets, resulting from the extraction of sunflower seed oils","Oil-cake and other solid residues; whether or not ground or in the form of pellets, resulting from the extraction of vegetable or microbial fats or oils, other than those of heading no. 2304 or 2305"
230641,Food,"Oil-cake and other solid residues; whether or not ground or in the form of pellets, resulting from the extraction of low erucic acid rape or colza seed oils","Oil-cake and other solid residues; whether or not ground or in the form of pellets, resulting from the extraction of vegetable or microbial fats or oils, other than those of heading no. 2304 or 2305"
230649,Food,"Oil-cake and other solid residues; whether or not ground or in the form of pellets, resulting from the extraction of rape seed oils (other than low erucic acid rape or colza)","Oil-cake and other solid residues; whether or not ground or in the form of pellets, resulting from the extraction of vegetable or microbial fats or oils, other than those of heading no. 2304 or 2305"
230650,Food,"Oil-cake and other solid residues; whether or not ground or in the form of pellets, resulting from the extraction of coconut or copra seed oils","Oil-cake and other solid residues; whether or not ground or in the form of pellets, resulting from the extraction of vegetable or microbial fats or oils, other than those of heading no. 2304 or 2305"
230660,Food,"Oil-cake and other solid residues; whether or not ground or in the form of pellets, resulting from the extraction of palm nuts or kernels oils","Oil-cake and other solid residues; whether or not ground or in the form of pellets, resulting from the extraction of vegetable or microbial fats or oils, other than those of heading no. 2304 or 2305"
240130,Food,Tobacco refuse,"Tobacco, unmanufactured; tobacco refuse"
240210,Food,"Cigars, cheroots and cigarillos; containing tobacco including the weight of every band, wrapper or attachment thereto","Cigars, cheroots, cigarillos and cigarettes; of tobacco or of tobacco substitutes"
240290,Food,"Cigars, cigarillos and cheroots; containing tobacco substitutes including the weight of every band, wrapper or attachment thereto","Cigars, cheroots, cigarillos and cigarettes; of tobacco or of tobacco substitutes"
240311,Food,"Tobacco; smoking, water pipe tobacco as specified in Subheading Note 1 to this Chapter, whether or not containing tobacco substitutes in any proportion",Manufactured tobacco and manufactured tobacco substitutes n.e.c; homogenised or reconstituted tobacco; tobacco extracts and essences
240391,Food,Tobacco; homogenised or reconstituted,Manufactured tobacco and manufactured tobacco substitutes n.e.c; homogenised or reconstituted tobacco; tobacco extracts and essences
240492,Food,"Products n.e.c. in heading 2404, intended for the intake of nicotine into the human body, for transdermal application","Products containing tobacco, reconstituted tobacco, nicotine, or tobacco or nicotine substitutes, intended for inhalation without combustion; other nicotine containing products intended for the intake of nicotine into the human body"
240499,Food,"Products n.e.c. in heading 2404, intended for the intake of nicotine into the human body, by ways other than inhalation, and other than oral or transdermal application","Products containing tobacco, reconstituted tobacco, nicotine, or tobacco or nicotine substitutes, intended for inhalation without combustion; other nicotine containing products intended for the intake of nicotine into the human body"
250200,Minerals,Iron pyrites; unroasted,Iron pyrites; unroasted
250410,Minerals,"Graphite; natural, in powder or in flakes",Graphite; natural
250490,Minerals,"Graphite; natural, in other forms, excluding powder or flakes",Graphite; natural
250510,Minerals,"Sands; natural, silica and quartz sands, whether or not coloured","Sands of all kinds; natural, whether or not coloured, other than metal-bearing sands of chapter 26"
250590,Minerals,"Sands; natural, (other than silica and quartz sands), whether or not coloured, (other than metal-bearing sands of chapter 26)","Sands of all kinds; natural, whether or not coloured, other than metal-bearing sands of chapter 26"
250610,Minerals,Quartz; other than natural sands,"Quartz; (other than natural sands), quartzite, whether or not roughly trimmed or merely cut, by sawing or otherwise, into blocks or slabs of a rectangular (including square) shape"
250620,Minerals,"Quartzite; whether or not roughly trimmed or merely cut, by sawing or otherwise, into blocks or slabs of a rectangular (including square) shape","Quartz; (other than natural sands), quartzite, whether or not roughly trimmed or merely cut, by sawing or otherwise, into blocks or slabs of a rectangular (including square) shape"
250810,Minerals,"Clays (excluding expanded clays of heading no. 6806); bentonite, whether or not calcined","Clays; (not including expanded clays of heading no. 6806), andalusite kyanite and sillimanite, whether or not calcined; mullite; chamotte or dinas earth"
250830,Minerals,"Clays (excluding expanded clays of heading no. 6806); fireclay, whether or not calcined","Clays; (not including expanded clays of heading no. 6806), andalusite kyanite and sillimanite, whether or not calcined; mullite; chamotte or dinas earth"
250840,Minerals,"Clays (excluding expanded clays of heading no. 6806); n.e.c. in heading no. 2508, whether or not calcined","Clays; (not including expanded clays of heading no. 6806), andalusite kyanite and sillimanite, whether or not calcined; mullite; chamotte or dinas earth"
250850,Minerals,"Clays (excluding expanded clays of heading no. 6806); andalusite, kyanite and sillimanite, whether or not calcined","Clays; (not including expanded clays of heading no. 6806), andalusite kyanite and sillimanite, whether or not calcined; mullite; chamotte or dinas earth"
250860,Minerals,Clays (excluding expanded clays of heading no. 6806); mullite,"Clays; (not including expanded clays of heading no. 6806), andalusite kyanite and sillimanite, whether or not calcined; mullite; chamotte or dinas earth"
250870,Minerals,Clays (excluding expanded clays of heading no. 6806); chamotte or dinas earths,"Clays; (not including expanded clays of heading no. 6806), andalusite kyanite and sillimanite, whether or not calcined; mullite; chamotte or dinas earth"
250900,Minerals,Chalk,Chalk
251010,Minerals,"Natural calcium phosphates, natural aluminium calcium phosphates and phosphatic chalk; unground",Natural calcium phosphates; natural aluminium calcium phosphates and phosphatic chalk
251020,Minerals,"Natural calcium phosphates, natural aluminium calcium phosphates and phosphatic chalk; ground",Natural calcium phosphates; natural aluminium calcium phosphates and phosphatic chalk
251110,Minerals,Barium sulphate (barytes); natural,"Natural barium sulphate (barytes); natural barium carbonate, (witherite) whether or not calcined, other than barium oxide of heading no. 2816"
251120,Minerals,"Barium carbonate (witherite); natural, whether or not calcined, other than barium oxide of heading no. 2816","Natural barium sulphate (barytes); natural barium carbonate, (witherite) whether or not calcined, other than barium oxide of heading no. 2816"
251200,Minerals,"Siliceous fossil meals (e.g. kieselguhr, tripolite and diatomite) and similar siliceous earths; whether or not calcined, of an apparent specific gravity of 1 or less","Siliceous fossil meals (e.g. kieselguhr, tripolite and diatomite) and similar siliceous earths; whether or not calcined, of an apparent specific gravity of 1 or less"
251310,Minerals,"Pumice stone, whether or not heat treated","Pumice stone; emery; natural corundum, natural garnet and other natural abrasives, whether or not heat treated"
251320,Minerals,"Emery, natural corundum, natural garnet and other natural abrasives, whether or not heat-treated","Pumice stone; emery; natural corundum, natural garnet and other natural abrasives, whether or not heat treated"
251400,Minerals,"Slate; whether or not roughly trimmed or merely cut, by sawing or otherwise, into blocks or slabs of a rectangular (including square) shape","Slate, whether or not roughly trimmed or merely cut, by sawing or otherwise, into blocks or slabs of a rectangular (including square) shape"
251511,Minerals,"Marble and travertine; having a specific gravity of 2.5 or more, crude or roughly trimmed by sawing or otherwise, into blocks or slabs of a rectangular (including square) shape","Marble, travertine, ecaussine and other calcareous stone; of an apparent specific gravity of less than 2.5, alabaster, whether cut by sawing etc, into blocks, slabs of a rectangular (square) shape"
251512,Minerals,"Marble and travertine; merely cut, by sawing or otherwise, into blocks or slabs of a rectangular (including square) shape, having a specific gravity of 2.5 or more","Marble, travertine, ecaussine and other calcareous stone; of an apparent specific gravity of less than 2.5, alabaster, whether cut by sawing etc, into blocks, slabs of a rectangular (square) shape"
251520,Minerals,"Ecaussine and other calcareous monumental or building stone; alabaster, having a specific gravity of 2.5 or more","Marble, travertine, ecaussine and other calcareous stone; of an apparent specific gravity of less than 2.5, alabaster, whether cut by sawing etc, into blocks, slabs of a rectangular (square) shape"
251611,Minerals,Granite; crude or roughly trimmed,"Granite, porphyry, basalt, sandstone, other monumental and building stone, whether or not roughly trimmed, cut, by sawing etc, into blocks or slabs of a rectangular (including square) shape"
251612,Minerals,"Granite; merely cut, by sawing or otherwise, into blocks or slabs of a rectangular (including square) shape","Granite, porphyry, basalt, sandstone, other monumental and building stone, whether or not roughly trimmed, cut, by sawing etc, into blocks or slabs of a rectangular (including square) shape"
251620,Minerals,"Sandstone;. whether or not roughly trimmed, cut, by sawing etc, into blocks or slabs of a rectangular (including square) shape","Granite, porphyry, basalt, sandstone, other monumental and building stone, whether or not roughly trimmed, cut, by sawing etc, into blocks or slabs of a rectangular (including square) shape"
251690,Minerals,"Monumental or building stone; n.e.c. in heading no. 2516, whether or not roughly trimmed or merely cut, by sawing or otherwise, into blocks or slabs of a rectangular (including square) shape","Granite, porphyry, basalt, sandstone, other monumental and building stone, whether or not roughly trimmed, cut, by sawing etc, into blocks or slabs of a rectangular (including square) shape"
251720,Minerals,"Macadam of slag, dross or similar industrial waste; whether or not incorporating the materials in Tariff item 2517.10.00","Pebbles, gravel, crushed stone for concrete aggregates for road or railway ballast, shingle or flint; macadam of slag, dross etc tarred granules, chippings, powder of stones of heading no. 2515 and 2516"
251730,Minerals,Tarred macadam,"Pebbles, gravel, crushed stone for concrete aggregates for road or railway ballast, shingle or flint; macadam of slag, dross etc tarred granules, chippings, powder of stones of heading no. 2515 and 2516"
251741,Minerals,"Stones; of marble, in granules, chippings and powder, whether or not heat-treated","Pebbles, gravel, crushed stone for concrete aggregates for road or railway ballast, shingle or flint; macadam of slag, dross etc tarred granules, chippings, powder of stones of heading no. 2515 and 2516"
251749,Minerals,"Stones; of heading no. 2515 or 2516 (excluding marble), in granules, chippings and powder, whether or not heat-treated","Pebbles, gravel, crushed stone for concrete aggregates for road or railway ballast, shingle or flint; macadam of slag, dross etc tarred granules, chippings, powder of stones of heading no. 2515 and 2516"
251810,Minerals,"Dolomite, not calcined or sintered; including dolomite roughly trimmed, or merely cut by sawing or otherwise into blocks or slabs of rectangular (including square) shape","Dolomite, whether or not calcined or sintered, including dolomite roughly trimmed or merely cut, by sawing or otherwise, into blocks or slabs of a rectangular (including square) shape"
251820,Minerals,"Dolomite, calcined or sintered; including dolomite roughly trimmed, or merely cut by sawing or otherwise into blocks or slabs of rectangular (including square) shape","Dolomite, whether or not calcined or sintered, including dolomite roughly trimmed or merely cut, by sawing or otherwise, into blocks or slabs of a rectangular (including square) shape"
251910,Minerals,Magnesium carbonate (magnesite); natural,"Natural magnesium carbonate (magnesite); fused magnesia; dead-burned (sintered) magnesia, whether or not containing small quantities of other oxides added before sintering; magnesium oxide, pure or not"
252010,Minerals,Gypsum; anhydrite,"Gypsum; anhydrite; plasters (consisting of calcined gypsum or calcium sulphate), coloured or not, with or without small quantities of accelerators or retarders"
252020,Minerals,"Plasters; (consisting of calcined gypsum or calcium sulphate), whether or not coloured, with or without small quantities of accelerators or retarders","Gypsum; anhydrite; plasters (consisting of calcined gypsum or calcium sulphate), coloured or not, with or without small quantities of accelerators or retarders"
252100,Minerals,"Limestone flux; limestone and other calcareous stone, of a kind used for the manufacture of lime or cement","Limestone flux; limestone and other calcareous stone, of a kind used for the manufacture of lime or cement"
252210,Minerals,Quicklime; excluding calcium oxide and hydroxide of heading no. 2825,"Quicklime, slaked lime and hydraulic lime; other than calcium oxide and hydroxide of heading no. 2825"
252220,Minerals,Slaked lime; excluding calcium oxide and hydroxide of heading no. 2825,"Quicklime, slaked lime and hydraulic lime; other than calcium oxide and hydroxide of heading no. 2825"
252230,Minerals,Hydraulic lime; excluding calcium oxide and hydroxide of heading no. 2825,"Quicklime, slaked lime and hydraulic lime; other than calcium oxide and hydroxide of heading no. 2825"
252321,Minerals,"Cement; portland, white, whether or not artificially coloured","Portland cement, aluminous cement (ciment fondu), slag cement, supersulphate cement and similar hydraulic cements, whether or not coloured or in the form of clinkers"
252329,Minerals,"Cement; portland, other than white, whether or not artificially coloured","Portland cement, aluminous cement (ciment fondu), slag cement, supersulphate cement and similar hydraulic cements, whether or not coloured or in the form of clinkers"
252330,Minerals,"Cement; aluminous (ciment fondu), whether or not coloured or in the form of clinkers","Portland cement, aluminous cement (ciment fondu), slag cement, supersulphate cement and similar hydraulic cements, whether or not coloured or in the form of clinkers"
252410,Minerals,Asbestos; crocidolite (blue asbestos),Asbestos
252490,Minerals,Asbestos; other than crocidolite (blue asbestos),Asbestos
252510,Minerals,Mica; crude and rifted into sheets or splittings,"Mica, including splittings; mica waste"
252520,Minerals,Mica; powder,"Mica, including splittings; mica waste"
252530,Minerals,Mica; waste,"Mica, including splittings; mica waste"
252610,Minerals,"Steatite; natural, (not crushed or powdered), whether or not roughly trimmed or merely cut, by sawing or otherwise, into blocks or slabs of a rectangular (including square) shape; talc","Natural steatite; whether or not roughly trimmed or merely cut, by sawing or otherwise, into blocks or slabs of a rectangular (including square) shape; talc"
252620,Minerals,"Steatite; natural, crushed, powdered, whether or not roughly trimmed or merely cut, by sawing or otherwise, into blocks or slabs of a rectangular (including square) shape; talc","Natural steatite; whether or not roughly trimmed or merely cut, by sawing or otherwise, into blocks or slabs of a rectangular (including square) shape; talc"
252800,Minerals,"Natural borates and concentrates thereof (whether or not calcined), but not including borates separated from natural brine; natural boric acid containing not more than 85 % of H3BO3 calculated on the dry weight","Natural borates and concentrates thereof (whether or not calcined), but not including borates separated from natural brine; natural boric acid containing not more than 85 % of H3BO3 calculated on the dry weight"
252910,Minerals,Feldspar,Feldspar; leucite; nepheline and nepheline syenite; fluorspar
252921,Minerals,Fluorspar; containing by weight 97% or less of calcium fluoride,Feldspar; leucite; nepheline and nepheline syenite; fluorspar
252922,Minerals,Fluorspar; containing by weight more than 97% of calcium fluoride,Feldspar; leucite; nepheline and nepheline syenite; fluorspar
252930,Minerals,Leucite; nepheline and nepheline syenite,Feldspar; leucite; nepheline and nepheline syenite; fluorspar
253010,Minerals,"Vermiculite, perlite and chlorites; unexpanded",Mineral substances not elsewhere specified or included
253020,Minerals,"Kieserite, epsomite (natural magnesium sulphates)",Mineral substances not elsewhere specified or included
260111,Minerals,Iron ores and concentrates; non-agglomerated,Iron ores and concentrates; including roasted iron pyrites
260112,Minerals,Iron ores and concentrates; agglomerated (excluding roasted iron pyrites),Iron ores and concentrates; including roasted iron pyrites
260120,Minerals,Iron pyrites; roasted,Iron ores and concentrates; including roasted iron pyrites
260200,Minerals,"Manganese ores and concentrates, including ferruginous manganese ores and concentrates with a manganese content of 20% or more, calculated on the dry weight","Manganese ores and concentrates, including ferruginous manganese ores and concentrates with a manganese content of 20% or more, calculated on the dry weight"
260300,Minerals,Copper ores and concentrates,Copper ores and concentrates
260400,Minerals,Nickel ores and concentrates,Nickel ores and concentrates
260500,Minerals,Cobalt ores and concentrates,Cobalt ores and concentrates
260600,Minerals,Aluminium ores and concentrates,Aluminium ores and concentrates
260700,Minerals,Lead ores and concentrates,Lead ores and concentrates
260800,Minerals,Zinc ores and concentrates,Zinc ores and concentrates
260900,Minerals,Tin ores and concentrates,Tin ores and concentrates
261000,Minerals,Chromium ores and concentrates,Chromium ores and concentrates
261100,Minerals,Tungsten ores and concentrates,Tungsten ores and concentrates
261310,Minerals,Molybdenum ores and concentrates; roasted,Molybdenum ores and concentrates
261390,Minerals,Molybdenum ores and concentrates; other than roasted,Molybdenum ores and concentrates
261400,Minerals,Titanium ores and concentrates,Titanium ores and concentrates
261510,Minerals,Zirconium ores and concentrates,"Niobium, tantalum, vanadium or zirconium ores and concentrates"
261610,Minerals,Silver ores and concentrates,Precious metal ores and concentrates
261710,Minerals,Antimony ores and concentrates,Ores and concentrates; n.e.c. in heading no. 2601
261790,Minerals,Ores and concentrates n.e.c. in chapter 26; other than antimony,Ores and concentrates; n.e.c. in heading no. 2601
261800,Minerals,"Slag, granulated (slag sand); from the manufacture or iron or steel",Granulated slag (slag sand) from the manufacture of iron or steel
262011,Minerals,"Slag, ash and residues; (not from the manufacture of iron or steel), containing mainly zinc, hard zinc spelter","Slag, ash and residues; (not from the manufacture of iron or steel) containing metals, arsenic or their compounds"
262019,Minerals,"Slag, ash and residues; (not from the manufacture of iron or steel), containing mainly zinc, other than hard zinc spelter","Slag, ash and residues; (not from the manufacture of iron or steel) containing metals, arsenic or their compounds"
262021,Minerals,"Slag, ash and residues; (not from the manufacture of iron or steel), containing mainly lead; leaded gasoline sludges and leaded anti-knock compound sludges","Slag, ash and residues; (not from the manufacture of iron or steel) containing metals, arsenic or their compounds"
262029,Minerals,"Slag, ash and residues; (not from the manufacture of iron or steel), containing mainly lead; excluding leaded gasoline sludges and leaded anti-knock compound sludges","Slag, ash and residues; (not from the manufacture of iron or steel) containing metals, arsenic or their compounds"
262030,Minerals,"Slag, ash and residues; (not from the manufacture of iron or steel), containing mainly copper","Slag, ash and residues; (not from the manufacture of iron or steel) containing metals, arsenic or their compounds"
262040,Minerals,"Slag, ash and residues; (not from the manufacture of iron or steel), containing mainly aluminium","Slag, ash and residues; (not from the manufacture of iron or steel) containing metals, arsenic or their compounds"
262060,Minerals,"Slag, ash and residues; (not from the manufacture of iron or steel), containing arsenic, mercury, thallium or their mixtures, of a kind used for the extraction of arsenic or those metals or for the manufacture of their chemical compounds","Slag, ash and residues; (not from the manufacture of iron or steel) containing metals, arsenic or their compounds"
262091,Minerals,"Slag, ash and residues; (not from the manufacture of iron or steel), containing antimony, beryllium, cadmium, chromium or their mixtures","Slag, ash and residues; (not from the manufacture of iron or steel) containing metals, arsenic or their compounds"
262110,Minerals,Slag and ash; ash and residues from the incineration of municipal waste,Slag and ash n.e.c. in chapter 26; including seaweed ash (kelp) and ash and residues from the incineration of municipal waste
262190,Minerals,Slag and ash n.e.c. in chapter 26; including seaweed ash (kelp) but excluding ash and residues from the incineration of municipal waste,Slag and ash n.e.c. in chapter 26; including seaweed ash (kelp) and ash and residues from the incineration of municipal waste
270111,Minerals,"Coal; anthracite, whether or not pulverised, but not agglomerated","Coal; briquettes, ovoids and similar solid fuels manufactured from coal"
270119,Minerals,"Coal; (other than anthracite and bituminous), whether or not pulverised but not agglomerated","Coal; briquettes, ovoids and similar solid fuels manufactured from coal"
270120,Minerals,"Briquettes, ovoids and similar solid fuels; manufactured from coal","Coal; briquettes, ovoids and similar solid fuels manufactured from coal"
270210,Minerals,"Lignite; whether or not pulverised, but not agglomerated, excluding jet","Lignite; whether or not agglomerated, excluding jet"
270220,Minerals,"Lignite; agglomerated, excluding jet","Lignite; whether or not agglomerated, excluding jet"
270300,Minerals,"Peat; (including peat litter), whether or not agglomerated","Peat; (including peat litter), whether or not agglomerated"
270500,Minerals,"Gases; coal, water, producer and similar gases (excluding petroleum and other gaseous hydrocarbons)","Coal gas, water gas, producer gas and similar gases, other than petroleum gases and other gaseous hydrocarbons"
270600,Minerals,"Tar; distilled from coal, lignite or peat, and other mineral tars, whether or not dehydrated or partially distilled, including reconstituted tars","Tar distilled from coal, from lignite, peat and other mineral tars, whether or not dehydrated or partially distilled; including reconstituted tars"
270740,Minerals,Oils and products of the distillation of high temperature coal tar; naphthalene,Oils and other products of the distillation of high temperature coal tar; similar products in which the weight of the aromatic constituents exceeds that of the non-aromatic constituents
270791,Minerals,Oils and other products of the distillation of high temperature coal tar; creosote oils,Oils and other products of the distillation of high temperature coal tar; similar products in which the weight of the aromatic constituents exceeds that of the non-aromatic constituents
270820,Minerals,Pitch coke; obtained from coal tar or from other mineral tars,Pitch and pitch coke; obtained from coal tar or from other mineral tars
271111,Minerals,"Petroleum gases and other gaseous hydrocarbons; liquefied, natural gas",Petroleum gases and other gaseous hydrocarbons
271114,Minerals,"Petroleum gases and other gaseous hydrocarbons; liquefied, ethylene, propylene, butylene and butadiene",Petroleum gases and other gaseous hydrocarbons
271119,Minerals,"Petroleum gases and other gaseous hydrocarbons; liquefied, n.e.c. in heading no. 2711",Petroleum gases and other gaseous hydrocarbons
271121,Minerals,"Petroleum gases and other gaseous hydrocarbons; in gaseous state, natural gas",Petroleum gases and other gaseous hydrocarbons
271129,Minerals,"Petroleum gases and other gaseous hydrocarbons; in gaseous state, other than natural gas",Petroleum gases and other gaseous hydrocarbons
271311,Minerals,"Petroleum coke; (not calcined), obtained from bituminous minerals","Petroleum coke, petroleum bitumen; other residues of petroleum oils or oils obtained from bituminous minerals"
271312,Minerals,"Petroleum coke; calcined, obtained from bituminous minerals","Petroleum coke, petroleum bitumen; other residues of petroleum oils or oils obtained from bituminous minerals"
271320,Minerals,Petroleum bitumen; obtained from bituminous minerals,"Petroleum coke, petroleum bitumen; other residues of petroleum oils or oils obtained from bituminous minerals"
271410,Minerals,Bituminous or oil shale and tar sands,"Bitumen and asphalt, natural; bituminous or oil shale and tar sands; asphaltites and asphaltic rocks"
271490,Minerals,"Bitumen and asphalt, natural; asphaltites and asphaltic rock","Bitumen and asphalt, natural; bituminous or oil shale and tar sands; asphaltites and asphaltic rocks"
271500,Minerals,"Bituminous mixtures based on natural asphalt, on natural bitumen, on petroleum bitumen, on mineral tar or on mineral tar pitch (e.g. bituminous mastics, cut-backs)","Bituminous mixtures based on natural asphalt; on natural bitumen, on petroleum bitumen, on mineral tar or on mineral tar pitch (e.g. bituminous mastics, cut-backs)"
271600,Minerals,Electrical energy,Electrical energy
280110,Chemicals,Chlorine,"Fluorine, chlorine, bromine and iodine"
280120,Chemicals,Iodine,"Fluorine, chlorine, bromine and iodine"
280200,Chemicals,"Sulphur; sublimed or precipitated, colloidal sulphur","Sulphur; sublimed or precipitated, colloidal sulphur"
280300,Chemicals,Carbon; carbon blacks and other forms of carbon n.e.c.,Carbon; carbon blacks and other forms of carbon n.e.c.
280410,Chemicals,Hydrogen,"Hydrogen, rare gases and other non-metals"
280421,Chemicals,"Gases, rare; argon","Hydrogen, rare gases and other non-metals"
280430,Chemicals,Nitrogen,"Hydrogen, rare gases and other non-metals"
280440,Chemicals,Oxygen,"Hydrogen, rare gases and other non-metals"
280461,Chemicals,Silicon; containing by weight not less than 99.99% of silicon,"Hydrogen, rare gases and other non-metals"
280480,Chemicals,Arsenic,"Hydrogen, rare gases and other non-metals"
280490,Chemicals,Selenium,"Hydrogen, rare gases and other non-metals"
280511,Chemicals,Alkali or alkali-earth metals; sodium,"Alkali or alkaline-earth metals; rare-earth metals, scandium and yttrium, whether or not intermixed or interalloyed; mercury"
280610,Chemicals,Hydrogen chloride (hydrochloric acid),Hydrogen chloride (hydrochloric acid); chlorosulphuric acid
280620,Chemicals,Chlorosulphuric acid,Hydrogen chloride (hydrochloric acid); chlorosulphuric acid
280700,Chemicals,Sulphuric acid; oleum,Sulphuric acid; oleum
280800,Chemicals,Nitric acid; sulphonitric acids,Nitric acid; sulphonitric acids
280910,Chemicals,Diphosphorus pentoxide,"Diphosphorus pentaoxide; phosphoric acid; polyphosphoric acids, whether or not chemically defined"
280920,Chemicals,Phosphoric acid and polyphosphoric acids,"Diphosphorus pentaoxide; phosphoric acid; polyphosphoric acids, whether or not chemically defined"
281111,Chemicals,Hydrogen fluoride (hydrofluoric acid),Inorganic acids and other inorganic oxygen compounds of non-metals; n.e.c. in heading no. 2806 to 2810
281112,Chemicals,Hydrogen cyanide (hydrocyanic acid),Inorganic acids and other inorganic oxygen compounds of non-metals; n.e.c. in heading no. 2806 to 2810
281121,Chemicals,Carbon dioxide,Inorganic acids and other inorganic oxygen compounds of non-metals; n.e.c. in heading no. 2806 to 2810
281211,Chemicals,Carbonyl dichloride (phosgene),Halides and halide oxides of non-metals
281212,Chemicals,Phosphorus oxychloride,Halides and halide oxides of non-metals
281213,Chemicals,Phosphorus trichloride,Halides and halide oxides of non-metals
281214,Chemicals,Phosphorus pentachloride,Halides and halide oxides of non-metals
281215,Chemicals,Sulphur monochloride,Halides and halide oxides of non-metals
281216,Chemicals,Sulphur dichloride,Halides and halide oxides of non-metals
281217,Chemicals,Thionyl chloride,Halides and halide oxides of non-metals
281310,Chemicals,Carbon disulphide,Sulphides of non-metals; commercial phosphorus trisulphide
281410,Chemicals,Ammonia; anhydrous,Ammonia; anhydrous or in aqueous solution
281420,Chemicals,Ammonia; in aqueous solution,Ammonia; anhydrous or in aqueous solution
281511,Chemicals,Sodium hydroxide (caustic soda); solid,Sodium hydroxide (caustic soda); potassium hydroxide (caustic potash) peroxides of sodium or potassium
281512,Chemicals,Sodium hydroxide (caustic soda); in aqueous solution (soda lye or liquid soda),Sodium hydroxide (caustic soda); potassium hydroxide (caustic potash) peroxides of sodium or potassium
281520,Chemicals,Potassium hydroxide (caustic potash),Sodium hydroxide (caustic soda); potassium hydroxide (caustic potash) peroxides of sodium or potassium
281530,Chemicals,Peroxides of sodium or potassium,Sodium hydroxide (caustic soda); potassium hydroxide (caustic potash) peroxides of sodium or potassium
281610,Chemicals,Hydroxide and peroxide of magnesium,"Hydroxide and peroxide of magnesium; oxides, hydroxides and peroxides of strontium or barium"
281700,Chemicals,Zinc; oxide and peroxide,Zinc; oxide and peroxide
281910,Chemicals,Chromium trioxide,Chromium oxides and hydroxides
282110,Chemicals,Iron oxides and hydroxides,Iron oxides and hydroxides; earth colours containing 70% or more by weight of combined iron evaluated as Fe2o3
282120,Chemicals,Earth colours; containing 70% or more by weight of combined iron evaluated as Fe2o3,Iron oxides and hydroxides; earth colours containing 70% or more by weight of combined iron evaluated as Fe2o3
282200,Chemicals,Cobalt oxides and hydroxides; commercial cobalt oxides,Cobalt oxides and hydroxides; commercial cobalt oxides
282410,Chemicals,"Lead; lead monoxide (litharge, massicot)",Lead oxides; red lead and orange lead
282490,Chemicals,Lead oxides; n.e.c. in heading no. 2824,Lead oxides; red lead and orange lead
282530,Chemicals,Vanadium oxides and hydroxides,"Hydrazine and hydroxylamine and their inorganic salts; other inorganic bases; other metal oxides, hydroxides and peroxides"
282540,Chemicals,Nickel oxides and hydroxides,"Hydrazine and hydroxylamine and their inorganic salts; other inorganic bases; other metal oxides, hydroxides and peroxides"
282580,Chemicals,Antimony oxides,"Hydrazine and hydroxylamine and their inorganic salts; other inorganic bases; other metal oxides, hydroxides and peroxides"
282612,Chemicals,Fluorides; of aluminium,"Fluorides; fluorosilicates, fluoroaluminates and other complex fluorine salts"
282630,Chemicals,Sodium hexafluoroaluminate (synthetic cryolite),"Fluorides; fluorosilicates, fluoroaluminates and other complex fluorine salts"
282710,Chemicals,Chlorides; of ammonium,Chlorides; chloride oxides and chloride hydroxides; bromides and bromide oxides; iodides and iodide oxides
282720,Chemicals,Chlorides; of calcium,Chlorides; chloride oxides and chloride hydroxides; bromides and bromide oxides; iodides and iodide oxides
282731,Chemicals,Chlorides; of magnesium,Chlorides; chloride oxides and chloride hydroxides; bromides and bromide oxides; iodides and iodide oxides
282732,Chemicals,Chlorides; of aluminium,Chlorides; chloride oxides and chloride hydroxides; bromides and bromide oxides; iodides and iodide oxides
282735,Chemicals,Chlorides; of nickel,Chlorides; chloride oxides and chloride hydroxides; bromides and bromide oxides; iodides and iodide oxides
282741,Chemicals,Chloride oxides and chloride hydroxides; of copper,Chlorides; chloride oxides and chloride hydroxides; bromides and bromide oxides; iodides and iodide oxides
282751,Chemicals,Bromides; of sodium or of potassium,Chlorides; chloride oxides and chloride hydroxides; bromides and bromide oxides; iodides and iodide oxides
282759,Chemicals,Bromides and bromide oxides; other than item no. 2827.51,Chlorides; chloride oxides and chloride hydroxides; bromides and bromide oxides; iodides and iodide oxides
282890,Chemicals,Hypochlorites; n.e.c. in heading no. 2828,Hypochlorites; commercial calcium hypochlorite; chlorites; hypobromites
282911,Chemicals,Chlorates; of sodium,Chlorates and perchlorates; bromates and perbromates; iodates and periodates
282919,Chemicals,Chlorates; other than sodium,Chlorates and perchlorates; bromates and perbromates; iodates and periodates
283010,Chemicals,"Sulphides; of sodium, whether or not chemically defined",Sulphides; polysulphides whether or not chemically defined
283110,Chemicals,Dithionites and sulphoxylates; of sodium,Dithionites and sulphoxylates
283190,Chemicals,Dithionites and sulphoxylates; other than sodium,Dithionites and sulphoxylates
283210,Chemicals,Sulphites; of sodium,Sulphites; thiosulphates
283220,Chemicals,Sulphites; other than of sodium,Sulphites; thiosulphates
283230,Chemicals,Thiosulphates,Sulphites; thiosulphates
283311,Chemicals,Sodium sulphates; disodium sulphate,Sulphates; alums; peroxosulphates (persulphates)
283319,Chemicals,Sodium sulphates; other than disodium sulphate,Sulphates; alums; peroxosulphates (persulphates)
283321,Chemicals,Sulphates; of magnesium,Sulphates; alums; peroxosulphates (persulphates)
283322,Chemicals,Sulphates; of aluminium,Sulphates; alums; peroxosulphates (persulphates)
283324,Chemicals,Sulphates; of nickel,Sulphates; alums; peroxosulphates (persulphates)
283327,Chemicals,Sulphates; of barium,Sulphates; alums; peroxosulphates (persulphates)
283330,Chemicals,Alums,Sulphates; alums; peroxosulphates (persulphates)
283340,Chemicals,Peroxosulphates (persulphates),Sulphates; alums; peroxosulphates (persulphates)
283410,Chemicals,Nitrites,Nitrites; nitrates
283421,Chemicals,Nitrates; of potassium,Nitrites; nitrates
283522,Chemicals,"Phosphates; of mono- or disodium, whether or not chemically defined","Phosphinates (hypophosphites), phosphonates (phosphites), and phosphates; and polyphosphates, whether or not chemically defined"
283524,Chemicals,"Phosphates; of potassium, whether or not chemically defined","Phosphinates (hypophosphites), phosphonates (phosphites), and phosphates; and polyphosphates, whether or not chemically defined"
283525,Chemicals,"Phosphates; calcium hydrogenorthophosphate (dicalcium phosphate), whether or not chemically defined","Phosphinates (hypophosphites), phosphonates (phosphites), and phosphates; and polyphosphates, whether or not chemically defined"
283526,Chemicals,"Phosphates; of calcium n.e.c. in item no. 2835.25, whether or not chemically defined","Phosphinates (hypophosphites), phosphonates (phosphites), and phosphates; and polyphosphates, whether or not chemically defined"
283531,Chemicals,"Polyphosphates; sodium triphosphate (sodium tripolyphosphate), whether or not chemically defined","Phosphinates (hypophosphites), phosphonates (phosphites), and phosphates; and polyphosphates, whether or not chemically defined"
283539,Chemicals,"Polyphosphates; other than sodium triphosphate (sodium tripolyphosphate), whether or not chemically defined","Phosphinates (hypophosphites), phosphonates (phosphites), and phosphates; and polyphosphates, whether or not chemically defined"
283620,Chemicals,Carbonates; disodium carbonate,Carbonates; peroxocarbonates (percarbonates); commercial ammonium carbonate containing ammonium carbamate
283630,Chemicals,Carbonates; sodium hydrogen carbonate (sodium bicarbonate),Carbonates; peroxocarbonates (percarbonates); commercial ammonium carbonate containing ammonium carbamate
283640,Chemicals,Carbonates; potassium carbonate,Carbonates; peroxocarbonates (percarbonates); commercial ammonium carbonate containing ammonium carbamate
283650,Chemicals,Carbonates; calcium carbonate,Carbonates; peroxocarbonates (percarbonates); commercial ammonium carbonate containing ammonium carbamate
283692,Chemicals,Carbonates; strontium carbonate,Carbonates; peroxocarbonates (percarbonates); commercial ammonium carbonate containing ammonium carbamate
283711,Chemicals,Cyanides and cyanide oxides; of sodium,"Cyanides, cyanide oxides and complex cyanides"
283911,Chemicals,Silicates; sodium metasilicates,Silicates; commercial alkali metal silicates
283919,Chemicals,Silicates; of sodium (excluding sodium metasilicates),Silicates; commercial alkali metal silicates
284011,Chemicals,"Borates; disodium tetraborate (refined borax), anhydrous",Borates; peroxoborates (perborates)
284130,Chemicals,Salts; sodium dichromate,Salts of oxometallic or peroxometallic acids
284161,Chemicals,"Salts; of oxometallic or peroxometallic acids, manganites, manganates and permanganates, potassium permanganate",Salts of oxometallic or peroxometallic acids
284169,Chemicals,"Salts; of oxometallic or peroxometallic acids, manganites, manganates and permanganates, other than potassium permanganate",Salts of oxometallic or peroxometallic acids
284321,Chemicals,Silver compounds; silver nitrates,"Colloidal precious metals; inorganic or organic compounds of precious metals, whether or not chemically defined; amalgams of precious metals"
284329,Chemicals,Silver compounds; excluding silver nitrates,"Colloidal precious metals; inorganic or organic compounds of precious metals, whether or not chemically defined; amalgams of precious metals"
284330,Chemicals,Gold compounds,"Colloidal precious metals; inorganic or organic compounds of precious metals, whether or not chemically defined; amalgams of precious metals"
284444,Chemicals,"Radioactive elements, isotopes, compounds n.e.c. in heading no. 2844, alloys, dispersions (including cermets), ceramic products, mixtures containing the elements, isotopes, compounds; radioactive residues",Radioactive chemical elements and radioactive isotopes (including the fissile or fertile chemical elements and isotopes); and their compounds; mixtures and residues containing these products
284450,Chemicals,Spent (irradiated) fuel elements (cartridges) of nuclear reactors,Radioactive chemical elements and radioactive isotopes (including the fissile or fertile chemical elements and isotopes); and their compounds; mixtures and residues containing these products
284510,Chemicals,Heavy water (deuterium oxide),"Isotopes other than those of heading no. 2844; compounds, inorganic or organic, of such isotopes, whether or not chemically defined"
284520,Chemicals,Boron enriched in boron-10 and its compounds,"Isotopes other than those of heading no. 2844; compounds, inorganic or organic, of such isotopes, whether or not chemically defined"
284530,Chemicals,Lithium enriched in lithium-6 and its compounds,"Isotopes other than those of heading no. 2844; compounds, inorganic or organic, of such isotopes, whether or not chemically defined"
284540,Chemicals,Helium-3,"Isotopes other than those of heading no. 2844; compounds, inorganic or organic, of such isotopes, whether or not chemically defined"
284700,Chemicals,Hydrogen peroxide; whether or not solidified with urea,Hydrogen peroxide; whether or not solidified with urea
284910,Chemicals,"Carbides; of calcium, whether or not chemically defined","Carbides, whether or not chemically defined"
284920,Chemicals,"Carbides; of silicon, whether or not chemically defined","Carbides, whether or not chemically defined"
285210,Chemicals,"Inorganic or organic compounds of mercury, excluding amalgams, chemically defined","Inorganic or organic compounds of mercury, excluding amalgams, whether or not chemically defined"
285290,Chemicals,"Inorganic or organic compounds of mercury; excluding amalgams, not chemically defined,","Inorganic or organic compounds of mercury, excluding amalgams, whether or not chemically defined"
285310,Chemicals,Inorganic compounds; cyanogen chloride (chlorcyan),"Phosphides, chemically defined or not, not ferrophosphorus; other inorganic compounds n.e.c. (including distilled, conductivity water and water of like purity); liquid air, rare gases removed or not; compressed air; amalgams, not precious metal amalgams"
290110,Chemicals,Acyclic hydrocarbons; saturated,Acyclic hydrocarbons
290121,Chemicals,"Acyclic hydrocarbons; unsaturated, ethylene",Acyclic hydrocarbons
290122,Chemicals,"Acyclic hydrocarbons; unsaturated, propene (propylene)",Acyclic hydrocarbons
290123,Chemicals,"Acyclic hydrocarbons; unsaturated, butene (butylene) and isomers thereof",Acyclic hydrocarbons
290124,Chemicals,"Acyclic hydrocarbons; unsaturated, buta-1,3-diene and isoprene",Acyclic hydrocarbons
290129,Chemicals,"Acyclic hydrocarbons; unsaturated, n.e.c. in heading no. 2901",Acyclic hydrocarbons
290211,Chemicals,Cyclic hydrocarbons; cyclohexane,Cyclic hydrocarbons
290219,Chemicals,"Cyclic hydrocarbons; cyclanes, cyclenes and cycloterpenes, excluding cyclohexane",Cyclic hydrocarbons
290220,Chemicals,Cyclic hydrocarbons; benzene,Cyclic hydrocarbons
290230,Chemicals,Cyclic hydrocarbons; toluene,Cyclic hydrocarbons
290241,Chemicals,Cyclic hydrocarbons; o-xylene,Cyclic hydrocarbons
290242,Chemicals,Cyclic hydrocarbons; m-xylene,Cyclic hydrocarbons
290243,Chemicals,Cyclic hydrocarbons; p-xylene,Cyclic hydrocarbons
290244,Chemicals,Cyclic hydrocarbons; mixed xylene isomers,Cyclic hydrocarbons
290250,Chemicals,Cyclic hydrocarbons; styrene,Cyclic hydrocarbons
290260,Chemicals,Cyclic hydrocarbons; ethylbenzene,Cyclic hydrocarbons
290270,Chemicals,Cyclic hydrocarbons; cumene,Cyclic hydrocarbons
290290,Chemicals,Cyclic hydrocarbons; n.e.c. in heading no. 2902,Cyclic hydrocarbons
290311,Chemicals,Saturated chlorinated derivatives of acyclic hydrocarbons; chloromethane (methyl chloride) and chloroethane (ethyl chloride),Halogenated derivatives of hydrocarbons
290312,Chemicals,Saturated chlorinated derivatives of acyclic hydrocarbons; dichloromethane (methylene chloride),Halogenated derivatives of hydrocarbons
290313,Chemicals,Saturated chlorinated derivatives of acyclic hydrocarbons; chloroform (trichloromethane),Halogenated derivatives of hydrocarbons
290314,Chemicals,Saturated chlorinated derivatives of acyclic hydrocarbons; carbon tetrachloride,Halogenated derivatives of hydrocarbons
290315,Chemicals,"Saturated chlorinated derivatives of acyclic hydrocarbons; ethylene dichloride (ISO) (1,2-dichloroethane)",Halogenated derivatives of hydrocarbons
290321,Chemicals,Unsaturated chlorinated derivatives of acyclic hydrocarbons; vinyl chloride (chloroethylene),Halogenated derivatives of hydrocarbons
290323,Chemicals,Unsaturated chlorinated derivatives of acyclic hydrocarbons; tetrachloroethylene (perchloroethylene),Halogenated derivatives of hydrocarbons
290341,Chemicals,Saturated fluorinated derivatives of acyclic hydrocarbons; trifluoromethane (HFC-23),Halogenated derivatives of hydrocarbons
290342,Chemicals,Saturated fluorinated derivatives of acyclic hydrocarbons; difluoromethane (HFC-32),Halogenated derivatives of hydrocarbons
290361,Chemicals,Brominated or iodinated derivatives of acyclic hydrocarbons; methyl bromide (bromomethane),Halogenated derivatives of hydrocarbons
290362,Chemicals,"Brominated or iodinated derivatives of acyclic hydrocarbons; ethylene dibromide (ISO) (1,2-dibromoethane)",Halogenated derivatives of hydrocarbons
290371,Chemicals,Halogenated derivatives of acyclic hydrocarbons containing two or more different halogens; chlorodifluoromethane (HCFC-22),Halogenated derivatives of hydrocarbons
290373,Chemicals,"Halogenated derivatives of acyclic hydrocarbons containing two or more different halogens; dichlorofluoroethanes (HCFC-141, 141b)",Halogenated derivatives of hydrocarbons
290374,Chemicals,"Halogenated derivatives of acyclic hydrocarbons containing two or more different halogens; chlorodifluoroethanes HCFC-142, 142b)",Halogenated derivatives of hydrocarbons
290375,Chemicals,"Halogenated derivatives of acyclic hydrocarbons containing two or more different halogens; dichloropentafluoropropanes (HCFC-225, 225ca, 225cb)",Halogenated derivatives of hydrocarbons
290378,Chemicals,"Halogenated derivatives of acyclic hydrocarbons containing two or more different halogens; perhalogenated derivatives, other than those only with fluorine and chlorine, n.e.c. in item no. 2903.71 to 2903.76",Halogenated derivatives of hydrocarbons
290381,Chemicals,"Halogenated derivatives of cyclanic, cyclenic or cycloterpenic hydrocarbons; 1,2,3,4,5,6-Hexachlorocyclohexane (HCH (ISO)), including lindane (ISO, INN)",Halogenated derivatives of hydrocarbons
290382,Chemicals,"Halogenated derivatives of cyclanic, cyclenic or cycloterpenic hydrocarbons; aldrin (ISO), chlordane (ISO), and heptachlor (ISO)",Halogenated derivatives of hydrocarbons
290383,Chemicals,"Halogenated derivatives of cyclanic, cyclenic or cycloterpenic hydrocarbons; mirex (ISO)",Halogenated derivatives of hydrocarbons
290391,Chemicals,"Halogenated derivatives of aromatic hydrocarbons; chlorobenzene, o-dichlorobenzene, and p-dichlorobenzene",Halogenated derivatives of hydrocarbons
290393,Chemicals,Halogenated derivatives of aromatic hydrocarbons; pentachlorobenzene (ISO),Halogenated derivatives of hydrocarbons
290394,Chemicals,Halogenated derivatives of aromatic hydrocarbons; hexabromobiphenyls,Halogenated derivatives of hydrocarbons
290431,Chemicals,"Derivatives of hydrocarbons; perfluorooctane sulphonic acid, whether or not halogenated","Sulphonated, nitrated or nitrosated derivatives of hydrocarbons; whether or not halogenated"
290432,Chemicals,"Derivatives of hydrocarbons; ammonium perfluorooctane sulphonate, whether or not halogenated","Sulphonated, nitrated or nitrosated derivatives of hydrocarbons; whether or not halogenated"
290433,Chemicals,"Derivatives of hydrocarbons; lithium perfluorooctane sulphonate, whether or not halogenated","Sulphonated, nitrated or nitrosated derivatives of hydrocarbons; whether or not halogenated"
290434,Chemicals,"Derivatives of hydrocarbons; potassium perfluorooctane sulphonate, whether or not halogenated","Sulphonated, nitrated or nitrosated derivatives of hydrocarbons; whether or not halogenated"
290435,Chemicals,"Derivatives of hydrocarbons; salts of perfluorooctane sulphonic acid n.e.c in heading no. 2904, whether or not halogenated","Sulphonated, nitrated or nitrosated derivatives of hydrocarbons; whether or not halogenated"
290436,Chemicals,"Derivatives of hydrocarbons; perfluorooctane sulphonyl fluoride, whether or not halogenated","Sulphonated, nitrated or nitrosated derivatives of hydrocarbons; whether or not halogenated"
290491,Chemicals,"Derivatives of hydrocarbons; trichloronitromethane (chloropicrin), whether or not halogenated","Sulphonated, nitrated or nitrosated derivatives of hydrocarbons; whether or not halogenated"
290513,Chemicals,"Alcohols; saturated monohydric, butan-1-ol (n-butyl alcohol)","Acyclic alcohols and their halogenated, sulphonated, nitrated or nitrosated derivatives"
290517,Chemicals,"Alcohols; saturated monohydric, dodecan-1-ol (lauryl alcohol), hexadecan-1-ol (cetyl alcohol) and octadecan-1-ol (stearyl alcohol)","Acyclic alcohols and their halogenated, sulphonated, nitrated or nitrosated derivatives"
290532,Chemicals,"Alcohols; acyclic, diols; propylene glycol (propane-1, 2-diol)","Acyclic alcohols and their halogenated, sulphonated, nitrated or nitrosated derivatives"
290541,Chemicals,"Alcohols; polyhydric, 2-ethyl-2- (hydroxymethyl) propane-1,3-diol (trimethylolpropane)","Acyclic alcohols and their halogenated, sulphonated, nitrated or nitrosated derivatives"
290542,Chemicals,"Alcohols; polyhydric, pentaerythritol","Acyclic alcohols and their halogenated, sulphonated, nitrated or nitrosated derivatives"
290543,Chemicals,"Alcohols; polyhydric, mannitol","Acyclic alcohols and their halogenated, sulphonated, nitrated or nitrosated derivatives"
290545,Chemicals,"Alcohols; polyhydric, glycerol","Acyclic alcohols and their halogenated, sulphonated, nitrated or nitrosated derivatives"
290551,Chemicals,"Alcohols; acyclic; halogenated, sulphonated, nitrated or nitrosated derivatives thereof, ethchlorvynol (INN)","Acyclic alcohols and their halogenated, sulphonated, nitrated or nitrosated derivatives"
290611,Chemicals,"Alcohols; cyclanic, cyclenic or cycloterpenic and derivatives, menthol","Alcohols; cyclic, and their halogenated, sulphonated, nitrated or nitrosated derivatives"
290612,Chemicals,"Alcohols; cyclanic, cyclenic or cycloterpenic and derivatives, cyclohexanol, methylcyclohexanols and dimethylcyclohexanols","Alcohols; cyclic, and their halogenated, sulphonated, nitrated or nitrosated derivatives"
290621,Chemicals,"Alcohols; aromatic alcohols and derivatives, benzyl alcohol","Alcohols; cyclic, and their halogenated, sulphonated, nitrated or nitrosated derivatives"
290711,Chemicals,Monophenols; phenol (hydroxybenzene) and its salts,"Phenols; monophenols, polyphenols, and phenol-alcohols"
290713,Chemicals,"Monophenols; octylphenol, nonylphenol and their isomers, salts thereof","Phenols; monophenols, polyphenols, and phenol-alcohols"
290723,Chemicals,"Polyphenols; 4,4'-isopropylidenediphenol (bisphenol A, diphenylolpropane) and its salts","Phenols; monophenols, polyphenols, and phenol-alcohols"
290811,Chemicals,Phenol or phenol-alcohol derivatives containing only halogen substituents and their salts; pentachlorophenol (ISO),"Phenols or phenol-alcohols; halogenated, sulphonated, nitrated or nitrosated derivatives"
290891,Chemicals,"Phenol or phenol-alcohol derivatives, sulphonated, nitrated or nitrosated derivatives thereof; dinoseb (ISO) and its salts","Phenols or phenol-alcohols; halogenated, sulphonated, nitrated or nitrosated derivatives"
290892,Chemicals,"Phenol or phenol-alcohol derivatives, sulphonated, nitrated or nitrosated derivatives thereof; 4,6-dinitro-o-cresol (DNOC (ISO)) and its salts","Phenols or phenol-alcohols; halogenated, sulphonated, nitrated or nitrosated derivatives"
290899,Chemicals,"Phenol or phenol-alcohol derivatives, sulphonated, nitrated or nitrosated derivatives thereof; other than dinoseb (ISO), and 4,6-dinitro-o-cresol (DNOC (ISO)), and their salts","Phenols or phenol-alcohols; halogenated, sulphonated, nitrated or nitrosated derivatives"
290911,Chemicals,"Ethers; acyclic, and their halogenated, sulphonated, nitrated or nitrosated derivatives, diethyl ether","Ethers, ether-alcohols, ether-phenols, ether-alcohol-phenols, alcohol peroxides, ether peroxides, acetal and hemiacetal peroxides, ketone peroxides (chemically defined or not), and their halogenated, sulphonated, nitrated or nitrosated derivatives"
290941,Chemicals,"Ether-alcohols and their halogenated, sulphonated, nitrated or nitrosated derivatives; 2,2-oxydiethanol (diethylene glycol, digol)","Ethers, ether-alcohols, ether-phenols, ether-alcohol-phenols, alcohol peroxides, ether peroxides, acetal and hemiacetal peroxides, ketone peroxides (chemically defined or not), and their halogenated, sulphonated, nitrated or nitrosated derivatives"
290943,Chemicals,"Ether-alcohols and their halogenated, sulphonated, nitrated or nitrosated derivatives; monobutyl ethers of ethylene glycol or of diethylene glycol","Ethers, ether-alcohols, ether-phenols, ether-alcohol-phenols, alcohol peroxides, ether peroxides, acetal and hemiacetal peroxides, ketone peroxides (chemically defined or not), and their halogenated, sulphonated, nitrated or nitrosated derivatives"
291010,Chemicals,"Epoxides, epoxyalcohols, epoxyphenols and epoxyethers; with a three-membered ring and their halogenated, sulphonated, nitrated or nitrosated derivatives; oxirane (ethylene oxide)","Epoxides, epoxyalcohols, epoxyphenols and epoxyethers; with a three-membered ring and their halogenated, sulphonated, nitrated or nitrosated derivatives"
291020,Chemicals,"Epoxides, epoxyalcohols, epoxyphenols and epoxyethers; with a three-membered ring and their halogenated, sulphonated, nitrated or nitrosated derivatives, methyloxirane (propylene oxide)","Epoxides, epoxyalcohols, epoxyphenols and epoxyethers; with a three-membered ring and their halogenated, sulphonated, nitrated or nitrosated derivatives"
291030,Chemicals,"Epoxides, epoxyalcohols, epoxyphenols and epoxyethers; with a three-membered ring and their halogenated, sulphonated, nitrated or nitrosated derivatives, 1-chloro-2,3-epoxypropane (epichlorohydrin)","Epoxides, epoxyalcohols, epoxyphenols and epoxyethers; with a three-membered ring and their halogenated, sulphonated, nitrated or nitrosated derivatives"
291040,Chemicals,"Epoxides, epoxyalcohols, epoxyphenols and epoxyethers; with a three-membered ring and their halogenated, sulphonated, nitrated or nitrosated derivatives, dieldrin (ISO, INN)","Epoxides, epoxyalcohols, epoxyphenols and epoxyethers; with a three-membered ring and their halogenated, sulphonated, nitrated or nitrosated derivatives"
291050,Chemicals,"Epoxides, epoxyalcohols, epoxyphenols and epoxyethers; with a three-membered ring and their halogenated, sulphonated, nitrated or nitrosated derivatives, endrin (ISO)","Epoxides, epoxyalcohols, epoxyphenols and epoxyethers; with a three-membered ring and their halogenated, sulphonated, nitrated or nitrosated derivatives"
291100,Chemicals,"Acetals and hemiacetals; whether or not with other oxygen function, and their halogenated, sulphonated, nitrated or nitrosated derivatives","Acetals and hemiacetals; whether or not with other oxygen function, and their halogenated, sulphonated, nitrated or nitrostated derivatives"
291211,Chemicals,"Aldehydes; acyclic, without other oxygen function, methanal (formaldehyde)","Aldehydes, whether or not with other oxygen function; cyclic polymers of aldehydes; paraformaldehyde"
291212,Chemicals,"Aldehydes; acyclic, without other oxygen function, ethanal (acetaldehyde)","Aldehydes, whether or not with other oxygen function; cyclic polymers of aldehydes; paraformaldehyde"
291221,Chemicals,"Aldehydes; cyclic, without other oxygen function, benzaldehyde","Aldehydes, whether or not with other oxygen function; cyclic polymers of aldehydes; paraformaldehyde"
291250,Chemicals,Aldehydes; cyclic polymers of aldehydes,"Aldehydes, whether or not with other oxygen function; cyclic polymers of aldehydes; paraformaldehyde"
291260,Chemicals,Paraformaldehyde,"Aldehydes, whether or not with other oxygen function; cyclic polymers of aldehydes; paraformaldehyde"
291411,Chemicals,"Ketones; acyclic, without other oxygen function, acetone","Ketones and quinones; whether or not with other oxygen function, and their halogenated, sulphonated, nitrated or nitrostated derivatives"
291412,Chemicals,"Ketones; acyclic, without other oxygen function, butanone (methyl ethyl ketone)","Ketones and quinones; whether or not with other oxygen function, and their halogenated, sulphonated, nitrated or nitrostated derivatives"
291413,Chemicals,"Ketones; acyclic, without other oxygen function, 4-methylpentan-2-one (methyl isobutyl ketone)","Ketones and quinones; whether or not with other oxygen function, and their halogenated, sulphonated, nitrated or nitrostated derivatives"
291422,Chemicals,"Ketones; cyclanic, cyclenic or cycloterpenic, without other oxygen function, cyclohexanone and methylcyclohexanones","Ketones and quinones; whether or not with other oxygen function, and their halogenated, sulphonated, nitrated or nitrostated derivatives"
291423,Chemicals,"Ketones; cyclanic, cyclenic or cycloterpenic, without other oxygen function, ionones and methylionones","Ketones and quinones; whether or not with other oxygen function, and their halogenated, sulphonated, nitrated or nitrostated derivatives"
291431,Chemicals,"Ketones; aromatic, (without other oxygen function), phenylacetone (phenylpropan-2-one)","Ketones and quinones; whether or not with other oxygen function, and their halogenated, sulphonated, nitrated or nitrostated derivatives"
291461,Chemicals,Quinones; anthraquinone,"Ketones and quinones; whether or not with other oxygen function, and their halogenated, sulphonated, nitrated or nitrostated derivatives"
291462,Chemicals,Quinones; coenzyme Q10 (ubidecarenone (INN)),"Ketones and quinones; whether or not with other oxygen function, and their halogenated, sulphonated, nitrated or nitrostated derivatives"
291471,Chemicals,"Ketones and quinones; halogenated, sulphonated, nitrated or nitrosated derivatives; chlordecone (ISO)","Ketones and quinones; whether or not with other oxygen function, and their halogenated, sulphonated, nitrated or nitrostated derivatives"
291511,Chemicals,Acids; saturated acyclic monocarboxylic acids; formic acid,"Acids; saturated acyclic monocarboxylic acids and their anhydrides, halides, peroxides and peroxyacids; their halogenated, sulphonated, nitrated or nitrosated derivatives"
291512,Chemicals,Acids; saturated acyclic monocarboxylic acids; salts of formic acids,"Acids; saturated acyclic monocarboxylic acids and their anhydrides, halides, peroxides and peroxyacids; their halogenated, sulphonated, nitrated or nitrosated derivatives"
291529,Chemicals,Acids; saturated acyclic monocarboxylic acids; acetic acid and its salts n.e.c. in item no. 2915.2,"Acids; saturated acyclic monocarboxylic acids and their anhydrides, halides, peroxides and peroxyacids; their halogenated, sulphonated, nitrated or nitrosated derivatives"
291531,Chemicals,Acids; saturated acyclic monocarboxylic acids; ethyl acetate,"Acids; saturated acyclic monocarboxylic acids and their anhydrides, halides, peroxides and peroxyacids; their halogenated, sulphonated, nitrated or nitrosated derivatives"
291532,Chemicals,Acids; saturated acyclic monocarboxylic acids; vinyl acetate,"Acids; saturated acyclic monocarboxylic acids and their anhydrides, halides, peroxides and peroxyacids; their halogenated, sulphonated, nitrated or nitrosated derivatives"
291533,Chemicals,Acids; saturated acyclic monocarboxylic acids; n-butyl acetate,"Acids; saturated acyclic monocarboxylic acids and their anhydrides, halides, peroxides and peroxyacids; their halogenated, sulphonated, nitrated or nitrosated derivatives"
291536,Chemicals,Acids; saturated acyclic monocarboxylic acids; dinoseb (ISO) acetate,"Acids; saturated acyclic monocarboxylic acids and their anhydrides, halides, peroxides and peroxyacids; their halogenated, sulphonated, nitrated or nitrosated derivatives"
291550,Chemicals,"Acids; saturated acyclic monocarboxylic acids; propionic acid, its salts and esters","Acids; saturated acyclic monocarboxylic acids and their anhydrides, halides, peroxides and peroxyacids; their halogenated, sulphonated, nitrated or nitrosated derivatives"
291616,Chemicals,"Acids; unsaturated acyclic monocarboxylic, cyclic monocarboxylic, their anhydrides, halides, peroxides and peroxyacids; their halogenated, sulphonated, nitrated or nitrosated derivatives, binapacryl (ISO)","Acids; unsaturated acyclic monocarboxylic, cyclic monocarboxylic, their anhydrides, halides, peroxides and peroxyacids; their halogenated, sulphonated, nitrated or nitrosated derivatives"
291632,Chemicals,"Acids; aromatic monocarboxylic acids, benzoyl peroxide and benzoyl chloride","Acids; unsaturated acyclic monocarboxylic, cyclic monocarboxylic, their anhydrides, halides, peroxides and peroxyacids; their halogenated, sulphonated, nitrated or nitrosated derivatives"
291634,Chemicals,"Acids; aromatic monocarboxylic acids, phenylacetic acid and its salts","Acids; unsaturated acyclic monocarboxylic, cyclic monocarboxylic, their anhydrides, halides, peroxides and peroxyacids; their halogenated, sulphonated, nitrated or nitrosated derivatives"
291714,Chemicals,Acids; acyclic polycarboxylic acids; maleic anhydride,"Acids; polycarboxylic acids, their anhydrides, halides, peroxides and peroxy-acids; their halogenated, sulphonated, nitrated or nitrosated derivatives"
291733,Chemicals,Acids; aromatic polycarboxylic acids; dinonyl or didecyl orthophthalates,"Acids; polycarboxylic acids, their anhydrides, halides, peroxides and peroxy-acids; their halogenated, sulphonated, nitrated or nitrosated derivatives"
291735,Chemicals,Acids; aromatic polycarboxylic acids; phthalic anhydride,"Acids; polycarboxylic acids, their anhydrides, halides, peroxides and peroxy-acids; their halogenated, sulphonated, nitrated or nitrosated derivatives"
291812,Chemicals,"Acids; carboxylic acids, (with alcohol function but without other oxygen function), tartaric acid","Acids; carboxylic acid with additional oxygen function and their anhydrides, halides, peroxides, peroxyacids; their halogenated, sulphonated, nitrated or nitrosated derivatives"
291813,Chemicals,"Acids; carboxylic acids, (with alcohol function but without other oxygen function); salts and esters of tartaric acid","Acids; carboxylic acid with additional oxygen function and their anhydrides, halides, peroxides, peroxyacids; their halogenated, sulphonated, nitrated or nitrosated derivatives"
291817,Chemicals,"Acids; carboxylic acids, (with alcohol function but without other oxygen function), 2,2-Diphenyl-2-hydroxyacetic acid (benzilic acid)","Acids; carboxylic acid with additional oxygen function and their anhydrides, halides, peroxides, peroxyacids; their halogenated, sulphonated, nitrated or nitrosated derivatives"
291818,Chemicals,"Acids; carboxylic acids, (with alcohol function but without other oxygen function), chlorobenzilate (ISO)","Acids; carboxylic acid with additional oxygen function and their anhydrides, halides, peroxides, peroxyacids; their halogenated, sulphonated, nitrated or nitrosated derivatives"
291821,Chemicals,"Acids; carboxylic acids, (with phenol function but without other oxygen function), salicylic acid and its salts","Acids; carboxylic acid with additional oxygen function and their anhydrides, halides, peroxides, peroxyacids; their halogenated, sulphonated, nitrated or nitrosated derivatives"
291822,Chemicals,"Acids; carboxylic acids, (with phenol function but without other oxygen function), o-acetylsalicylic acid, its salts and esters","Acids; carboxylic acid with additional oxygen function and their anhydrides, halides, peroxides, peroxyacids; their halogenated, sulphonated, nitrated or nitrosated derivatives"
291823,Chemicals,"Acids; carboxylic acids, (with phenol function but without other oxygen function), other esters of salicylic acid and its salts n.e.c. in item no. 2918.2","Acids; carboxylic acid with additional oxygen function and their anhydrides, halides, peroxides, peroxyacids; their halogenated, sulphonated, nitrated or nitrosated derivatives"
291891,Chemicals,"Acids; carboxylic acids, with additional oxygen function (not alcohol, phenol, aldehyde or ketone) and their anhydrides, halides, peroxides and peroxyacids; 2,4,5-T (ISO) (2,4,5-trichlorophenoxyacetic acid), its salts and esters","Acids; carboxylic acid with additional oxygen function and their anhydrides, halides, peroxides, peroxyacids; their halogenated, sulphonated, nitrated or nitrosated derivatives"
291910,Chemicals,"Esters; phosphoric, and their salts, including lactophosphates, their halogenated, sulphonated, nitrated or nitrosated derivatives; tris(2,3-dibromopropyl) phosphate","Esters; phosphoric, and their salts, including lactophosphates, their halogenated, sulphonated, nitrated or nitrosated derivatives"
292011,Chemicals,"Esters; thiophosphoric esters (phosphorothioates) and their salts, their halogenated, sulphonated, nitrated or nitrosated derivatives, parathion (ISO) and parathion-methyl (ISO) (methyl-parathion)","Esters of other inorganic acids of non-metals (other than of hydrogen halides) and their salts, their halogenated, sulphonated, nitrated or nitrosated derivatives"
292021,Chemicals,"Esters; phosphite esters and their salts; their halogenated, sulphonated, nitrated or nitrosated derivatives, dimethyl phosphite","Esters of other inorganic acids of non-metals (other than of hydrogen halides) and their salts, their halogenated, sulphonated, nitrated or nitrosated derivatives"
292022,Chemicals,"Esters; phosphite esters and their salts; their halogenated, sulphonated, nitrated or nitrosated derivatives, diethyl phosphite","Esters of other inorganic acids of non-metals (other than of hydrogen halides) and their salts, their halogenated, sulphonated, nitrated or nitrosated derivatives"
292023,Chemicals,"Esters; phosphite esters and their salts; their halogenated, sulphonated, nitrated or nitrosated derivatives, trimethyl phosphite","Esters of other inorganic acids of non-metals (other than of hydrogen halides) and their salts, their halogenated, sulphonated, nitrated or nitrosated derivatives"
292024,Chemicals,"Esters; phosphite esters and their salts; their halogenated, sulphonated, nitrated or nitrosated derivatives, triethyl phosphite","Esters of other inorganic acids of non-metals (other than of hydrogen halides) and their salts, their halogenated, sulphonated, nitrated or nitrosated derivatives"
292030,Chemicals,"Esters; of other inorganic acids of non-metals (excluding esters of hydrogen halides) and their salts; their halogenated, sulphonated, nitrated or nitrosated derivatives, endosulfan (ISO)","Esters of other inorganic acids of non-metals (other than of hydrogen halides) and their salts, their halogenated, sulphonated, nitrated or nitrosated derivatives"
292111,Chemicals,"Amine-function compounds; acyclic monoamines and their derivatives, methylamine, di- or trimethylamine and their salts",Amine-function compounds
292112,Chemicals,"Amine-function compounds; acyclic monoamines and their derivatives, and salts thereof, 2-(N,N-Dimethylamino)ethylchloride hydrochloride",Amine-function compounds
292113,Chemicals,"Amine-function compounds; acyclic monoamines and their derivatives, and salts thereof, 2-(N,N-Diethylamino)ethylchloride hydrochloride",Amine-function compounds
292114,Chemicals,"Amine-function compounds; acyclic monoamines and their derivatives, and salts thereof, 2-(N,N-Diisopropylamino)ethylchloride hydrochloride",Amine-function compounds
292121,Chemicals,"Amine-function compounds; acyclic polyamines and their derivatives, ethylenediamine and its salts",Amine-function compounds
292122,Chemicals,"Amine-function compounds; acyclic polyamines and their derivatives, hexamethylenediamine and its salts",Amine-function compounds
292141,Chemicals,"Amine-function compounds; aromatic monoamines and their derivatives, aniline and its salts",Amine-function compounds
292146,Chemicals,"Amine-function compounds; aromatic monoamines and derivatives; amfetamine (INN), benzfetamine (INN), dexamfetamine (INN), etilamfetamine (INN), fencamfamin (INN), lefetamine (INN), levamfetamine (INN), mefenorex (INN) and phentermine (INN); salts thereof",Amine-function compounds
292211,Chemicals,"Amino-alcohols, other than those containing more than one kind of oxygen function; their ethers and esters; salts thereof, monoethanolamine and its salts",Oxygen-function amino-compounds
292212,Chemicals,"Amino-alcohols, other than those containing more than one kind of oxygen function; their ethers and esters; salts thereof, diethanolamine and its salts",Oxygen-function amino-compounds
292214,Chemicals,"Amino-alcohols, other than those containing more than one kind of oxygen function; their ethers and esters; salts thereof; dextropropoxyphene (INN) and its salts",Oxygen-function amino-compounds
292215,Chemicals,"Amino-alcohols, other than those containing more than one kind of oxygen function; their ethers and esters; salts thereof, triethanolamine",Oxygen-function amino-compounds
292216,Chemicals,"Amino-alcohols, other than those containing more than one kind of oxygen function; their ethers and esters; salts thereof, Diethanolammonium perfluorooctane sulphonate",Oxygen-function amino-compounds
292217,Chemicals,"Amino-alcohols, other than those containing more than one kind of oxygen function; their ethers and esters; salts thereof, Methyldiethanolamine and ethyldiethanolamine",Oxygen-function amino-compounds
292218,Chemicals,"Amino-alcohols, other than those containing more than one kind of oxygen function; their ethers and esters; salts thereof, 2-(N,N- Diisopropylamino)ethanol",Oxygen-function amino-compounds
292231,Chemicals,"Amino-aldehydes, amino-ketones and amino-quinones; other than those containing more than one kind of oxygen function, salts thereof",Oxygen-function amino-compounds
292241,Chemicals,"Amino-acids, other than those containing more than one kind of oxygen function, and their esters; lysine and its esters; salts thereof",Oxygen-function amino-compounds
292244,Chemicals,"Amino-acids, other than those containing more than one kind of oxygen function, and their esters; tilidine (INN) and its esters; salts thereof",Oxygen-function amino-compounds
292310,Chemicals,"Quaternary ammonium salts and hydroxides; choline and its salts, whether or not chemically defined","Quaternary ammonium salts and hydroxides; lecithins and other phosphoaminolipids, whether or not chemically defined"
292320,Chemicals,"Lecithins and other phosphoaminolipids, whether or not chemically defined","Quaternary ammonium salts and hydroxides; lecithins and other phosphoaminolipids, whether or not chemically defined"
292330,Chemicals,"Quaternary ammonium salts and hydroxides; tetraethylammonium perfluorooctane sulphonate, whether or not chemically defined","Quaternary ammonium salts and hydroxides; lecithins and other phosphoaminolipids, whether or not chemically defined"
292340,Chemicals,"Quaternary ammonium salts and hydroxides; didecyldimethylammonium perfluorooctane sulphonate, whether or not chemically defined","Quaternary ammonium salts and hydroxides; lecithins and other phosphoaminolipids, whether or not chemically defined"
292411,Chemicals,Acyclic amides (including acyclic carbamates) and their derivatives; salts thereof; meprobamate (INN),Carboxyamide-function compounds; amide-function compounds of carbonic acid
292412,Chemicals,"Acyclic amides (including acyclic carbamates) and their derivatives; salts thereof; fluoroacetamide (ISO), monocrotophos (ISO) and phosphamidon (ISO)",Carboxyamide-function compounds; amide-function compounds of carbonic acid
292421,Chemicals,"Cyclic amides (including cyclic carbamates) and their derivatives, ureines and their derivatives; salts thereof",Carboxyamide-function compounds; amide-function compounds of carbonic acid
292423,Chemicals,Cyclic amides (including cyclic carbamates) and their derivatives; 2-acetamidobenzoic acid (N-acetylanthranillic acid) and its salts,Carboxyamide-function compounds; amide-function compounds of carbonic acid
292424,Chemicals,Cyclic amides (including cyclic carbamates) and their derivatives; ethinamate and its salts,Carboxyamide-function compounds; amide-function compounds of carbonic acid
292425,Chemicals,Cyclic amides (including cyclic carbamates) and their derivatives; alachlor (ISO) and its salts,Carboxyamide-function compounds; amide-function compounds of carbonic acid
292512,Chemicals,Imides and their derivatives; glutethimide (INN),Carboxyimide-function compounds (including saccharin and its salts) and imine-function compounds
292521,Chemicals,Imines and their derivatives; salts thereof; chlordimeform (ISO),Carboxyimide-function compounds (including saccharin and its salts) and imine-function compounds
292610,Chemicals,Nitrile-function compounds; acrylonitrile,Nitrile-function compounds
292620,Chemicals,Nitrile-function compounds; 1-cyanoguanidine (dicyandiamide),Nitrile-function compounds
292630,Chemicals,"Nitrile-function compounds; fenproporex (INN) and its salts; methadone (INN) intermediate (4-cyano-2-dimethylamino-4,4-diphenylbutane)",Nitrile-function compounds
292640,Chemicals,Nitrile-function compounds; alpha-phenylacetoacetonitrile,Nitrile-function compounds
293010,Chemicals,"Organo-sulphur compounds; 2-(N,N-Diethylamino) ethanethiol",Organo-sulphur compounds
293030,Chemicals,"Organo-sulphur compounds; thiuram mono-, di- or tetrasulphides",Organo-sulphur compounds
293060,Chemicals,"Organo-sulphur compounds; 2-(N,N-Diethylamino)ethanethiol",Organo-sulphur compounds
293070,Chemicals,Organo-sulphur compounds; bis(2-hydroxyethyl)sulfide (thiodiglycol (INN)),Organo-sulphur compounds
293080,Chemicals,"Organo-sulphur compounds; aldicarb (ISO), captafol (ISO) and methamidophos (ISO)",Organo-sulphur compounds
293120,Chemicals,Organo-inorganic compounds; tributyltin compounds,Other organo-inorganic compounds
293141,Chemicals,Non-halogenated organo-phosphorous derivatives; dimethyl methylphosphonate,Other organo-inorganic compounds
293142,Chemicals,Non-halogenated organo-phosphorous derivatives; dimethyl propylphosphonate,Other organo-inorganic compounds
293143,Chemicals,Non-halogenated organo-phosphorous derivatives; diethyl ethylphosphonate,Other organo-inorganic compounds
293144,Chemicals,Non-halogenated organo-phosphorous derivatives; methylphosphonic acid,Other organo-inorganic compounds
293145,Chemicals,Non-halogenated organo-phosphorous derivatives; salt of methylphosphonic acid and (aminominomethyl) urea (1:1),Other organo-inorganic compounds
293146,Chemicals,"Non-halogenated organo-phosphorous derivatives; 2,4,6-tripropyl-1,3,5,2,4,6-trioxatriphosphinane 2,4,6-trioxide",Other organo-inorganic compounds
293147,Chemicals,"Non-halogenated organo-phosphorous derivatives; (5-ethyl-2-methyl-2-oxido-1,3,2-dioxaphosphinan-5-yl) methyl methyl methylphosphonate",Other organo-inorganic compounds
293148,Chemicals,"Non-halogenated organo-phosphorous derivatives; 3,9-dimethyl-2,4,8,10-tetraoxa-3,9-diphosphaspiro[5.5] undecane 3,9-dioxide",Other organo-inorganic compounds
293151,Chemicals,Halogenated organo-phosphorous derivatives; methylphosphonic dichloride,Other organo-inorganic compounds
293152,Chemicals,Halogenated organo-phosphorous derivatives; propylphosphonic dichloride,Other organo-inorganic compounds
293153,Chemicals,Halogenated organo-phosphorous derivatives; O-(3-chloropropyl) O-[4-nitro-3-(trifluoromethyl)phenyl] methylphosphonothionate,Other organo-inorganic compounds
293154,Chemicals,Halogenated organo-phosphorous derivatives; trichlorfon (ISO),Other organo-inorganic compounds
293211,Chemicals,"Heterocyclic compounds; with oxygen hetero-atom(s) only, containing an unfused furan ring (whether or not hydrogenated) in the structure, tetrahydrofuran",Heterocyclic compounds with oxygen hetero-atom(s) only
293212,Chemicals,"Heterocyclic compounds; with oxygen hetero-atom(s) only, containing an unfused furan ring (whether or not hydrogenated) in the structure, 2-furaldehyde (furfuraldehyde)",Heterocyclic compounds with oxygen hetero-atom(s) only
293291,Chemicals,"Heterocyclic compounds; with oxygen hetero-atom(s) only, (other than lactones or compounds containing an unfused furan ring (whether or not hydrogenated) in the structure), isosafrole",Heterocyclic compounds with oxygen hetero-atom(s) only
293292,Chemicals,"Heterocyclic compounds; with oxygen hetero-atom(s) only, (other than lactones or compounds containing an unfused furan ring (whether or not hydrogenated) in the structure), 1-(1,3-Benzodioxol-5-yl)propan-2-one",Heterocyclic compounds with oxygen hetero-atom(s) only
293293,Chemicals,"Heterocyclic compounds; with oxygen hetero-atom(s) only, (other than lactones or compounds containing an unfused furan ring (whether or not hydrogenated) in the structure), piperonal",Heterocyclic compounds with oxygen hetero-atom(s) only
293294,Chemicals,"Heterocyclic compounds; with oxygen hetero-atom(s) only, (other than lactones or compounds containing an unfused furan ring (whether or not hydrogenated) in the structure), safrole",Heterocyclic compounds with oxygen hetero-atom(s) only
293295,Chemicals,"Heterocyclic compounds; with oxygen hetero-atom(s) only, (other than lactones or compounds containing an unfused furan ring (whether or not hydrogenated) in the structure), tetrahydrocannabinols (all isomers)",Heterocyclic compounds with oxygen hetero-atom(s) only
293296,Chemicals,"Heterocyclic compounds; with oxygen hetero-atom(s) only, (other than lactones or compounds containing an unfused furan ring (whether or not hydrogenated) in the structure), carbofuran (ISO)",Heterocyclic compounds with oxygen hetero-atom(s) only
293331,Chemicals,"Heterocyclic compounds; containing an unfused pyridine ring (whether or not hydrogenated) in the structure, pyridine and its salts",Heterocyclic compounds with nitrogen hetero-atom(s) only
293332,Chemicals,"Heterocyclic compounds; containing an unfused pyridine ring (whether or not hydrogenated) in the structure, piperidine and its salts",Heterocyclic compounds with nitrogen hetero-atom(s) only
293333,Chemicals,"Heterocyclic compounds; containing an unfused pyridine ring (whether or not hydrogenated) in the structure, alfentanil (INN), anileridine (INN), bezitramide (INN), bromazepam (INN), carfentanil (INN), difenoxin (INN), diphenoxylate (INN), dipipanone (INN)",Heterocyclic compounds with nitrogen hetero-atom(s) only
293334,Chemicals,"Heterocyclic compounds; containing an unfused pyridine ring (whether or not hydrogenated) in the structure, other fentanyls and their derivatives",Heterocyclic compounds with nitrogen hetero-atom(s) only
293335,Chemicals,"Heterocyclic compounds; containing an unfused pyridine ring (whether or not hydrogenated) in the structure, 3-quinuclidinol",Heterocyclic compounds with nitrogen hetero-atom(s) only
293336,Chemicals,"Heterocyclic compounds; containing an unfused pyridine ring (whether or not hydrogenated) in the structure, 4-anilino-N-phenethylpiperidine (ANPP)",Heterocyclic compounds with nitrogen hetero-atom(s) only
293337,Chemicals,"Heterocyclic compounds; containing an unfused pyridine ring (whether or not hydrogenated) in the structure, N-phenethyl-4-piperdone (NPP)",Heterocyclic compounds with nitrogen hetero-atom(s) only
293341,Chemicals,"Heterocyclic compounds; containing a quinoline or isoquinoline ring-system (whether or not hydrogenated) in the structure, not further fused, levorphanol (INN) and its salts",Heterocyclic compounds with nitrogen hetero-atom(s) only
293354,Chemicals,"Heterocyclic compounds; containing a pyrimidine ring (whether or not hydrogenated) or piperazine ring in the structure, other derivatives of malonylurea (barbituric acid) and salts thereof, n.e.c. in 2933.53",Heterocyclic compounds with nitrogen hetero-atom(s) only
293355,Chemicals,"Heterocyclic compounds; containing a pyrimidine ring (whether or not hydrogenated) or piperazine ring in the structure; loprazolam (INN), mecloqualone (INN), methaqualone (INN), and zipeprol (INN); salts thereof",Heterocyclic compounds with nitrogen hetero-atom(s) only
293361,Chemicals,"Heterocyclic compounds; containing an unfused triazine ring (whether or not hydrogenated) in the structure, melamine",Heterocyclic compounds with nitrogen hetero-atom(s) only
293371,Chemicals,Heterocyclic compounds; lactams; 6-hexanelactam (epsilon-caprolactam),Heterocyclic compounds with nitrogen hetero-atom(s) only
293372,Chemicals,Heterocyclic compounds; lactams; clobazam (INN) and methyprylon (INN),Heterocyclic compounds with nitrogen hetero-atom(s) only
293392,Chemicals,Heterocyclic compounds; azinphos-methyl (ISO),Heterocyclic compounds with nitrogen hetero-atom(s) only
293491,Chemicals,"Heterocyclic compounds; other heterocyclic compounds, n.e.c. in 2934.1, 2934.2 and 2934.3","Nucleic acids and their salts, whether or not chemically defined; other heterocyclic compounds"
293492,Chemicals,"Heterocyclic compounds; other fentanyls n.e.c. in 2934, and their derivatives","Nucleic acids and their salts, whether or not chemically defined; other heterocyclic compounds"
293510,Chemicals,Sulphonamides; N-methylperfluorooctane sulphonamide,Sulphonamides
293520,Chemicals,Sulphonamides; N-ethylperfluorooctane sulphonamide,Sulphonamides
293530,Chemicals,Sulphonamides; N-ethyl-N-(2-hydroxyethyl) perfluorooctane sulphonamide,Sulphonamides
293540,Chemicals,Sulphonamides; N-(2-hydroxyethyl)-N-methylperfluorooctane sulphonamide,Sulphonamides
293550,Chemicals,Sulphonamides; other perfluorooctane sulphonamides,Sulphonamides
293621,Chemicals,"Vitamins; vitamins A and their derivatives, unmixed","Provitamins, vitamins; natural or reproduced by synthesis (including natural concentrates) derivatives thereof used as vitamins, and intermixtures of the fore-going, whether or not in any solvent"
293622,Chemicals,"Vitamins; vitamin B1 and its derivatives, unmixed","Provitamins, vitamins; natural or reproduced by synthesis (including natural concentrates) derivatives thereof used as vitamins, and intermixtures of the fore-going, whether or not in any solvent"
293623,Chemicals,"Vitamins; vitamin B2 and its derivatives, unmixed","Provitamins, vitamins; natural or reproduced by synthesis (including natural concentrates) derivatives thereof used as vitamins, and intermixtures of the fore-going, whether or not in any solvent"
293624,Chemicals,"Vitamins; D- or DL-pantothenic acid (vitamin B5) and its derivatives, unmixed","Provitamins, vitamins; natural or reproduced by synthesis (including natural concentrates) derivatives thereof used as vitamins, and intermixtures of the fore-going, whether or not in any solvent"
293625,Chemicals,"Vitamins; vitamin B6 and its derivatives, unmixed","Provitamins, vitamins; natural or reproduced by synthesis (including natural concentrates) derivatives thereof used as vitamins, and intermixtures of the fore-going, whether or not in any solvent"
293626,Chemicals,"Vitamins; vitamin B12 and its derivatives, unmixed","Provitamins, vitamins; natural or reproduced by synthesis (including natural concentrates) derivatives thereof used as vitamins, and intermixtures of the fore-going, whether or not in any solvent"
293627,Chemicals,"Vitamins; vitamin C and its derivatives, unmixed","Provitamins, vitamins; natural or reproduced by synthesis (including natural concentrates) derivatives thereof used as vitamins, and intermixtures of the fore-going, whether or not in any solvent"
293628,Chemicals,"Vitamins; vitamin E and its derivatives, unmixed","Provitamins, vitamins; natural or reproduced by synthesis (including natural concentrates) derivatives thereof used as vitamins, and intermixtures of the fore-going, whether or not in any solvent"
293629,Chemicals,"Vitamins; n.e.c. in item no. 2936.2, and their derivatives, unmixed","Provitamins, vitamins; natural or reproduced by synthesis (including natural concentrates) derivatives thereof used as vitamins, and intermixtures of the fore-going, whether or not in any solvent"
293690,Chemicals,"Vitamins; n.e.c. in heading no. 2936, including natural concentrates","Provitamins, vitamins; natural or reproduced by synthesis (including natural concentrates) derivatives thereof used as vitamins, and intermixtures of the fore-going, whether or not in any solvent"
293711,Chemicals,"Polypeptide hormones, protein hormones and glycoprotein hormones, their derivatives and structural analogues; somatotropin, its derivatives and structural analogues","Hormones, prostaglandins, thromboxanes and leukotrienes, natural or reproduced by synthesis; derivatives and structural analogues thereof, including chain modified polypeptides, used primarily as hormones."
293712,Chemicals,"Polypeptide hormones, protein hormones and glycoprotein hormones, their derivatives and structural analogues; insulin and its salts","Hormones, prostaglandins, thromboxanes and leukotrienes, natural or reproduced by synthesis; derivatives and structural analogues thereof, including chain modified polypeptides, used primarily as hormones."
293719,Chemicals,"Polypeptide hormones, protein hormones and glycoprotein hormones, their derivatives and structural analogues; other than somatotropin, (its derivatives and structural anaologues) and insulin and its salts","Hormones, prostaglandins, thromboxanes and leukotrienes, natural or reproduced by synthesis; derivatives and structural analogues thereof, including chain modified polypeptides, used primarily as hormones."
293721,Chemicals,"Steroidal hormones, their derivatives and structural analogues; cortisone, hydrocortisone, prednisone (dehydrocortisone) and prednisolone (dehydrohydrocortisone)","Hormones, prostaglandins, thromboxanes and leukotrienes, natural or reproduced by synthesis; derivatives and structural analogues thereof, including chain modified polypeptides, used primarily as hormones."
293722,Chemicals,"Steroidal hormones, their derivatives and structural analogues; halogenated derivatives of corticosteroidal hormones","Hormones, prostaglandins, thromboxanes and leukotrienes, natural or reproduced by synthesis; derivatives and structural analogues thereof, including chain modified polypeptides, used primarily as hormones."
293723,Chemicals,"Steroidal hormones, their derivatives and structural analogues; oestrogens and progestogens","Hormones, prostaglandins, thromboxanes and leukotrienes, natural or reproduced by synthesis; derivatives and structural analogues thereof, including chain modified polypeptides, used primarily as hormones."
293729,Chemicals,"Steroidal hormones, their derivatives and structural analogues; other than cortisone, hydrocortisone, prednisone (dehydrocortisone), prednisolone (dehydrohydrocortisone), halogenated derivatives of corticosteroidal hormones, oestrogen and progestogens","Hormones, prostaglandins, thromboxanes and leukotrienes, natural or reproduced by synthesis; derivatives and structural analogues thereof, including chain modified polypeptides, used primarily as hormones."
293750,Chemicals,"Prostaglandins, thromboxanes and leukotrienes, their derivatives and structural analogues","Hormones, prostaglandins, thromboxanes and leukotrienes, natural or reproduced by synthesis; derivatives and structural analogues thereof, including chain modified polypeptides, used primarily as hormones."
293790,Chemicals,"Hormones, prostaglandins, thromboxanes and leukotrienes, natural or reproduced by synthesis; derivatives and structural analogues thereof, including chain modified polypeptides, used primarily as hormones, n.e.c. in heading 2937","Hormones, prostaglandins, thromboxanes and leukotrienes, natural or reproduced by synthesis; derivatives and structural analogues thereof, including chain modified polypeptides, used primarily as hormones."
293810,Chemicals,Glycosides; rutoside (rutin) and its derivatives,"Glycosides, natural or reproduced by synthesis, and their salts, ethers, esters and other derivatives"
293911,Chemicals,Alkaloids; of opium and their derivatives; salts thereof,"Alkaloids; natural or reproduced by synthesis, and their salts, ethers, esters and other derivatives"
293919,Chemicals,"Alkaloids; of opium and their derivatives; other than in 2939.11, salts thereof","Alkaloids; natural or reproduced by synthesis, and their salts, ethers, esters and other derivatives"
293920,Chemicals,Alkaloids; of cinchona and their derivatives; salts thereof,"Alkaloids; natural or reproduced by synthesis, and their salts, ethers, esters and other derivatives"
293930,Chemicals,Alkaloids; caffeine and its salts,"Alkaloids; natural or reproduced by synthesis, and their salts, ethers, esters and other derivatives"
293941,Chemicals,Alkaloids; of ephedrine and their derivatives; salts thereof,"Alkaloids; natural or reproduced by synthesis, and their salts, ethers, esters and other derivatives"
293942,Chemicals,Alkaloids; of ephedrine and their derivatives; pseudoephedrine (INN) and its salts,"Alkaloids; natural or reproduced by synthesis, and their salts, ethers, esters and other derivatives"
293943,Chemicals,Alkaloids; of ephedrine and their derivatives; cathine (INN) and its salts,"Alkaloids; natural or reproduced by synthesis, and their salts, ethers, esters and other derivatives"
293944,Chemicals,Alkaloids; of ephedrine and their derivatives; norephedrine and its salts,"Alkaloids; natural or reproduced by synthesis, and their salts, ethers, esters and other derivatives"
293945,Chemicals,"Alkaloids; of ephedrine and their derivatives; levometamfetamine, metamfetamine (INN), metamefetamine racemate and their salts","Alkaloids; natural or reproduced by synthesis, and their salts, ethers, esters and other derivatives"
293949,Chemicals,"Alkaloids; of ephedrine and their derivatives; other than ephedrine, pseudoephedrine (INN), norephedrine, cathine (INN), levometamfetamine, metamfetamine (INN), metamefetamine racemate and their salts","Alkaloids; natural or reproduced by synthesis, and their salts, ethers, esters and other derivatives"
293951,Chemicals,"Alkaloids; theophylline and aminophylline (theophylline-ethylenediamine) and their derivatives; salts thereof, fenetylline (INN) and its salts","Alkaloids; natural or reproduced by synthesis, and their salts, ethers, esters and other derivatives"
293959,Chemicals,"Alkaloids; theophylline and aminophylline (theophylline-ethylenediamine) and their derivatives; salts thereof, other than fenetylline","Alkaloids; natural or reproduced by synthesis, and their salts, ethers, esters and other derivatives"
293961,Chemicals,"Alkaloids; of rye ergot and their derivatives, ergometrine (INN) and its salts","Alkaloids; natural or reproduced by synthesis, and their salts, ethers, esters and other derivatives"
293962,Chemicals,"Alkaloids; of rye ergot and their derivatives, ergotamine (INN) and its salts","Alkaloids; natural or reproduced by synthesis, and their salts, ethers, esters and other derivatives"
293963,Chemicals,"Alkaloids; of rye ergot and their derivatives, lysergic acid and its salts","Alkaloids; natural or reproduced by synthesis, and their salts, ethers, esters and other derivatives"
293969,Chemicals,"Alkaloids; of rye ergot and their derivatives, salts thereof, n.e.c. in item no. 2939.6","Alkaloids; natural or reproduced by synthesis, and their salts, ethers, esters and other derivatives"
293972,Chemicals,"Alkaloids; of vegetal origin, cocaine, ecgonine; salts, esters and other derivatives thereof","Alkaloids; natural or reproduced by synthesis, and their salts, ethers, esters and other derivatives"
293980,Chemicals,"Alkaloids; natural or reproduced by synthesis, and their salts, esters and other derivatives n.e.c. in heading no. 2939","Alkaloids; natural or reproduced by synthesis, and their salts, ethers, esters and other derivatives"
294110,Chemicals,Antibiotics; penicillins and their derivatives with a penicillanic acid structure; salts thereof,Antibiotics
294130,Chemicals,Antibiotics; tetracyclines and their derivatives; salts thereof,Antibiotics
294140,Chemicals,Antibiotics; chloramphenicol and its derivatives; salts thereof,Antibiotics
294150,Chemicals,Antibiotics; erythromycin and its derivatives; salts thereof,Antibiotics
294190,Chemicals,Antibiotics; n.e.c. in heading no. 2941,Antibiotics
300212,Pharmaceutical,"Blood, human or animal, antisera, other blood fractions and immunological products; antisera and other blood fractions","Human blood; animal blood for therapeutic, prophylactic or diagnostic uses; antisera, other blood fractions, immunological products, modified or obtained by biotechnological processes; vaccines, toxins, cultures of micro-organisms (excluding yeasts) etc"
300213,Pharmaceutical,"Blood, human or animal, antisera, other blood fractions and immunological products; immunological products, unmixed, not put up in measured doses or in forms or packings for retail sale","Human blood; animal blood for therapeutic, prophylactic or diagnostic uses; antisera, other blood fractions, immunological products, modified or obtained by biotechnological processes; vaccines, toxins, cultures of micro-organisms (excluding yeasts) etc"
300214,Pharmaceutical,"Blood, human or animal, antisera, other blood fractions and immunological products; immunological products, mixed, put up in measured doses or in forms or packings for retail sale","Human blood; animal blood for therapeutic, prophylactic or diagnostic uses; antisera, other blood fractions, immunological products, modified or obtained by biotechnological processes; vaccines, toxins, cultures of micro-organisms (excluding yeasts) etc"
300215,Pharmaceutical,"Blood, human or animal, antisera, other blood fractions and immunological products; immunological products, put up in measured doses or in forms or packings for retail sale","Human blood; animal blood for therapeutic, prophylactic or diagnostic uses; antisera, other blood fractions, immunological products, modified or obtained by biotechnological processes; vaccines, toxins, cultures of micro-organisms (excluding yeasts) etc"
300242,Pharmaceutical,"Vaccines, toxins, cultures of micro-organisms (excluding yeasts) and similar products; for veterinary medicine","Human blood; animal blood for therapeutic, prophylactic or diagnostic uses; antisera, other blood fractions, immunological products, modified or obtained by biotechnological processes; vaccines, toxins, cultures of micro-organisms (excluding yeasts) etc"
300251,Pharmaceutical,"Cell cultures, whether or not modified; cell therapy products","Human blood; animal blood for therapeutic, prophylactic or diagnostic uses; antisera, other blood fractions, immunological products, modified or obtained by biotechnological processes; vaccines, toxins, cultures of micro-organisms (excluding yeasts) etc"
300259,Pharmaceutical,"Cell cultures, whether or not modified; other cell cultures not including cell therapy products","Human blood; animal blood for therapeutic, prophylactic or diagnostic uses; antisera, other blood fractions, immunological products, modified or obtained by biotechnological processes; vaccines, toxins, cultures of micro-organisms (excluding yeasts) etc"
300310,Pharmaceutical,"Medicaments; containing penicillins, streptomycins or their derivatives, for therapeutic or prophylactic uses, (not in measured doses, not packaged for retail sale)","Medicaments; (not goods of heading no. 3002, 3005 or 3006) of two or more constituents mixed together for therapeutic or prophylactic use not in measured doses or in forms or packings for retail sale"
300320,Pharmaceutical,"Medicaments; containing antibiotics other than penicillins, streptomycins and their derivatives, for therapeutic or prophylactic uses, (not in measured doses, not packaged for retail sale)","Medicaments; (not goods of heading no. 3002, 3005 or 3006) of two or more constituents mixed together for therapeutic or prophylactic use not in measured doses or in forms or packings for retail sale"
300331,Pharmaceutical,"Medicaments; containing insulin, for therapeutic or prophylactic uses, not packaged for retail sale","Medicaments; (not goods of heading no. 3002, 3005 or 3006) of two or more constituents mixed together for therapeutic or prophylactic use not in measured doses or in forms or packings for retail sale"
300339,Pharmaceutical,"Medicaments; containing hormones (excluding insulin), (but not containing antibiotics), for therapeutic or prophylactic uses, not packaged for retail sale","Medicaments; (not goods of heading no. 3002, 3005 or 3006) of two or more constituents mixed together for therapeutic or prophylactic use not in measured doses or in forms or packings for retail sale"
300341,Pharmaceutical,"Medicaments; containing alkaloids or their derivatives, containing ephedrine or its salts, for therapeutic or prophylactic uses, (not packaged for retail sale)","Medicaments; (not goods of heading no. 3002, 3005 or 3006) of two or more constituents mixed together for therapeutic or prophylactic use not in measured doses or in forms or packings for retail sale"
300342,Pharmaceutical,"Medicaments; containing alkaloids or their derivatives, containing pseudoephedrine (INN) or its salts, for therapeutic or prophylactic uses, (not packaged for retail sale)","Medicaments; (not goods of heading no. 3002, 3005 or 3006) of two or more constituents mixed together for therapeutic or prophylactic use not in measured doses or in forms or packings for retail sale"
300343,Pharmaceutical,"Medicaments; containing alkaloids or their derivatives, containing norephedrine or its salts, for therapeutic or prophylactic uses, (not packaged for retail sale)","Medicaments; (not goods of heading no. 3002, 3005 or 3006) of two or more constituents mixed together for therapeutic or prophylactic use not in measured doses or in forms or packings for retail sale"
300349,Pharmaceutical,"Medicaments; containing alkaloids or their derivatives; other than ephedrine, pseudoephedrine (INN) or norephedrine or their salts; for therapeutic or prophylactic uses, (not packaged for retail sale)","Medicaments; (not goods of heading no. 3002, 3005 or 3006) of two or more constituents mixed together for therapeutic or prophylactic use not in measured doses or in forms or packings for retail sale"
300360,Pharmaceutical,"Medicaments; containing antimalarial active principles described in subheading note 2 to this chapter, for therapeutic or prophylactic uses, (not packaged for retail sale)","Medicaments; (not goods of heading no. 3002, 3005 or 3006) of two or more constituents mixed together for therapeutic or prophylactic use not in measured doses or in forms or packings for retail sale"
300390,Pharmaceutical,"Medicaments; (not containing antibiotics, hormones, alkaloids or their derivatives), for therapeutic or prophylactic uses, (not packaged for retail sale)","Medicaments; (not goods of heading no. 3002, 3005 or 3006) of two or more constituents mixed together for therapeutic or prophylactic use not in measured doses or in forms or packings for retail sale"
300410,Pharmaceutical,"Medicaments; containing penicillins, streptomycins or their derivatives, for therapeutic or prophylactic uses, packaged for retail sale","Medicaments; (not goods of heading no. 3002, 3005 or 3006) consisting of mixed or unmixed products for therapeutic or prophylactic use, put up in measured doses (incl. those in the form of transdermal admin. systems) or packed for retail sale"
300420,Pharmaceutical,"Medicaments; containing antibiotics (other than penicillins, streptomycins or their derivatives), for therapeutic or prophylactic uses, packaged for retail sale","Medicaments; (not goods of heading no. 3002, 3005 or 3006) consisting of mixed or unmixed products for therapeutic or prophylactic use, put up in measured doses (incl. those in the form of transdermal admin. systems) or packed for retail sale"
300431,Pharmaceutical,"Medicaments; containing insulin, for therapeutic or prophylactic uses, packaged for retail sale","Medicaments; (not goods of heading no. 3002, 3005 or 3006) consisting of mixed or unmixed products for therapeutic or prophylactic use, put up in measured doses (incl. those in the form of transdermal admin. systems) or packed for retail sale"
300432,Pharmaceutical,"Medicaments; containing corticosteroid hormones, their derivatives or structural analogues (but not containing antibiotics), for therapeutic or prophylactic uses, packaged for retail sale","Medicaments; (not goods of heading no. 3002, 3005 or 3006) consisting of mixed or unmixed products for therapeutic or prophylactic use, put up in measured doses (incl. those in the form of transdermal admin. systems) or packed for retail sale"
300439,Pharmaceutical,"Medicaments; containing hormones (but not insulin), adrenal cortex hormones or antibiotics, for therapeutic or prophylactic uses, packaged for retail sale","Medicaments; (not goods of heading no. 3002, 3005 or 3006) consisting of mixed or unmixed products for therapeutic or prophylactic use, put up in measured doses (incl. those in the form of transdermal admin. systems) or packed for retail sale"
300441,Pharmaceutical,"Medicaments; containing alkaloids or their derivatives, containing ephedrine or its salts, for therapeutic or prophylactic uses, packaged for retail sale","Medicaments; (not goods of heading no. 3002, 3005 or 3006) consisting of mixed or unmixed products for therapeutic or prophylactic use, put up in measured doses (incl. those in the form of transdermal admin. systems) or packed for retail sale"
300442,Pharmaceutical,"Medicaments; containing alkaloids or their derivatives, containing pseudoephedrine (INN) or its salts, for therapeutic or prophylactic uses, packaged for retail sale","Medicaments; (not goods of heading no. 3002, 3005 or 3006) consisting of mixed or unmixed products for therapeutic or prophylactic use, put up in measured doses (incl. those in the form of transdermal admin. systems) or packed for retail sale"
300443,Pharmaceutical,"Medicaments; containing alkaloids or their derivatives, containing norephedrine or its salts, for therapeutic or prophylactic uses, packaged for retail sale","Medicaments; (not goods of heading no. 3002, 3005 or 3006) consisting of mixed or unmixed products for therapeutic or prophylactic use, put up in measured doses (incl. those in the form of transdermal admin. systems) or packed for retail sale"
300449,Pharmaceutical,"Medicaments; containing alkaloids or their derivatives; other than ephedrine, pseudoephedrine (INN) or norephedrine or their salts; for therapeutic or prophylactic uses, packaged for retail sale","Medicaments; (not goods of heading no. 3002, 3005 or 3006) consisting of mixed or unmixed products for therapeutic or prophylactic use, put up in measured doses (incl. those in the form of transdermal admin. systems) or packed for retail sale"
300450,Pharmaceutical,"Medicaments; containing vitamins or their derivatives, for therapeutic or prophylactic use, packaged for retail sale","Medicaments; (not goods of heading no. 3002, 3005 or 3006) consisting of mixed or unmixed products for therapeutic or prophylactic use, put up in measured doses (incl. those in the form of transdermal admin. systems) or packed for retail sale"
300460,Pharmaceutical,"Medicaments; containing antimalarial active principles described in Subheading Note 2 to this Chapter, for therapeutic or prophylactic uses, packaged for retail sale","Medicaments; (not goods of heading no. 3002, 3005 or 3006) consisting of mixed or unmixed products for therapeutic or prophylactic use, put up in measured doses (incl. those in the form of transdermal admin. systems) or packed for retail sale"
300490,Pharmaceutical,"Medicaments; consisting of mixed or unmixed products n.e.c. in heading no. 3004, for therapeutic or prophylactic uses, packaged for retail sale","Medicaments; (not goods of heading no. 3002, 3005 or 3006) consisting of mixed or unmixed products for therapeutic or prophylactic use, put up in measured doses (incl. those in the form of transdermal admin. systems) or packed for retail sale"
300510,Pharmaceutical,"Dressings, adhesive; and other articles having an adhesive layer, packed for retail sale for medical, surgical, dental or veterinary purposes","Wadding, gauze, bandages (dressings, adhesive plasters, poultices), impregnated or coated with pharmaceutical substances or in forms or packings for retail sale, for medical, surgical or veterinary use"
300630,Pharmaceutical,"Pharmaceutical goods; opacifying preparations for x-ray examinations, diagnostic reagents designed to be administered to the patient",Pharmaceutical goods
300640,Pharmaceutical,"Pharmaceutical goods; dental cements and other dental fillings, bone reconstruction cements",Pharmaceutical goods
300650,Pharmaceutical,Pharmaceutical goods; first aid boxes and kits,Pharmaceutical goods
300660,Pharmaceutical,"Pharmaceutical goods; chemical contraceptive preparations based on hormones, on other products of heading 2937 or on spermicides",Pharmaceutical goods
300670,Pharmaceutical,Pharmaceutical goods; Gel preparations designed to be used in human or veterinary medicine as a lubricant for parts of the body for surgical operations or physical examinations or as a coupling agent between the body and medical instruments,Pharmaceutical goods
300691,Pharmaceutical,Pharmaceutical goods; appliances identifiable for ostomy use,Pharmaceutical goods
300692,Pharmaceutical,Pharmaceutical goods; waste pharmaceuticals,Pharmaceutical goods
300693,Pharmaceutical,"Pharmaceutical goods; placebos and blinded (or double-blinded) clinical trial kits for a recognised clinical trial, put up in measured doses",Pharmaceutical goods
310100,Chemicals,"Fertilizers, animal or vegetable; whether or not mixed together or chemically treated; fertilizers, produced by the mixing or chemical treatment of animal or vegetable products","Fertilizers; animal or vegetable, whether or not mixed together or chemically treated; fertilizers produced by the mixing or chemical treatment of animal or vegetable products"
310221,Chemicals,"Fertilizers, mineral or chemical; nitrogenous, ammonium sulphate","Fertilizers; mineral or chemical, nitrogenous"
310280,Chemicals,"Fertilizers, mineral or chemical; nitrogenous, mixtures of urea and ammonium nitrate in aqueous or ammoniacal solution","Fertilizers; mineral or chemical, nitrogenous"
310311,Chemicals,"Fertilizers, mineral or chemical; phosphatic, superphosphates, containing by weight 35% or more of diphosphorus pentaoxide (P2O5)","Fertilizers; mineral or chemical, phosphatic"
310319,Chemicals,"Fertilizers, mineral or chemical; phosphatic, superphosphates, other than containing by weight 35% or more of diphosphorus pentaoxide (P2O5)","Fertilizers; mineral or chemical, phosphatic"
310390,Chemicals,"Fertilizers, mineral or chemical; phosphatic, n.e.c. in heading no. 3103","Fertilizers; mineral or chemical, phosphatic"
310430,Chemicals,"Fertilizers, mineral or chemical; potassic, potassium sulphate","Fertilizers; mineral or chemical, potassic"
310490,Chemicals,"Fertilizers, mineral or chemical; potassic, n.e.c. in heading no. 3104","Fertilizers; mineral or chemical, potassic"
310530,Chemicals,"Fertilizers, mineral or chemical; diammonium hydrogenorthophosphate (diammonium phosphate)","Fertilizers; mineral or chemical, containing 2 or 3 of the elements nitrogen, phosphorus, potassium; other fertilisers; goods of chapter 31 in tablets or packages of gross weight not exceeding 10kg"
310540,Chemicals,"Fertilizers, mineral or chemical; ammonium dihydrogenorthophosphate (monoammonium phosphate) and mixtures thereof with diammonium hydrogenorthophosphate (diammonium phosphate)","Fertilizers; mineral or chemical, containing 2 or 3 of the elements nitrogen, phosphorus, potassium; other fertilisers; goods of chapter 31 in tablets or packages of gross weight not exceeding 10kg"
310560,Chemicals,"Fertilizers, mineral or chemical; containing the two fertilizing elements phosphorus and potassium","Fertilizers; mineral or chemical, containing 2 or 3 of the elements nitrogen, phosphorus, potassium; other fertilisers; goods of chapter 31 in tablets or packages of gross weight not exceeding 10kg"
320110,Chemicals,Tanning extracts of vegetable origin; quebracho extract,"Tanning extracts of vegetable origin; tannins and their salts, ethers, esters and other derivatives"
320120,Chemicals,Tanning extracts of vegetable origin; wattle extract,"Tanning extracts of vegetable origin; tannins and their salts, ethers, esters and other derivatives"
320210,Chemicals,Tanning substances; synthetic organic tanning substances,"Tanning substances; synthetic organic or inorganic tanning substances; tanning preparations, whether or not containing natural tanning substances, enzymatic preparations for pre-tanning"
320290,Chemicals,"Tanning substances; inorganic tanning substances; tanning preparations, whether or not containing natural tanning substances; enzymatic preparations for pre- tanning","Tanning substances; synthetic organic or inorganic tanning substances; tanning preparations, whether or not containing natural tanning substances, enzymatic preparations for pre-tanning"
320418,Chemicals,Dyes; carotenoid colouring matters and preparations based thereon,Synthetic organic colouring matter and preparations based thereon; synthetic organic products used as fluorescent brightening agents or as luminophores; whether or not chemically defined
320642,Chemicals,Colouring matter; lithopone and other pigments and preparations based on zinc sulphide,"Colouring matter and preparations thereof n.e.c. in heading no. 3203, 3204, 3205; inorganic products, kind used as luminophores whether or not chemically defined"
320650,Chemicals,Colouring matter; inorganic products of a kind used as luminophores,"Colouring matter and preparations thereof n.e.c. in heading no. 3203, 3204, 3205; inorganic products, kind used as luminophores whether or not chemically defined"
320710,Chemicals,"Pigments; prepared pigments, opacifiers, colours and similar preparations","Pigments, prepared; opacifiers, colours, vitrifiable enamels, glazes, engobes (slips), liquid lustres etc as used in the ceramic enamelling or glass industry; glass frit and powder, granules or flakes"
320910,Chemicals,"Paints and varnishes; based on acrylic or vinyl polymers, dispersed or dissolved in an aqueous medium","Paints and varnishes (including enamels and lacquers) based on synthetic or chemically modified natural polymers, dispersed or dissolved in an aqueous medium"
320990,Chemicals,"Paints and varnishes; (based on polymers other than acrylic or vinyl), dispersed or dissolved in an aqueous medium","Paints and varnishes (including enamels and lacquers) based on synthetic or chemically modified natural polymers, dispersed or dissolved in an aqueous medium"
321100,Chemicals,Driers; prepared,Driers; prepared
321210,Chemicals,"Pigments; of a kind used in the manufacture of paints, stamping foils","Pigments (metallic powders and flakes) dispersed in non-aqueous media in liquid or paste form, as used in manufacture of paints (including enamels); stamping foils, dyes etc in forms, packing for retail sale"
321290,Chemicals,"Pigments; of a kind used in the manufacture of paints, other than stamping foils","Pigments (metallic powders and flakes) dispersed in non-aqueous media in liquid or paste form, as used in manufacture of paints (including enamels); stamping foils, dyes etc in forms, packing for retail sale"
321310,Chemicals,"Colours; in sets, of a kind used by artists, students or signboard painters","Colours; artists, students, or signboard painters, modifying tints, amusement colours and the like; in tablets, tubes, jars, bottles, pan or in similar forms or packings"
321390,Chemicals,"Colours; (other than in sets), of a kind used by artists, students or signboard painters","Colours; artists, students, or signboard painters, modifying tints, amusement colours and the like; in tablets, tubes, jars, bottles, pan or in similar forms or packings"
321490,Chemicals,Mastics; n.e.c. in heading no. 3214,"Glaziers' putty, grafting putty, resin cements, caulking compounds and other mastics; painters' fillings; non-refractory surfacing preparations for facades, indoor walls, floors, ceilings or the like"
321511,Chemicals,"Ink; for printing, black, whether or not concentrated or solid","Ink; printing, writing or drawing ink and other inks; whether or not concentrated or solid"
330130,Chemicals,Resinoids,"Oils; essential (concretes, absolutes); concentrates thereof in fats, fixed oils, waxes or the like (obtained by enfleurage or maceration); aqueous distillates, solutions and terpenic by-products thereof; resinoids; extracted oleoresins"
330410,Chemicals,Cosmetic and toilet preparations; lip make-up,"Cosmetic and toilet preparations; beauty, make-up and skin care preparations (excluding medicaments, including sunscreen or sun tan preparations), manicure or pedicure preparations"
330420,Chemicals,Cosmetic and toilet preparations; eye make-up,"Cosmetic and toilet preparations; beauty, make-up and skin care preparations (excluding medicaments, including sunscreen or sun tan preparations), manicure or pedicure preparations"
330430,Chemicals,Cosmetic and toilet preparations; manicure or pedicure preparations,"Cosmetic and toilet preparations; beauty, make-up and skin care preparations (excluding medicaments, including sunscreen or sun tan preparations), manicure or pedicure preparations"
330491,Chemicals,"Cosmetic and toilet preparations; powders, whether or not compressed (excluding lip, eye, manicure or pedicure preparations)","Cosmetic and toilet preparations; beauty, make-up and skin care preparations (excluding medicaments, including sunscreen or sun tan preparations), manicure or pedicure preparations"
330499,Chemicals,"Cosmetic and toilet preparations; n.e.c. in heading no. 3304, for the care of the skin (excluding medicaments, including sunscreen or sun tan preparations)","Cosmetic and toilet preparations; beauty, make-up and skin care preparations (excluding medicaments, including sunscreen or sun tan preparations), manicure or pedicure preparations"
330510,Chemicals,Hair preparations; shampoos,Hair preparations; for use on the hair
330520,Chemicals,Hair preparations; for permanent waving or straightening,Hair preparations; for use on the hair
330530,Chemicals,Hair preparations; lacquers,Hair preparations; for use on the hair
330590,Chemicals,Hair preparations; n.e.c. in heading no. 3305,Hair preparations; for use on the hair
330610,Chemicals,Oral or dental hygiene preparations; dentifrices,"Oral or dental hygiene preparations; including fixative pastes and powders; yarn used to clean between the teeth (dental floss), in individual retail packages"
330620,Chemicals,Oral or dental hygiene preparations; yarn used to clean between the teeth (dental floss),"Oral or dental hygiene preparations; including fixative pastes and powders; yarn used to clean between the teeth (dental floss), in individual retail packages"
330690,Chemicals,Oral or dental hygiene preparations; other than dentifrices,"Oral or dental hygiene preparations; including fixative pastes and powders; yarn used to clean between the teeth (dental floss), in individual retail packages"
330710,Chemicals,"Perfumery, cosmetic or toilet preparations; pre-shave, shaving or after-shave preparations","Perfumery, cosmetic or toilet preparations; pre-shave, shaving, after-shave, bath preparations; personal deodorants and depilatories; room deodorisers, perfumed or not with disinfectant properties or not"
330720,Chemicals,"Perfumery, cosmetic or toilet preparations; personal deodorants and antiperspirants","Perfumery, cosmetic or toilet preparations; pre-shave, shaving, after-shave, bath preparations; personal deodorants and depilatories; room deodorisers, perfumed or not with disinfectant properties or not"
330730,Chemicals,"Perfumery, cosmetic or toilet preparations; perfumed bath salts and other bath preparations","Perfumery, cosmetic or toilet preparations; pre-shave, shaving, after-shave, bath preparations; personal deodorants and depilatories; room deodorisers, perfumed or not with disinfectant properties or not"
330741,Chemicals,"Perfumes and deodorizers; perfuming or deodorizing preparations for rooms, agarbatti and other odoriferous preparations which operate by burning (including those used during religious rites)","Perfumery, cosmetic or toilet preparations; pre-shave, shaving, after-shave, bath preparations; personal deodorants and depilatories; room deodorisers, perfumed or not with disinfectant properties or not"
330790,Chemicals,Perfumes and deodorizers; perfuming or deodorizing preparations n.e.c. in heading no. 3307,"Perfumery, cosmetic or toilet preparations; pre-shave, shaving, after-shave, bath preparations; personal deodorants and depilatories; room deodorisers, perfumed or not with disinfectant properties or not"
340111,Chemicals,"Soap and organic surface-active products; in the form of bars, cakes, moulded shapes, and paper, wadding, felt and nonwovens, impregnated, coated or covered with soap or detergent, for toilet use (including medicated products)","Soap; organic surface-active preparations used as soap, skin washing, in bars, cakes, moulded pieces, shapes, liquid or cream, containing soap or not; for retail, paper, wadding, felt and nonwovens, impregnated, coated or covered with soap or detergent"
340119,Chemicals,"Soap and organic surface-active products; in the form of bars, cakes, moulded shapes, and paper, wadding, felt and nonwovens, impregnated, coated or covered with soap or detergent, not for toilet use","Soap; organic surface-active preparations used as soap, skin washing, in bars, cakes, moulded pieces, shapes, liquid or cream, containing soap or not; for retail, paper, wadding, felt and nonwovens, impregnated, coated or covered with soap or detergent"
340130,Chemicals,"Organic surface-active products and preparations for washing the skin, in the form of liquid or cream and put up for retail sale, whether or not containing soap","Soap; organic surface-active preparations used as soap, skin washing, in bars, cakes, moulded pieces, shapes, liquid or cream, containing soap or not; for retail, paper, wadding, felt and nonwovens, impregnated, coated or covered with soap or detergent"
340231,Chemicals,"Anionic organic surface-active agents (other than soap); linear alkylbenzene sulphonic acids and their salts, whether or not put up for retail sale","Organic surface-active agents (not soap); surface-active, washing (including auxiliary washing) and cleaning preparations, containing soap or not, excluding those of heading no. 3401"
340241,Chemicals,"Organic surface-active agents; cationic (other than soap), whether or not put up for retail sale","Organic surface-active agents (not soap); surface-active, washing (including auxiliary washing) and cleaning preparations, containing soap or not, excluding those of heading no. 3401"
340249,Chemicals,"Organic surface-active agents; whether or not put up for retail sale, n.e.c. in item no. 3402","Organic surface-active agents (not soap); surface-active, washing (including auxiliary washing) and cleaning preparations, containing soap or not, excluding those of heading no. 3401"
340311,Chemicals,"Lubricating preparations; for the treatment of textile and similar materials (leather, furskins etc), containing less than 70% (by weight) of petroleum oils or oils obtained from bituminous minerals",Lubricating preparations and those used in oil or grease treatment of textile and similar materials; excluding preparations containing 70% or more (by weight) of petroleum or bituminous mineral oils
340391,Chemicals,"Lubricating preparations; for the treatment of textile and similar materials (leather, furskins etc), (not containing petroleum oils or oils obtained from bituminous minerals)",Lubricating preparations and those used in oil or grease treatment of textile and similar materials; excluding preparations containing 70% or more (by weight) of petroleum or bituminous mineral oils
340399,Chemicals,"Lubricating preparations; other than for the treatment of textile and similar materials, not containing petroleum oils or oils obtained from bituminous minerals",Lubricating preparations and those used in oil or grease treatment of textile and similar materials; excluding preparations containing 70% or more (by weight) of petroleum or bituminous mineral oils
340420,Chemicals,"Waxes; artificial and prepared, of poly(oxyethylene) (polyethylene glycol)","Waxes; artificial, prepared"
340490,Chemicals,"Waxes; artificial and prepared, other than of polyethylene glycol","Waxes; artificial, prepared"
340510,Chemicals,"Polishes, creams and similar preparations; for footwear or leather, excluding waxes of heading no. 3404","Polishes, creams, scouring pastes, powders and similar; in any form, (including articles impregnated, coated or covered with such), for furniture, footwear, floors, coachwork, glass or metal"
340520,Chemicals,"Polishes, creams and similar preparations; for the maintenance of wooden furniture, floors or other woodwork, excluding waxes of heading no. 3404","Polishes, creams, scouring pastes, powders and similar; in any form, (including articles impregnated, coated or covered with such), for furniture, footwear, floors, coachwork, glass or metal"
340530,Chemicals,"Polishes, creams and similar preparations; for coachwork, other than metal polishes, excluding waxes of heading no. 3404","Polishes, creams, scouring pastes, powders and similar; in any form, (including articles impregnated, coated or covered with such), for furniture, footwear, floors, coachwork, glass or metal"
340540,Chemicals,"Scouring pastes and powders and other scouring preparations; (whether or not in the form of paper, wadding, felt, nonwovens, cellular plastics, cellular rubber, impregnated, coated or covered)","Polishes, creams, scouring pastes, powders and similar; in any form, (including articles impregnated, coated or covered with such), for furniture, footwear, floors, coachwork, glass or metal"
340600,Chemicals,"Candles, tapers and the like","Candles, tapers and the like"
340700,Chemicals,"Modelling pastes; preparations known as dental wax, put up in sets, in packings for retail sale or in plates, horseshoe shapes, sticks or similar forms, other preparations for use in dentistry","Modelling pastes, including those for children; dental wax, impression compounds, in sets or packings for retail sale or in plates and similar forms; dentistry preparations with plaster base"
350610,Chemicals,"Glues or adhesives; prepared, products suitable for use as glues or adhesives, put up for retail sale as glues or adhesives, not exceeding a net weight of 1kg","Prepared glues and other prepared adhesives, n.e.c. or included; products suitable for use as glues or adhesives, put up for retail sale as glues or adhesives, not exceeding 1kg net weight"
350699,Chemicals,"Glues and other adhesives; prepared, n.e.c. in heading no. 3506, not exceeding a net weight of 1kg","Prepared glues and other prepared adhesives, n.e.c. or included; products suitable for use as glues or adhesives, put up for retail sale as glues or adhesives, not exceeding 1kg net weight"
350710,Chemicals,Enzymes; rennet and concentrates thereof,Enzymes; prepared enzymes not elsewhere specified or included
360310,Chemicals,Safety fuses,Safety fuses; detonating cords; percussion or detonating caps; igniters; electric detonators
360320,Chemicals,Detonating cords,Safety fuses; detonating cords; percussion or detonating caps; igniters; electric detonators
360330,Chemicals,Percussion caps,Safety fuses; detonating cords; percussion or detonating caps; igniters; electric detonators
360340,Chemicals,Detonating caps,Safety fuses; detonating cords; percussion or detonating caps; igniters; electric detonators
360360,Chemicals,Electric detonators,Safety fuses; detonating cords; percussion or detonating caps; igniters; electric detonators
360410,Chemicals,Pyrotechnic products; fireworks,"Fireworks, signalling flares, rain rockets, fog signals and other pyrotechnic articles"
360490,Chemicals,"Pyrotechnic products; signalling flares, rain rockets, fog signals and other pyrotechnic articles (excluding fireworks)","Fireworks, signalling flares, rain rockets, fog signals and other pyrotechnic articles"
360500,Chemicals,Matches; other than pyrotechnic articles of heading no. 3604,Matches; other than pyrotechnic articles of heading no. 3604
360610,Chemicals,"Fuels; liquid or liquefied-gas, in containers, of a kind used for filling or refilling cigarette or similar lighters and of a capacity not exceeding 300cm3",Ferro-cerium and other pyrophoric alloys in all forms; articles of combustible materials n.e.c. in chapter 36
370110,Chemicals,"Photographic plates and film; for x-ray, in the flat, sensitised, unexposed, of any material other than paper, paperboard or textiles","Photographic plates and film in the flat, sensitised, unexposed, of any material other than paper, paperboard or textiles; instant print film in the flat, sensitised, unexposed, whether or not in packs"
370120,Chemicals,"Photographic plates and film; instant print film, in the flat, sensitised, unexposed, whether or not in packs","Photographic plates and film in the flat, sensitised, unexposed, of any material other than paper, paperboard or textiles; instant print film in the flat, sensitised, unexposed, whether or not in packs"
370130,Chemicals,"Photographic plates and film; in the flat, sensitised, unexposed, with any side exceeding 225mm, of any materials other than paper, paperboard or textiles","Photographic plates and film in the flat, sensitised, unexposed, of any material other than paper, paperboard or textiles; instant print film in the flat, sensitised, unexposed, whether or not in packs"
370191,Chemicals,"Photographic plates and film; for colour photography (polychrome), in the flat, sensitised, unexposed, with no side exceeding 255mm, of any material other than paper, paperboard or textiles","Photographic plates and film in the flat, sensitised, unexposed, of any material other than paper, paperboard or textiles; instant print film in the flat, sensitised, unexposed, whether or not in packs"
370199,Chemicals,"Photographic plates and film; (for other than colour photography), in the flat, sensitised, unexposed, with no side exceeding 255mm, of any material other than paper, paperboard or textiles","Photographic plates and film in the flat, sensitised, unexposed, of any material other than paper, paperboard or textiles; instant print film in the flat, sensitised, unexposed, whether or not in packs"
370210,Chemicals,"Photographic film; for x-rays, in rolls, sensitised and unexposed (other than of paper, paperboard or textiles)","Photographic film in rolls, sensitised, unexposed, of any material other than paper, paperboard or textiles; instant print film in rolls, sensitised, unexposed"
370239,Chemicals,"Photographic film; in rolls, (other than with silver halide emulsion and for colour photography), sensitised, unexposed, without sprocket holes, of a width not exceeding 105mm (other than of paper, paperboard or textiles)","Photographic film in rolls, sensitised, unexposed, of any material other than paper, paperboard or textiles; instant print film in rolls, sensitised, unexposed"
370241,Chemicals,"Photographic film; for colour photography (polychrome), in rolls, sensitised, unexposed, without sprocket holes, of a width exceeding 610mm and of a length exceeding 200m (other than of paper, paperboard or textiles)","Photographic film in rolls, sensitised, unexposed, of any material other than paper, paperboard or textiles; instant print film in rolls, sensitised, unexposed"
370242,Chemicals,"Photographic film; in rolls, (other than for colour photography), sensitised, unexposed, without sprocket holes, of a width exceeding 610mm and of a length exceeding 200m (other than of paper, paperboard or textiles)","Photographic film in rolls, sensitised, unexposed, of any material other than paper, paperboard or textiles; instant print film in rolls, sensitised, unexposed"
370243,Chemicals,"Photographic film; in rolls, sensitised, unexposed, without sprocket holes, of a width exceeding 610mm and of a length not exceeding 200m (other than of paper, paperboard or textiles)","Photographic film in rolls, sensitised, unexposed, of any material other than paper, paperboard or textiles; instant print film in rolls, sensitised, unexposed"
370244,Chemicals,"Photographic film; in rolls, sensitised, unexposed, without sprocket holes, of a width exceeding 105mm but not exceeding 610mm (other than of paper, paperboard or textiles)","Photographic film in rolls, sensitised, unexposed, of any material other than paper, paperboard or textiles; instant print film in rolls, sensitised, unexposed"
370252,Chemicals,"Photographic film; for colour photography (polychrome), in rolls, sensitised, unexposed, of a width not exceeding 16mm (other than of paper, paperboard or textiles)","Photographic film in rolls, sensitised, unexposed, of any material other than paper, paperboard or textiles; instant print film in rolls, sensitised, unexposed"
370253,Chemicals,"Photographic film; for colour photography (polychrome) slides, in rolls, sensitised, unexposed, of a width exceeding 16mm but not exceeding 35mm and of a length not exceeding 30m (other than of paper, paperboard or textiles)","Photographic film in rolls, sensitised, unexposed, of any material other than paper, paperboard or textiles; instant print film in rolls, sensitised, unexposed"
370254,Chemicals,"Photographic film; for colour photography (polychrome), in rolls, sensitised, unexposed, of a width exceeding 16mm but not 35mm and of a length not exceeding 30m, excluding film for slides (other than of paper, paperboard or textiles)","Photographic film in rolls, sensitised, unexposed, of any material other than paper, paperboard or textiles; instant print film in rolls, sensitised, unexposed"
370255,Chemicals,"Photographic film; for colour photography (polychrome), in rolls, sensitised, unexposed, of a width exceeding 16mm but not 35mm and of a length exceeding 30m (other than of paper, paperboard or textiles)","Photographic film in rolls, sensitised, unexposed, of any material other than paper, paperboard or textiles; instant print film in rolls, sensitised, unexposed"
370256,Chemicals,"Photographic film; for colour photography (polychrome), in rolls, sensitised, unexposed, of a width exceeding 35mm (other than of paper, paperboard or textiles)","Photographic film in rolls, sensitised, unexposed, of any material other than paper, paperboard or textiles; instant print film in rolls, sensitised, unexposed"
370298,Chemicals,"Photographic film; other than for colour photography, in rolls, sensitised, unexposed, of a width exceeding 35mm (other than of paper, paperboard or textiles)","Photographic film in rolls, sensitised, unexposed, of any material other than paper, paperboard or textiles; instant print film in rolls, sensitised, unexposed"
370310,Chemicals,"Photographic paper, paperboard and textiles; in rolls, sensitised, unexposed, of a width exceeding 610mm","Photographic paper, paperboard and textiles; sensitised, unexposed"
370320,Chemicals,"Photographic paper, paperboard and textiles; for colour photography (polychrome), (other than in rolls of a width exceeding 610mm), sensitised, unexposed","Photographic paper, paperboard and textiles; sensitised, unexposed"
370390,Chemicals,"Photographic paper, paperboard and textiles; (for other than colour photography, other than in rolls of a width exceeding 610mm), sensitised, unexposed","Photographic paper, paperboard and textiles; sensitised, unexposed"
370710,Chemicals,"Photographic goods; sensitised emulsions, put up in measured portions or put up for retail sale in a form ready for use","Chemical preparations for photographic uses (other than varnishes, glues, adhesives and similar preparations); unmixed products for photographic uses, put up in measured portions or for retail sale"
380130,Chemicals,Carbonaceous pastes; for electrodes and similar pastes for furnace linings,"Artificial graphite; colloidal or semi-colloidal graphite; preparations based on graphite or other carbon in the form of pastes, blocks, plates or other semi-manufactures"
380620,Chemicals,"Rosin and resin; salts of rosin, of resin acids or of derivatives of rosin or resin acids, other than salts of rosin adducts",Rosin and resin acids and derivatives thereof; rosin spirit and rosin oils; run gums
380630,Chemicals,Ester gums,Rosin and resin acids and derivatives thereof; rosin spirit and rosin oils; run gums
380690,Chemicals,"Rosin; spirit and oils, n.e.c. in heading no. 3806",Rosin and resin acids and derivatives thereof; rosin spirit and rosin oils; run gums
380852,Chemicals,"Insecticides and the like; containing goods specified in Subheading Note 1 to this Chapter; for retail sale or as preparations or articles; DDT (ISO) (clofenotane (INN)), in packings of 300g or less","Insecticides, rodenticides, fungicides, herbicides, anti-sprouting products, plant growth regulators, disinfectants and the like, put up in forms or packings for retail sale or as preparations or articles"
380861,Chemicals,Insecticides and the like; containing goods specified in Subheading Note 2 to this Chapter; in packings of a net weight content not exceeding 300g; for retail sale or as preparations or articles,"Insecticides, rodenticides, fungicides, herbicides, anti-sprouting products, plant growth regulators, disinfectants and the like, put up in forms or packings for retail sale or as preparations or articles"
380862,Chemicals,"Insecticides; containing goods specified in Subheading Note 2 to this Chapter; put up in forms or packings for retail sale or as preparations or articles, in packings of a net weight content exceeding 300g but not exceeding 7.5kg","Insecticides, rodenticides, fungicides, herbicides, anti-sprouting products, plant growth regulators, disinfectants and the like, put up in forms or packings for retail sale or as preparations or articles"
380869,Chemicals,"Insecticides; containing goods named in Subheading Note 2 to this Chapter, put up in forms or packings for retail sale or as preparations or articles, in packings of a net weight content exceeding 7.5kg","Insecticides, rodenticides, fungicides, herbicides, anti-sprouting products, plant growth regulators, disinfectants and the like, put up in forms or packings for retail sale or as preparations or articles"
380992,Chemicals,"Finishing agents and dye carriers; to accelerate dyeing or fixing of dye-stuffs, other products and preparations, used in the paper industry (excluding those with a basis of amylaceous substances)","Finishing agents, dye carriers to accelerate the dyeing, fixing of dyestuffs, other products and preparations, of a kind used in the textile, paper, leather or like industries, n.e.c. or included"
380993,Chemicals,"Finishing agents and dye carriers; to accelerate dyeing or fixing of dye-stuffs, other products and preparations, used in the leather or like (excluding paper and textile) industries, (excluding those with a basis of amylaceous substances)","Finishing agents, dye carriers to accelerate the dyeing, fixing of dyestuffs, other products and preparations, of a kind used in the textile, paper, leather or like industries, n.e.c. or included"
381231,Chemicals,"Anti-oxidising preparations and other compound stabilisers; for rubber or plastics, mixtures of oligomers of 2,2,4-trimethyl-1,2-dihydroquinoline (TMQ)","Prepared rubber accelerators; compound plasticisers for rubber or plastics, n.e.c. or included; anti-oxidising preparations and other compound stabilisers for rubber or plastics"
381511,Chemicals,"Catalysts, supported; reaction initiators, reaction accelerators and catalytic preparations, with nickel or nickel compounds as the active substance, n.e.c. or included","Reaction initiators, reaction accelerators and catalytic preparations n.e.c. or included"
382100,Chemicals,"Prepared culture media for the development or maintenance of micro-organisms (including viruses and the like) or of plant, human or animal cells","Prepared culture media for the development or maintenance of micro-organisms (including viruses and the like) or of plant, human or animal cells"
382211,Chemicals,"Reagents; diagnostic or laboratory reagents on a backing, prepared diagnostic or laboratory reagents whether or not on a backing, whether or not put up in the form of kits; for malaria","Reagents; diagnostic or laboratory reagents on a backing, prepared diagnostic or laboratory reagents whether or not on a backing, whether or not put up in the form of kits, other than those of heading 30.06; certified reference materials"
382212,Chemicals,"Reagents; diagnostic or laboratory reagents on a backing, prepared diagnostic or laboratory reagents whether or not on a backing, whether or not put up in the form of kits; for zika and other diseases transmitted by mosquitoes of the genus Aedes","Reagents; diagnostic or laboratory reagents on a backing, prepared diagnostic or laboratory reagents whether or not on a backing, whether or not put up in the form of kits, other than those of heading 30.06; certified reference materials"
382213,Chemicals,"Reagents; diagnostic or laboratory reagents on a backing, prepared diagnostic or laboratory reagents whether or not on a backing, whether or not put up in the form of kits; for blood grouping","Reagents; diagnostic or laboratory reagents on a backing, prepared diagnostic or laboratory reagents whether or not on a backing, whether or not put up in the form of kits, other than those of heading 30.06; certified reference materials"
382290,Chemicals,"Reagents; diagnostic or laboratory reagents on a backing, prepared diagnostic or laboratory reagents whether or not on a backing, or put up in the form of kits, other than those of heading 30.06; certified reference materials, n.e.c. in heading 3822","Reagents; diagnostic or laboratory reagents on a backing, prepared diagnostic or laboratory reagents whether or not on a backing, whether or not put up in the form of kits, other than those of heading 30.06; certified reference materials"
382440,Chemicals,"Cements, mortars or concretes; their prepared additives","Prepared binders for foundry moulds or cores; chemical products and preparations of the chemical or allied industries (including those consisting of mixtures of natural products), not elsewhere specified or included"
382481,Chemicals,"Chemical products, mixtures and preparations; containing goods specified in Subheading Note 3 to this Chapter; containing oxirane (ethylene oxide)","Prepared binders for foundry moulds or cores; chemical products and preparations of the chemical or allied industries (including those consisting of mixtures of natural products), not elsewhere specified or included"
382483,Chemicals,"Chemical products, mixtures and preparations; containing goods specified in Subheading Note 3 to this Chapter; containing tris(2,3-dibromopropyl) phosphate","Prepared binders for foundry moulds or cores; chemical products and preparations of the chemical or allied industries (including those consisting of mixtures of natural products), not elsewhere specified or included"
382485,Chemicals,"Chemical products, mixtures and preparations; containing goods specified in Subheading Note 3 to this Chapter; containing 1,2,3,4,5,6-hexachlorocyclohexane (HCH (ISO)), including lindane (ISO, INN)","Prepared binders for foundry moulds or cores; chemical products and preparations of the chemical or allied industries (including those consisting of mixtures of natural products), not elsewhere specified or included"
382486,Chemicals,"Chemical products, mixtures and preparations; containing goods specified in Subheading Note 3 to this Chapter; containing pentachlorobenzene (ISO) or hexachlorobenzene (ISO)","Prepared binders for foundry moulds or cores; chemical products and preparations of the chemical or allied industries (including those consisting of mixtures of natural products), not elsewhere specified or included"
382487,Chemicals,"Chemical products, mixtures and preparations; containing goods specified in Subheading Note 3 to this Chapter; containing perfluorooctane sulphonic acid, its salts, perfluorooctane sulphonamides, or perfluorooctane sulphonyl fluoride","Prepared binders for foundry moulds or cores; chemical products and preparations of the chemical or allied industries (including those consisting of mixtures of natural products), not elsewhere specified or included"
382488,Chemicals,"Chemical products, mixtures and preparations; containing goods specified in Subheading Note 3 to this Chapter; containing tetra-, penta-, hexa-, hepta- or octabromodiphenyl ethers","Prepared binders for foundry moulds or cores; chemical products and preparations of the chemical or allied industries (including those consisting of mixtures of natural products), not elsewhere specified or included"
382491,Chemicals,"Chemical products, mixtures and preparations; consisting mainly of (5-ethyl-2-methyl-2-oxido-1,3,2-dioxaphosphinan-5-yl)methyl methyl methylphosphonate and bis[(5-ethyl-2-methyl-2-oxido-1,3,2-dioxaphosphinan-5-yl)methyl] methylphosphonate","Prepared binders for foundry moulds or cores; chemical products and preparations of the chemical or allied industries (including those consisting of mixtures of natural products), not elsewhere specified or included"
382492,Chemicals,"Chemical products, mixtures and preparations; polyglycol esters of methylphosphonic acid","Prepared binders for foundry moulds or cores; chemical products and preparations of the chemical or allied industries (including those consisting of mixtures of natural products), not elsewhere specified or included"
382510,Chemicals,"Residual products of the chemical or allied industries, not elsewhere specified or included; municipal waste","Residual products of the chemical or allied industries, not elsewhere specified or included; municipal waste; sewage sludge; other residual products."
382520,Chemicals,"Residual products of the chemical or allied industries, not elsewhere specified or included; sewage sludge","Residual products of the chemical or allied industries, not elsewhere specified or included; municipal waste; sewage sludge; other residual products."
382530,Chemicals,"Residual products of the chemical or allied industries, not elsewhere specified or included; clinical waste","Residual products of the chemical or allied industries, not elsewhere specified or included; municipal waste; sewage sludge; other residual products."
382541,Chemicals,"Residual products of the chemical or allied industries, not elsewhere specified or included; halogenated waste organic solvents","Residual products of the chemical or allied industries, not elsewhere specified or included; municipal waste; sewage sludge; other residual products."
382549,Chemicals,"Residual products of the chemical or allied industries, not elsewhere specified or included; waste organic solvents, other than halogenated","Residual products of the chemical or allied industries, not elsewhere specified or included; municipal waste; sewage sludge; other residual products."
382550,Chemicals,"Residual products of chemical or allied industries, not elsewhere specified or included; wastes of metal pickling liquors, hydraulic fluids, brake fluids and anti-freeze fluids","Residual products of the chemical or allied industries, not elsewhere specified or included; municipal waste; sewage sludge; other residual products."
382561,Chemicals,"Residual products of the chemical or allied industries, not elsewhere specified or included; (other than sewage sludge, municipal waste or waste covered in 27.10); other wastes n.e.c. in 3825; those mainly containing organic constituents","Residual products of the chemical or allied industries, not elsewhere specified or included; municipal waste; sewage sludge; other residual products."
382569,Chemicals,"Residual products of the chemical or allied industries, not elsewhere specified or included; (other than sewage sludge, municipal waste or waste covered by 27.10); other wastes n.e.c. in 3825; except those mainly containing organic constituents","Residual products of the chemical or allied industries, not elsewhere specified or included; municipal waste; sewage sludge; other residual products."
382711,Chemicals,"Mixtures containing halogenated derivatives of methane, ethane or propane, not elsewhere specified or included; containing chlorofluorocarbons (CFCs), whether or not containing hydrochlorofluorocarbons (HCFCs), perfluorocarbons (PFCs) or hydrofluorocarbon","Mixtures containing halogenated derivatives of methane, ethane or propane, not elsewhere specified or included"
382712,Chemicals,"Mixtures containing halogenated derivatives of methane, ethane or propane, not elsewhere specified or included; containing hydrobromofluorocarbons (HBFCs)","Mixtures containing halogenated derivatives of methane, ethane or propane, not elsewhere specified or included"
382713,Chemicals,"Mixtures containing halogenated derivatives of methane, ethane or propane, not elsewhere specified or included; containing carbon tetrachloride","Mixtures containing halogenated derivatives of methane, ethane or propane, not elsewhere specified or included"
382714,Chemicals,"Mixtures containing halogenated derivatives of methane, ethane or propane, not elsewhere specified or included; containing 1,1,1-trichloroethane (methyl chloroform)","Mixtures containing halogenated derivatives of methane, ethane or propane, not elsewhere specified or included"
382720,Chemicals,"Mixtures containing halogenated derivatives of methane, ethane or propane, not elsewhere specified or included; containing bromochlorodifluoromethane (Halon-1211), bromotrifluoromethane (Halon-1301) or dibromotetrafluoroethanes (Halon-2402)","Mixtures containing halogenated derivatives of methane, ethane or propane, not elsewhere specified or included"
382731,Chemicals,"Mixtures containing halogenated derivatives of methane, ethane or propane; containing hydrochlorofluorocarbons (HCFCs), perfluorocarbons (PFCs) or hydrofluorocarbons (HFCs) or not, but not containing chlorofluorocarbons (CFCs); containing substances of su","Mixtures containing halogenated derivatives of methane, ethane or propane, not elsewhere specified or included"
382732,Chemicals,"Mixtures containing halogenated methane, ethane, propane; containing hydrochlorofluorocarbons (HCFCs), perfluorocarbons (PFCs) or hydrofluorocarbons (HFCs) or not, not chlorofluorocarbons (CFCs); containing substances of subheadings 2903.71 to 2903.75","Mixtures containing halogenated derivatives of methane, ethane or propane, not elsewhere specified or included"
382739,Chemicals,"Mixtures containing halogenated methane, ethane, or propane; containing hydrochlorofluorocarbons (HCFCs), perfluorocarbons (PFCs) or hydrofluorocarbons (HFCs) or not, but not chlorofluorocarbons (CFCs); n.e.c. in subheading 3827.3","Mixtures containing halogenated derivatives of methane, ethane or propane, not elsewhere specified or included"
382740,Chemicals,"Mixtures containing halogenated derivatives of methane, ethane or propane; containing hydrochlorofluorocarbons (HCFCs), perfluorocarbons (PFCs) or hydrofluorocarbons (HFCs) or not, but not containing chlorofluorocarbons (CFCs); containing bromomethane (me","Mixtures containing halogenated derivatives of methane, ethane or propane, not elsewhere specified or included"
382759,Chemicals,"Mixtures containing halogenated derivatives of methane, ethane or propane; containing trifluoromethan (HFC-23) or perfluorocarbons (PFCs) not containing chlorofluorocarbons (CFCs) or hydrochlorofluorocarbons (HCFCs); other mixtures n.e.c. in subheading 38","Mixtures containing halogenated derivatives of methane, ethane or propane, not elsewhere specified or included"
382769,Chemicals,"Mixtures containing halogenated derivatives of methane, ethane or propane; containing other hydrofluorocarbons (HFCs) but not containing chlorofluorocarbons (CFCs) or hydrochlorofluorocarbons (HCFCs); n.e.c. in items no. 3827.5 and 3827.6, not containing","Mixtures containing halogenated derivatives of methane, ethane or propane, not elsewhere specified or included"
390311,Plastics,"Styrene polymers; expansible polystyrene, in primary forms","Polymers of styrene, in primary forms"
390320,Plastics,"Styrene polymers; styrene-acrylonitrile (SAN) copolymers, in primary forms","Polymers of styrene, in primary forms"
390330,Plastics,"Styrene polymers; acrylonitrile-butadiene-styrene (ABS) copolymers, in primary forms","Polymers of styrene, in primary forms"
390430,Plastics,"Vinyl chloride, other halogenated olefin polymers; vinyl chloride-vinyl acetate copolymers, in primary forms","Polymers of vinyl chloride or of other halogenated olefins, in primary forms"
390512,Plastics,"Poly(vinyl acetate); in aqueous dispersion, in primary forms","Polymers of vinyl acetate or of other vinyl esters, in primary forms; other vinyl polymers in primary forms"
390521,Plastics,"Vinyl acetate copolymers; in aqueous dispersion, in primary forms","Polymers of vinyl acetate or of other vinyl esters, in primary forms; other vinyl polymers in primary forms"
390610,Plastics,"Acrylic polymers; poly(methyl methacrylate), in primary forms",Acrylic polymers in primary forms
390710,Plastics,Polyacetals; in primary forms,"Polyacetals, other polyethers and epoxide resins, in primary forms; polycarbonates, alkyd resins, polyallyl esters and other polyesters, in primary forms"
390721,Plastics,"Polyethers other than polyacetals; in primary forms, bis(polyoxyethylene) methylphosphonate","Polyacetals, other polyethers and epoxide resins, in primary forms; polycarbonates, alkyd resins, polyallyl esters and other polyesters, in primary forms"
390750,Plastics,Alkyd resins; in primary forms,"Polyacetals, other polyethers and epoxide resins, in primary forms; polycarbonates, alkyd resins, polyallyl esters and other polyesters, in primary forms"
390770,Plastics,Poly(lactic acid); in primary forms,"Polyacetals, other polyethers and epoxide resins, in primary forms; polycarbonates, alkyd resins, polyallyl esters and other polyesters, in primary forms"
390810,Plastics,"Polyamides; polyamide-6, -11, -12, -6,6, -6,9, -6,10 or -6,12, in primary forms",Polyamides in primary forms
390910,Plastics,"Amino-resins; urea and thiourea resins, in primary forms","Amino-resins, phenolic resins and polyurethanes, in primary forms"
390931,Plastics,"Amino-resins; n.e.c. in heading no. 3909, in primary forms, poly(methylene phenyl isocyanate) (Crude MDI, polymeric MDI)","Amino-resins, phenolic resins and polyurethanes, in primary forms"
390940,Plastics,Phenolic resins; in primary forms,"Amino-resins, phenolic resins and polyurethanes, in primary forms"
391120,Plastics,"Petroleum resins, poly(1,3-phenylene methylphosphonate), in primary forms","Petroleum resins, coumarone-indene resins, polyterpenes, polysulphides, polysulphones and similar products of chemical synthesis n.e.c. in chapter 39, in primary forms"
391212,Plastics,"Cellulose acetates; plasticised, in primary forms","Cellulose and its chemical derivatives, n.e.c. or included, in primary forms"
391231,Plastics,"Cellulose ethers; carboxymethylcellulose and its salts, in primary forms","Cellulose and its chemical derivatives, n.e.c. or included, in primary forms"
391520,Plastics,"Styrene polymers; waste, parings and scrap","Waste, parings and scrap, of plastics"
391530,Plastics,"Vinyl chloride polymers; waste, parings and scrap","Waste, parings and scrap, of plastics"
392063,Plastics,"Plastics; plates, sheets, film, foil and strip (not self-adhesive), of unsaturated polyesters, non-cellular and not reinforced, laminated, supported or similarly combined with other materials","Plastics; plates, sheets, film, foil and strip (not self-adhesive); non-cellular and not reinforced, laminated, supported or similarly combined with other materials, n.e.c. in chapter 39"
392071,Plastics,"Plastics; plates, sheets, film, foil and strip (not self-adhesive), of regenerated cellulose; non-cellular and not reinforced, laminated, supported or similarly combined with other materials","Plastics; plates, sheets, film, foil and strip (not self-adhesive); non-cellular and not reinforced, laminated, supported or similarly combined with other materials, n.e.c. in chapter 39"
392092,Plastics,"Plastics; plates, sheets, film, foil and strip (not self-adhesive), of polyamides, non-cellular and not reinforced, laminated, supported or similarly combined with other materials","Plastics; plates, sheets, film, foil and strip (not self-adhesive); non-cellular and not reinforced, laminated, supported or similarly combined with other materials, n.e.c. in chapter 39"
392093,Plastics,"Plastics; plates, sheets, film, foil and strip (not self-adhesive), of amino-resins, non-cellular and not reinforced, laminated, supported or similarly combined with other materials","Plastics; plates, sheets, film, foil and strip (not self-adhesive); non-cellular and not reinforced, laminated, supported or similarly combined with other materials, n.e.c. in chapter 39"
392094,Plastics,"Plastics; plates, sheets, film, foil and strip (not self-adhesive), of phenolic resins, non-cellular and not reinforced, laminated, supported or similarly combined with other materials","Plastics; plates, sheets, film, foil and strip (not self-adhesive); non-cellular and not reinforced, laminated, supported or similarly combined with other materials, n.e.c. in chapter 39"
392210,Plastics,"Plastics; baths, shower-baths, sinks and wash-basins","Sanitary ware; baths, shower-baths, sinks, wash-basins, bidets, lavatory pans, seats and covers, flushing cisterns and sanitary ware, of plastics"
392220,Plastics,Plastics; lavatory seats and covers,"Sanitary ware; baths, shower-baths, sinks, wash-basins, bidets, lavatory pans, seats and covers, flushing cisterns and sanitary ware, of plastics"
392290,Plastics,"Plastics; bidets, lavatory pans, flushing cisterns and similar sanitary ware n.e.c. in heading no. 3922","Sanitary ware; baths, shower-baths, sinks, wash-basins, bidets, lavatory pans, seats and covers, flushing cisterns and sanitary ware, of plastics"
392321,Plastics,"Ethylene polymers; sacks and bags (including cones), for the conveyance or packing of goods","Plastic articles for the conveyance or packing of goods; stoppers, lids, caps and other closures of plastics"
392390,Plastics,Plastics; articles for the conveyance or packing of goods n.e.c. in heading no. 3923,"Plastic articles for the conveyance or packing of goods; stoppers, lids, caps and other closures of plastics"
392510,Plastics,"Plastics; builders' ware, reservoirs, tanks, vats and similar containers of a capacity exceeding 300 litres",Plastics; builders' wares n.e.c. or included
392520,Plastics,"Plastics; builders' ware, doors, windows and their frames and thresholds for doors",Plastics; builders' wares n.e.c. or included
392530,Plastics,"Plastics; builders' ware, shutters, blinds (including venetian blinds) and similar articles and parts thereof",Plastics; builders' wares n.e.c. or included
392610,Plastics,Plastics; office or school supplies,"Articles of plastics and articles of other materials of heading no. 3901 to 3914, n.e.c. in chapter 39"
392620,Plastics,"Plastics; articles of apparel and clothing accessories (including gloves, mittens and mitts)","Articles of plastics and articles of other materials of heading no. 3901 to 3914, n.e.c. in chapter 39"
392640,Plastics,Plastics; statuettes and other ornamental articles,"Articles of plastics and articles of other materials of heading no. 3901 to 3914, n.e.c. in chapter 39"
400110,Plastics,"Rubber; natural rubber latex, whether or not pre-vulcanised, in primary forms or in plates, sheets or strip","Natural rubber, balata, gutta-percha, guayule, chicle and similar gums; in primary forms or in plates, sheets or strip"
400121,Plastics,"Rubber; natural (excluding latex), in smoked sheets","Natural rubber, balata, gutta-percha, guayule, chicle and similar gums; in primary forms or in plates, sheets or strip"
400122,Plastics,"Rubber; technically specified natural rubber (TSNR), in primary forms or in plates, sheets or strip (excluding latex and smoked sheets)","Natural rubber, balata, gutta-percha, guayule, chicle and similar gums; in primary forms or in plates, sheets or strip"
400129,Plastics,"Rubber; natural (excluding latex, technically specified natural rubber and smoked sheets), in primary forms or in plates, sheets or strip","Natural rubber, balata, gutta-percha, guayule, chicle and similar gums; in primary forms or in plates, sheets or strip"
400130,Plastics,"Balata, gutta-percha, guayule, chicle and similar natural gums; in primary forms or in plates, sheets or strip","Natural rubber, balata, gutta-percha, guayule, chicle and similar gums; in primary forms or in plates, sheets or strip"
400211,Plastics,"Rubber; synthetic, styrene-butadiene rubber (SBR) and carboxylated styrene-butadiene rubber (XSBR) latex, in primary forms or in plates, sheets or strip","Synthetic rubber and factice derived from oils, in primary forms or in plates, sheets or strip; mixtures of heading no. 4001 and 4002, in primary forms or in plates, sheets or strip"
400220,Plastics,"Rubber; synthetic, butadiene rubber (BR), in primary forms or in plates, sheets or strip","Synthetic rubber and factice derived from oils, in primary forms or in plates, sheets or strip; mixtures of heading no. 4001 and 4002, in primary forms or in plates, sheets or strip"
400231,Plastics,"Rubber; synthetic, isobutene-isoprene (butyl) rubber (IIR), in primary forms or in plates, sheets or strip","Synthetic rubber and factice derived from oils, in primary forms or in plates, sheets or strip; mixtures of heading no. 4001 and 4002, in primary forms or in plates, sheets or strip"
400239,Plastics,"Rubber; synthetic, halo-isobutene-isoprene rubber (CIIR or BIIR), in primary forms or in plates, sheets or strip","Synthetic rubber and factice derived from oils, in primary forms or in plates, sheets or strip; mixtures of heading no. 4001 and 4002, in primary forms or in plates, sheets or strip"
400241,Plastics,"Rubber; synthetic, chloroprene (chlorobutadiene) rubber (CR), latex, in primary forms or in plates, sheets or strip","Synthetic rubber and factice derived from oils, in primary forms or in plates, sheets or strip; mixtures of heading no. 4001 and 4002, in primary forms or in plates, sheets or strip"
400249,Plastics,"Rubber; synthetic, chloroprene (chlorobutadiene) rubber (CR), (other than latex), in primary forms or in plates, sheets or strip","Synthetic rubber and factice derived from oils, in primary forms or in plates, sheets or strip; mixtures of heading no. 4001 and 4002, in primary forms or in plates, sheets or strip"
400251,Plastics,"Rubber; synthetic, acrylonitrile-butadiene rubber (NBR), latex, in primary forms or in plates, sheets or strip","Synthetic rubber and factice derived from oils, in primary forms or in plates, sheets or strip; mixtures of heading no. 4001 and 4002, in primary forms or in plates, sheets or strip"
400259,Plastics,"Rubber; synthetic, acrylonitrile-butadiene rubber (NBR), (other than latex), in primary forms or in plates, sheets or strip","Synthetic rubber and factice derived from oils, in primary forms or in plates, sheets or strip; mixtures of heading no. 4001 and 4002, in primary forms or in plates, sheets or strip"
400260,Plastics,"Rubber; synthetic, isoprene rubber (IR), in primary forms or in plates, sheets or strip","Synthetic rubber and factice derived from oils, in primary forms or in plates, sheets or strip; mixtures of heading no. 4001 and 4002, in primary forms or in plates, sheets or strip"
400270,Plastics,"Rubber; synthetic, ethylene-propylene-non-conjugated diene rubber (EPDM), in primary forms or in plates, sheets or strip","Synthetic rubber and factice derived from oils, in primary forms or in plates, sheets or strip; mixtures of heading no. 4001 and 4002, in primary forms or in plates, sheets or strip"
400280,Plastics,"Rubber; mixtures of natural and synthetic rubbers of heading no. 4001 and 4002, in primary forms or in plates, sheets or strip","Synthetic rubber and factice derived from oils, in primary forms or in plates, sheets or strip; mixtures of heading no. 4001 and 4002, in primary forms or in plates, sheets or strip"
400291,Plastics,"Rubber; synthetic, n.e.c. in heading 4002, latex, in primary forms or in plates, sheets or strip","Synthetic rubber and factice derived from oils, in primary forms or in plates, sheets or strip; mixtures of heading no. 4001 and 4002, in primary forms or in plates, sheets or strip"
400300,Plastics,"Rubber; reclaimed rubber, in primary forms or in plates, sheets or strip","Reclaimed rubber in primary forms or in plates, sheets or strip"
400400,Plastics,"Rubber; waste, parings and scrap of rubber (other than hard rubber) and powders and granules obtained therefrom","Waste, parings and scrap of rubber (other than hard rubber) and powders and granules obtained therefrom"
400510,Plastics,"Rubber; unvulcanised, compounded with carbon black or silica, in primary forms or in plates, sheets or strip","Compounded rubber, unvulcanised, in primary forms or in plates, sheets or strip"
400520,Plastics,"Rubber; unvulcanised, compounded, solutions and dispersions other than those of item no. 4005.10","Compounded rubber, unvulcanised, in primary forms or in plates, sheets or strip"
400591,Plastics,"Rubber; unvulcanised, (compounded other than with carbon black or silica), in plates, sheets and strip","Compounded rubber, unvulcanised, in primary forms or in plates, sheets or strip"
400599,Plastics,"Rubber; unvulcanised, (compounded other than with carbon black or silica), in primary forms, (other than plates, sheets, strip, solutions or dispersions)","Compounded rubber, unvulcanised, in primary forms or in plates, sheets or strip"
400610,Plastics,"Rubber; unvulcanised, camel-back strips for retreading rubber tyres","Unvulcanised rubber in other forms (e.g. rods, tubes and profile shapes) and articles (e.g. discs and rings)"
400690,Plastics,"Rubber; unvulcanised, other than camel back strips for retreading rubber tyres","Unvulcanised rubber in other forms (e.g. rods, tubes and profile shapes) and articles (e.g. discs and rings)"
400700,Plastics,"Rubber; vulcanised, thread and cord",Vulcanised rubber thread and cord
400811,Plastics,"Rubber; vulcanised (other than hard rubber), in plates, sheets and strip of cellular rubber","Plates, sheets, strip, rods and profile shapes, of vulcanised rubber other than hard rubber"
400819,Plastics,"Rubber; vulcanised (other than hard rubber), cellular rubber, (other than in plates, sheets or strip)","Plates, sheets, strip, rods and profile shapes, of vulcanised rubber other than hard rubber"
400911,Plastics,"Rubber; vulcanised (other than hard rubber), tubing, piping and hoses, not reinforced or otherwise combined with other materials, without fittings","Tubes, pipes and hoses, of vulcanised rubber (other than hard rubber), with or without their fittings (e.g. joints, elbows, flanges)"
400921,Plastics,"Rubber; vulcanised (other than hard rubber), tubing, piping and hoses, reinforced or otherwise combined only with metal, without fittings","Tubes, pipes and hoses, of vulcanised rubber (other than hard rubber), with or without their fittings (e.g. joints, elbows, flanges)"
400941,Plastics,"Rubber; vulcanised (other than hard rubber), tubing, piping and hoses, reinforced or otherwise combined with materials other than metal or textiles, without fittings","Tubes, pipes and hoses, of vulcanised rubber (other than hard rubber), with or without their fittings (e.g. joints, elbows, flanges)"
401011,Plastics,"Rubber; vulcanised, conveyor belts or belting, reinforced only with metal","Conveyor or transmission belts or belting, of vulcanised rubber"
401012,Plastics,"Rubber; vulcanised, conveyor belts or belting, reinforced only with textile materials","Conveyor or transmission belts or belting, of vulcanised rubber"
401019,Plastics,"Rubber; vulcanised, conveyor belts or belting, (reinforced with other than metal only or textile materials only)","Conveyor or transmission belts or belting, of vulcanised rubber"
401032,Plastics,"Rubber; vulcanised, endless transmission belts of trapezoidal cross-section (V-belts), other than V-ribbed, of an outside circumference exceeding 60cm but not exceeding 180 cm","Conveyor or transmission belts or belting, of vulcanised rubber"
401034,Plastics,"Rubber; vulcanised, endless transmission belts of trapezoidal cross-section (V-belts), other than V-ribbed, of an outside circumference exceeding 180cm but not exceeding 240 cm","Conveyor or transmission belts or belting, of vulcanised rubber"
401035,Plastics,"Rubber; vulcanised, endless synchronous belts, of an outside circumference exceeding 60 cm but not exceeding 150 cm","Conveyor or transmission belts or belting, of vulcanised rubber"
401036,Plastics,"Rubber; vulcanised, endless synchronous belts, of an outside circumference exceeding 150 cm but not exceeding 198 cm","Conveyor or transmission belts or belting, of vulcanised rubber"
401110,Plastics,"Rubber; new pneumatic tyres, of a kind used on motor cars (including station wagons and racing cars)","New pneumatic tyres, of rubber"
401140,Plastics,"Rubber; new pneumatic tyres, of a kind used on motorcycles","New pneumatic tyres, of rubber"
401150,Plastics,"Rubber; new pneumatic tyres, of a kind used on bicycles","New pneumatic tyres, of rubber"
401170,Plastics,"Rubber; new pneumatic tyres, of a kind used on agricultural or forestry vehicles and machines","New pneumatic tyres, of rubber"
401180,Plastics,"Rubber; new pneumatic tyres, of a kind used on construction, mining or industrial handling vehicles and machines","New pneumatic tyres, of rubber"
401190,Plastics,"Rubber; new pneumatic tyres, of a kind used on light commercial vehicles","New pneumatic tyres, of rubber"
401211,Plastics,Retreaded tyres; of a kind used on motor cars (including station wagons and racing cars),"Retreaded or used pneumatic tyres of rubber; solid or cushion tyres, tyre treads and tyre flaps, of rubber"
401219,Plastics,"Retreaded tyres; other than of a kind used on motor cars (including station wagons and racing cars), buses and lorries and aircraft","Retreaded or used pneumatic tyres of rubber; solid or cushion tyres, tyre treads and tyre flaps, of rubber"
401310,Plastics,"Rubber; inner tubes, of a kind used on motorcars (including station wagons and racing cars), buses and lorries","Inner tubes, of rubber"
401320,Plastics,"Rubber; inner tubes, of a kind used on bicycles","Inner tubes, of rubber"
401390,Plastics,"Rubber; inner tubes, n.e.c. in heading no. 4013","Inner tubes, of rubber"
401410,Plastics,"Rubber; vulcanised (other than hard rubber), sheath contraceptives","Hygienic or pharmaceutical articles (including teats), of vulcanised rubber other than hard rubber, with or without fittings of hard rubber"
401490,Plastics,"Rubber; vulcanised (other than hard rubber), hygienic or pharmaceutical articles (excluding sheath contraceptives), with or without fittings of hard rubber","Hygienic or pharmaceutical articles (including teats), of vulcanised rubber other than hard rubber, with or without fittings of hard rubber"
401512,Plastics,"Rubber; vulcanised (other than hard rubber), gloves, of a kind used for medical, surgical, dental or veterinary purposes","Articles of apparel and clothing accessories (including gloves, mittens and mitts), for all purposes, of vulcanised rubber other than hard rubber"
401519,Plastics,"Rubber; vulcanised (other than hard rubber), gloves, mittens and mitts other than surgical gloves","Articles of apparel and clothing accessories (including gloves, mittens and mitts), for all purposes, of vulcanised rubber other than hard rubber"
401590,Plastics,"Rubber; vulcanised (other than hard rubber), articles of apparel and clothing accessories (other than gloves, mittens and mitts)","Articles of apparel and clothing accessories (including gloves, mittens and mitts), for all purposes, of vulcanised rubber other than hard rubber"
401691,Plastics,"Rubber; vulcanised (other than hard rubber), floor coverings and mats, of non-cellular rubber","Articles of vulcanised rubber other than hard rubber, n.e.c. in chapter 40"
401692,Plastics,"Rubber; vulcanised (other than hard rubber), erasers, of non-cellular rubber","Articles of vulcanised rubber other than hard rubber, n.e.c. in chapter 40"
401694,Plastics,"Rubber; vulcanised (other than hard rubber), boat or dock fenders, whether or not inflatable, of non-cellular rubber","Articles of vulcanised rubber other than hard rubber, n.e.c. in chapter 40"
401695,Plastics,"Rubber; vulcanised (other than hard rubber), inflatable articles (other than boat or dock fenders), of non-cellular rubber","Articles of vulcanised rubber other than hard rubber, n.e.c. in chapter 40"
401700,Plastics,"Rubber; ebonite and other hard rubbers in all forms, including waste and scrap, and articles of hard rubber","Hard rubber (e.g. ebonite) in all forms, including waste and scrap; articles of hard rubber"
410190,Leather,"Hides and skins; other than whole, but including butts, bends and bellies, of bovine (including. buffalo) and equine animals, fresh, salted or preserved, but not tanned, parchment dressed or further prepared, whether or not dehaired or split","Raw hides and skins of bovine (including buffalo) or equine animals (fresh, salted, dried, limed, pickled, otherwise preserved but not tanned, parchment dressed or further prepared), whether or not dehaired or split"
410221,Leather,"Skins; raw, of sheep or lambs, pickled (but not tanned, parchment-dressed or further preserved), without wool on","Raw skins of sheep or lambs (fresh, salted, dried, limed, pickled or otherwise preserved, but not further prepared), whether or not with wool on or split"
410229,Leather,"Hides and skins; raw, of animals n.e.c. in this chapter, fresh, salted, dried, limed, pickled or otherwise preserved, (but not tanned, parchment-dressed or further prepared), whether or not dehaired or split","Raw skins of sheep or lambs (fresh, salted, dried, limed, pickled or otherwise preserved, but not further prepared), whether or not with wool on or split"
410320,Leather,"Hides and skins; raw, of reptiles (fresh or salted, dried, limed, pickled or otherwise preserved, but not tanned, parchment-dressed or further prepared), whether or not dehaired or split","Raw hides and skins n.e.c in headings no. 4101, 4102; fresh, salted, dried, pickled or otherwise preserved, not further prepared, whether or not dehaired or split"
410330,Leather,"Hides and skins; raw, of swine, (fresh or salted, dried, limed, pickled or otherwise preserved, but not tanned, parchment-dressed or further prepared), whether or not dehaired or split","Raw hides and skins n.e.c in headings no. 4101, 4102; fresh, salted, dried, pickled or otherwise preserved, not further prepared, whether or not dehaired or split"
410390,Leather,"Hides and skins; raw, of animals n.e.c. in this chapter, fresh, salted, dried, limed, pickled or otherwise preserved, (but not tanned, parchment-dressed or further prepared), whether or not dehaired or split","Raw hides and skins n.e.c in headings no. 4101, 4102; fresh, salted, dried, pickled or otherwise preserved, not further prepared, whether or not dehaired or split"
410510,Leather,"Tanned or crust skins of sheep or lambs, without wool on, whether or not split, but not further prepared, in the wet state (including wet-blue)","Tanned or crust skins of sheep and lambs, without wool on, whether or not split, but not further prepared"
410621,Leather,"Tanned or crust hides and skins; of goats or kids, without wool or hair on, whether or not split, but not further prepared, in the wet state (including wet-blue)","Tanned or crust hides and skins of other animals, without wool or hair on, whether or not split, but not further prepared"
410632,Leather,"Tanned or crust hides and skins; of swine, without hair on, whether or not split, but not further prepared, in the dry state (crust)","Tanned or crust hides and skins of other animals, without wool or hair on, whether or not split, but not further prepared"
410691,Leather,"Tanned or crust hides and skins; of animals other than equine, ovine, bovine, goats or kids, swine and reptiles, without wool or hair on, whether or not split, but not further prepared, in the wet state (including wet-blue)","Tanned or crust hides and skins of other animals, without wool or hair on, whether or not split, but not further prepared"
410692,Leather,"Tanned or crust hides and skins; of animals other than equine, ovine, bovine, goats or kids, swine and reptiles, without wool or hair on, whether or not split, but not further prepared, in the dry state (crust)","Tanned or crust hides and skins of other animals, without wool or hair on, whether or not split, but not further prepared"
411200,Leather,"Leather; further prepared after tanning or crusting, including parchment dressed leather, of sheep or lamb, without wool on, whether or not split, other than leather of heading 41.14","Leather further prepared after tanning or crusting, including parchment dressed leather, of sheep or lamb, without wool on, whether or not split, other than leather of heading 41.14"
411310,Leather,"Leather; further prepared after tanning or crusting, including parchment-dressed leather, without hair on, whether or not split, other than leather of heading 41.14, of goats and kids","Leather further prepared after tanning or crusting, including parchment-dressed leather, of animals (other than ovine), without wool or hair on, whether or not split, other than leather of heading 41.14"
411320,Leather,"Leather; further prepared after tanning or crusting, including parchment-dressed leather, without hair on, whether or not split, other than leather of heading 41.14, of swine","Leather further prepared after tanning or crusting, including parchment-dressed leather, of animals (other than ovine), without wool or hair on, whether or not split, other than leather of heading 41.14"
411330,Leather,"Leather; further prepared after tanning or crusting, including parchment-dressed leather, of reptiles, whether or not split, other than leather of heading 41.14","Leather further prepared after tanning or crusting, including parchment-dressed leather, of animals (other than ovine), without wool or hair on, whether or not split, other than leather of heading 41.14"
411390,Leather,"Leather; further prepared after tanning or crusting, including parchment-dressed leather, of animals (other than sheep and lambs, goats and kids, swine and reptiles), without wool or hair on, whether or not split, other than leather of heading 41.14","Leather further prepared after tanning or crusting, including parchment-dressed leather, of animals (other than ovine), without wool or hair on, whether or not split, other than leather of heading 41.14"
411420,Leather,Leather; patent leather and laminated patent leather; metallised leather,Chamois (including combination chamois) leather; patent leather and patent laminated leather; metallised leather
411510,Leather,"Leather; composition leather with a basis of leather or leather fibre, in slabs, sheets or strip, whether or not in rolls","Composition leather with a basis of leather or leather fibre, in slabs, sheets or strip, in rolls or not; parings and other waste of leather or of composition leather, not suitable for the manufacture of leather articles; leather dust, powder and flour"
411520,Leather,"Leather; parings and other waste, of leather or composition leather; not suitable for the manufacture of leather articles; leather dust, powder and flour","Composition leather with a basis of leather or leather fibre, in slabs, sheets or strip, in rolls or not; parings and other waste of leather or of composition leather, not suitable for the manufacture of leather articles; leather dust, powder and flour"
420229,Leather,"Cases and containers; handbags (whether or not with shoulder strap and including those without handle), of vulcanised fibre or of paperboard, or wholly or mainly covered with such materials or with paper","Trunks; suit, camera, jewellery, cutlery cases; travel, tool, similar bags; wholly or mainly covered by leather, composition leather, plastic sheeting, textile materials, vulcanised fibre, paperboard"
420310,Leather,"Apparel; articles of apparel, of leather or of composition leather","Articles of apparel and clothing accessories, of leather or of composition leather"
420321,Leather,"Clothing accessories; gloves, mittens and mitts, specially designed for use in sports, of leather or composition leather, padded","Articles of apparel and clothing accessories, of leather or of composition leather"
420600,Leather,"Articles of gut (other than silk-worm gut), of goldbeater's skin, of bladders or of tendons","Articles of gut (other than silk-worm gut), of goldbeater's skin, of bladders or of tendons"
430110,Leather,"Furskins; raw, of mink, whole, with or without head, tail or paws","Raw furskins (including heads, tails, paws, other pieces or cuttings, suitable for furriers' use), excluding raw hides and skins of heading no. 4101, 4102 or 4103"
430130,Leather,"Furskins; raw, of Astrakhan, Broadtail, Caracul, Persian and similar lamb, Indian, Chinese, Mongolian or Tibetan lamb, whole, with or without head, tail or paws","Raw furskins (including heads, tails, paws, other pieces or cuttings, suitable for furriers' use), excluding raw hides and skins of heading no. 4101, 4102 or 4103"
430160,Leather,"Furskins; raw, of fox, whole, with or without head, tail or paws","Raw furskins (including heads, tails, paws, other pieces or cuttings, suitable for furriers' use), excluding raw hides and skins of heading no. 4101, 4102 or 4103"
430180,Leather,"Furskins; raw, of animals n.e.c. in heading no. 4301, whole, with or without head, tail or paws (excluding goods of heading no. 4101, 4102 and 4103)","Raw furskins (including heads, tails, paws, other pieces or cuttings, suitable for furriers' use), excluding raw hides and skins of heading no. 4101, 4102 or 4103"
430190,Leather,"Furskins; raw, heads, tails, paws and other pieces or cuttings, suitable for furrier's use, excluding goods of heading no. 4101, 4102 and 4103","Raw furskins (including heads, tails, paws, other pieces or cuttings, suitable for furriers' use), excluding raw hides and skins of heading no. 4101, 4102 or 4103"
430211,Leather,"Furskins; tanned or dressed, of mink, whole, with or without head, tail or paws, not assembled","Tanned or dressed furskins (including heads, tails, paws, other pieces, cuttings), unassembled, or assembled (without addition of other materials), excluding those of heading no. 4303"
430220,Leather,"Furskins; tanned or dressed, heads, tails, paws and other pieces or cuttings, not assembled, excluding goods of heading no. 4303","Tanned or dressed furskins (including heads, tails, paws, other pieces, cuttings), unassembled, or assembled (without addition of other materials), excluding those of heading no. 4303"
430390,Leather,Furskin articles; other than apparel and clothing accessories,"Articles of apparel, clothing accessories and other articles of furskin"
430400,Leather,"Fur, artificial; articles thereof",Artificial fur and articles thereof
440111,Wood,"Wood; for fuel, in logs, in billets, in twigs, in faggots or similar forms, whether or not agglomerated, coniferous","Fuel wood, in logs, billets, twigs, faggots or similar forms; wood in chip or particles; sawdust and wood waste and scrap, whether or not agglomerated in logs, briquettes, pellets or similar forms"
440112,Wood,"Wood; for fuel, in logs, in billets, in twigs, in faggots or similar forms, whether or not agglomerated, non-coniferous","Fuel wood, in logs, billets, twigs, faggots or similar forms; wood in chip or particles; sawdust and wood waste and scrap, whether or not agglomerated in logs, briquettes, pellets or similar forms"
440121,Wood,"Wood; for fuel, in chips or particles, coniferous, whether or not agglomerated","Fuel wood, in logs, billets, twigs, faggots or similar forms; wood in chip or particles; sawdust and wood waste and scrap, whether or not agglomerated in logs, briquettes, pellets or similar forms"
440131,Wood,"Wood; for fuel, sawdust and wood waste and scrap, agglomerated in wood pellets","Fuel wood, in logs, billets, twigs, faggots or similar forms; wood in chip or particles; sawdust and wood waste and scrap, whether or not agglomerated in logs, briquettes, pellets or similar forms"
440132,Wood,"Wood; for fuel, sawdust and wood waste and scrap, agglomerated in wood briquettes","Fuel wood, in logs, billets, twigs, faggots or similar forms; wood in chip or particles; sawdust and wood waste and scrap, whether or not agglomerated in logs, briquettes, pellets or similar forms"
440139,Wood,"Wood; for fuel, sawdust and wood waste and scrap, agglomerated in logs or similar forms, other than wood pellets or wood briquettes","Fuel wood, in logs, billets, twigs, faggots or similar forms; wood in chip or particles; sawdust and wood waste and scrap, whether or not agglomerated in logs, briquettes, pellets or similar forms"
440141,Wood,"Wood; for fuel, sawdust and wood waste and scrap, not agglomerated; sawdust","Fuel wood, in logs, billets, twigs, faggots or similar forms; wood in chip or particles; sawdust and wood waste and scrap, whether or not agglomerated in logs, briquettes, pellets or similar forms"
440311,Wood,"Wood; coniferous species, in the rough, whether or not stripped of bark or sapwood, or roughly squared; treated with paint, stains, creosote or other preservatives","Wood in the rough, whether or not stripped of bark or sapwood, or roughly squared"
440312,Wood,"Wood; non-coniferous species, in the rough, whether or not stripped of bark or sapwood, or roughly squared; treated with paint, stains, creosote or other preservatives","Wood in the rough, whether or not stripped of bark or sapwood, or roughly squared"
440326,Wood,"Wood; coniferous species n.e.c in headings 4403.22 or 4403.24, in the rough, whether or not stripped of bark or sapwood, or roughly squared, untreated, of which any cross-sectional dimension is less than 15 cm","Wood in the rough, whether or not stripped of bark or sapwood, or roughly squared"
440341,Wood,"Wood, tropical; as specified in Subheading Note 2 to this Chapter, dark red meranti, light red meranti and meranti bakau, in the rough, whether or not stripped of bark or sapwood, or roughly squared, untreated","Wood in the rough, whether or not stripped of bark or sapwood, or roughly squared"
440342,Wood,"Wood, tropical; teak, in the rough, whether or not stripped of bark or sapwood, or roughly squared, untreated","Wood in the rough, whether or not stripped of bark or sapwood, or roughly squared"
440391,Wood,"Wood; oak, in the rough, whether or not stripped of bark or sapwood, or roughly squared, untreated","Wood in the rough, whether or not stripped of bark or sapwood, or roughly squared"
440393,Wood,"Wood; of beech (Fagus spp.), in the rough, whether or not stripped of bark or sapwood, or roughly squared, untreated, of which the smallest cross-sectional dimension is 15 cm or more","Wood in the rough, whether or not stripped of bark or sapwood, or roughly squared"
440394,Wood,"Wood; of beech (Fagus spp.), in the rough, whether or not stripped of bark or sapwood, or roughly squared, untreated, of which any cross-sectional dimension is less than 15 cm","Wood in the rough, whether or not stripped of bark or sapwood, or roughly squared"
440396,Wood,"Wood; of birch (Betula spp.), in the rough, whether or not stripped of bark or sapwood, or roughly squared, untreated, of which any cross-sectional dimension is less than 15 cm","Wood in the rough, whether or not stripped of bark or sapwood, or roughly squared"
440397,Wood,"Wood; of poplar and aspen (Populus spp.), in the rough, whether or not stripped of bark or sapwood, or roughly squared, untreated","Wood in the rough, whether or not stripped of bark or sapwood, or roughly squared"
440398,Wood,"Wood; of eucalyptus (Eucalyptus spp.), in the rough, whether or not stripped of bark or sapwood, or roughly squared, untreated","Wood in the rough, whether or not stripped of bark or sapwood, or roughly squared"
440399,Wood,"Wood; in the rough, whether or not stripped of bark or sapwood, or roughly squared, untreated, n.e.c. in heading no. 4403","Wood in the rough, whether or not stripped of bark or sapwood, or roughly squared"
440500,Wood,Wood; wood wool and wood flour,Wood wool; wood flour
440611,Wood,"Wood; railway or tramway sleepers (cross-ties), not impregnated, coniferous",Railway or tramway sleepers (cross-ties) of wood
440612,Wood,"Wood; railway or tramway sleepers (cross-ties), not impregnated, non-coniferous",Railway or tramway sleepers (cross-ties) of wood
440691,Wood,"Wood; railway or tramway sleepers (cross-ties), impregnated, coniferous",Railway or tramway sleepers (cross-ties) of wood
440692,Wood,"Wood; railway or tramway sleepers (cross-ties), impregnated, non-coniferous",Railway or tramway sleepers (cross-ties) of wood
440921,Wood,"Wood; bamboo (including unassembled strips and friezes for parquet flooring), continuously shaped along any edges, ends or faces, whether or not planed, sanded or end-jointed","Wood (including strips, friezes for parquet flooring, not assembled), continuously shaped (tongued, grooved, v-jointed, beaded or the like) along any edges, ends or faces, whether or not planed, sanded or end-jointed"
440922,Wood,"Wood; tropical (including unassembled strips and friezes for parquet flooring), continuously shaped along any edges, ends or faces, whether or not planed, sanded or end-jointed","Wood (including strips, friezes for parquet flooring, not assembled), continuously shaped (tongued, grooved, v-jointed, beaded or the like) along any edges, ends or faces, whether or not planed, sanded or end-jointed"
441019,Wood,"Wafer board and similar board of wood n.e.c. in item no. 4410.1, whether or not agglomerated with resins or other organic binding substances","Particle board, oriented strand board (OSB) and similar board (e.g. waferboard) of wood or other ligneous materials, whether or not agglomerated with resins or other organic binding substances"
441090,Wood,"Particle board, oriented strand board (OSB) and similar board of ligneous materials other than wood, whether or not agglomerated with resins or other organic binding substances","Particle board, oriented strand board (OSB) and similar board (e.g. waferboard) of wood or other ligneous materials, whether or not agglomerated with resins or other organic binding substances"
441193,Wood,"Fibreboard (other than MDF) of a density exceeding 0.5g/cm3 but not 0.8g/cm3, of wood or other ligneous materials, bonded or not with resins or other organic substances","Fibreboard of wood or other ligneous materials, whether or not bonded with resins or other organic substances"
441242,Wood,Laminated veneered lumber (LVL); with at least one outer ply of non-coniferous wood,"Plywood, veneered panels and similar laminated wood"
441252,Wood,"Blockboard, laminboard and battenboard; with at least one outer ply of non-coniferous wood, (not containing particle board)","Plywood, veneered panels and similar laminated wood"
441259,Wood,"Blockboard, laminboard and battenboard; with both outer plies of coniferous wood","Plywood, veneered panels and similar laminated wood"
441300,Wood,"Wood; densified wood, in blocks, plates, strips or profile shapes","Densified wood, in blocks, plates, strips or profile shapes"
441490,Wood,"Wooden frames; for paintings, photographs, mirrors or similar objects; not of tropical wood","Wooden frames; for paintings, photographs, mirrors or similar objects"
441600,Wood,"Wood; casks, barrels, vats, tubs and other coopers' products and parts thereof, of wood, including staves","Casks, barrels, vats, tubs and other coopers' products and parts thereof, of wood, including staves"
441700,Wood,"Wood; tools, tool bodies, tool handles, broom or brush bodies and handles, boot and shoe lasts and trees, of wood","Tools, tool bodies, tool handles, broom or brush bodies and handles, of wood; boot or shoe lasts and trees, of wood"
441811,Wood,"Wood; windows, French-windows and their frames; of tropical wood","Builders' joinery and carpentry of wood, including cellular wood panels, assembled flooring panels, shingles and shakes"
441830,Wood,wood; posts and beams other than products of subheadings 4418.81 to 4418.89,"Builders' joinery and carpentry of wood, including cellular wood panels, assembled flooring panels, shingles and shakes"
441840,Wood,Wood; shuttering for concrete constructional work,"Builders' joinery and carpentry of wood, including cellular wood panels, assembled flooring panels, shingles and shakes"
441850,Wood,Wood; shingles and shakes,"Builders' joinery and carpentry of wood, including cellular wood panels, assembled flooring panels, shingles and shakes"
441874,Wood,"Wood; assembled flooring panels, not of bamboo or with at least the top layer (wear layer) of bamboo, for mosaic floors","Builders' joinery and carpentry of wood, including cellular wood panels, assembled flooring panels, shingles and shakes"
441875,Wood,"Wood; assembled flooring panels, not of bamboo or with at least the top layer (wear layer) of bamboo, multilayer","Builders' joinery and carpentry of wood, including cellular wood panels, assembled flooring panels, shingles and shakes"
441879,Wood,"Wood; assembled flooring panels, n.e.c in headings 4418.73, 4418.74 or 4418.75","Builders' joinery and carpentry of wood, including cellular wood panels, assembled flooring panels, shingles and shakes"
441891,Wood,"Wood; builders' joinery and carpentry of wood n.e.c. in heading no. 4418, of bamboo","Builders' joinery and carpentry of wood, including cellular wood panels, assembled flooring panels, shingles and shakes"
441892,Wood,"Wood; builders' joinery and carpentry of wood n.e.c. in heading no. 4418, cellular wood panels","Builders' joinery and carpentry of wood, including cellular wood panels, assembled flooring panels, shingles and shakes"
441899,Wood,"Wood; builders' joinery and carpentry of wood n.e.c. in heading no. 4418, other than of bamboo or cellular wood panels","Builders' joinery and carpentry of wood, including cellular wood panels, assembled flooring panels, shingles and shakes"
441911,Wood,"Tableware and kitchenware, of wood; of bamboo, bread boards, chopping boards and similar boards","Tableware and kitchenware, of wood"
441912,Wood,"Tableware and kitchenware, of wood; of bamboo, chopsticks","Tableware and kitchenware, of wood"
441919,Wood,"Tableware and kitchenware, of wood; of bamboo, n.e.c. in heading 4419","Tableware and kitchenware, of wood"
441990,Wood,"Tableware and kitchenware, of wood; not of bamboo or tropical wood","Tableware and kitchenware, of wood"
442019,Wood,"Wood; statuettes and other ornaments, of other than tropical wood","Wood marquetry and inlaid wood; caskets and cases for jewellery or cutlery, and similar articles of wood; statuettes and other ornaments of wood; wooden articles of furniture not falling in chapter 94"
442110,Wood,Wood; clothes hangers,Wooden articles n.e.c. in heading no. 4414 to 4420
442191,Wood,"Wood; of bamboo, articles n.e.c. in heading no. 4414 to 4420 (excluding clothes hangers)",Wooden articles n.e.c. in heading no. 4414 to 4420
450110,Wood,"Cork; natural cork, raw or simply prepared","Natural cork, raw or simply prepared; waste cork; crushed, granulated or ground cork"
450190,Wood,"Cork; waste cork, crushed, granulated or ground cork","Natural cork, raw or simply prepared; waste cork; crushed, granulated or ground cork"
450200,Wood,"Cork; natural cork, debacked or roughly squared, or in rectangular (including square) blocks, plates, sheets or strip, (including sharp-edged blanks for corks or stoppers)","Natural cork, debacked or roughly squared, or in rectangular (including square) blocks, plates, sheets or strip, (including sharp-edged blanks for corks or stoppers)"
450390,Wood,Cork; articles of natural cork other than corks and stoppers,Cork; articles of natural cork
460290,Wood,"Basketwork, wickerwork and other articles; of non-vegetable materials, made directly to shape from plaiting materials or made up from goods of heading no. 4601","Basketwork, wickerwork and other articles, made directly to shape from plaiting materials or made up from goods of heading no. 4601; articles of loofah"
470200,Paper,"Wood pulp; chemical wood pulp, dissolving grades","Chemical wood pulp, dissolving grades"
470311,Paper,"Wood pulp; chemical wood pulp, soda or sulphate, (other than dissolving grades), unbleached, of coniferous wood","Chemical wood pulp, soda or sulphate, other than dissolving grades"
470319,Paper,"Wood pulp; chemical wood pulp, soda or sulphate, (other than dissolving grades), unbleached, of non-coniferous wood","Chemical wood pulp, soda or sulphate, other than dissolving grades"
470321,Paper,"Wood pulp; chemical wood pulp, soda or sulphate, (other than dissolving grades), semi-bleached or bleached, of coniferous wood","Chemical wood pulp, soda or sulphate, other than dissolving grades"
470329,Paper,"Wood pulp; chemical wood pulp, soda or sulphate, (other than dissolving grades), semi-bleached or bleached, of non-coniferous wood","Chemical wood pulp, soda or sulphate, other than dissolving grades"
470411,Paper,"Wood pulp; chemical wood pulp, sulphite, (other than dissolving grades), unbleached, of coniferous wood","Chemical wood pulp, sulphite, other than dissolving grades"
470419,Paper,"Wood pulp; chemical wood pulp, sulphite, (other than dissolving grades), unbleached, of non-coniferous wood","Chemical wood pulp, sulphite, other than dissolving grades"
470421,Paper,"Wood pulp; chemical wood pulp, sulphite, (other than dissolving grades), semi-bleached or bleached, of coniferous wood","Chemical wood pulp, sulphite, other than dissolving grades"
470429,Paper,"Wood pulp; chemical wood pulp, sulphite, (other than dissolving grades), semi-bleached or bleached, of non-coniferous wood","Chemical wood pulp, sulphite, other than dissolving grades"
470500,Paper,Wood pulp; obtained by a combination of mechanical and chemical pulping processes,Wood pulp obtained by a combination of mechanical and chemical pulping processes
470610,Paper,Pulp; cotton linters pulp,Pulps of fibres derived from recovered (waste and scrap) paper or paperboard or of other fibrous cellulosic material
470620,Paper,Pulp; of fibres derived from recovered (waste and scrap) paper or paperboard,Pulps of fibres derived from recovered (waste and scrap) paper or paperboard or of other fibrous cellulosic material
470630,Paper,Pulp; of bamboo,Pulps of fibres derived from recovered (waste and scrap) paper or paperboard or of other fibrous cellulosic material
470691,Paper,"Pulp; of fibrous cellulosic material, other than of bamboo or fibres derived from recovered (waste and scrap) paper or paperboard or from cotton linters pulp, mechanical",Pulps of fibres derived from recovered (waste and scrap) paper or paperboard or of other fibrous cellulosic material
470692,Paper,"Pulp; of fibrous cellulosic material, other than of bamboo or fibres derived from recovered (waste and scrap) paper or paperboard or from cotton linters pulp, chemical",Pulps of fibres derived from recovered (waste and scrap) paper or paperboard or of other fibrous cellulosic material
470693,Paper,"Pulp; of fibrous cellulosic material, other than of bamboo or fibres derived from recovered (waste and scrap) paper or paperboard or from cotton linters pulp, obtained by a combination of mechanical and chemical processes",Pulps of fibres derived from recovered (waste and scrap) paper or paperboard or of other fibrous cellulosic material
470710,Paper,"Paper or paperboard; waste and scrap, of unbleached kraft paper or paperboard or corrugated paper or paperboard",Waste and scrap of paper and paperboard
470720,Paper,"Paper or paperboard; waste and scrap, paper or paperboard made mainly of bleached chemical pulp, not coloured in the mass",Waste and scrap of paper and paperboard
480100,Paper,"Newsprint; made of fibres obtained essentially by a chemi-mechanical process or of a weight, per m2, of more than 57g but not more than 65g, in rolls or sheets","Newsprint, in rolls or sheets"
480210,Paper,Hand-made paper or paperboard,"Uncoated paper and paperboard, used for writing, printing or other graphics, non perforated punch-cards and punch tape paper, in rolls or rectangular sheets, of any size, other than paper of heading 4801 or 4803; hand-made paper and paperboard"
480220,Paper,"Uncoated paper and paperboard (not 4801 or 4803); of a kind used as a base for photo-sensitive, heat-sensitive or electro-sensitive paper or paperboard, in rolls or sheets","Uncoated paper and paperboard, used for writing, printing or other graphics, non perforated punch-cards and punch tape paper, in rolls or rectangular sheets, of any size, other than paper of heading 4801 or 4803; hand-made paper and paperboard"
480257,Paper,"Uncoated paper and paperboard (not 4801 or 4803); printing, writing or graphic, 10% or less by weight of mechanical or chemi-mechanical processed fibre, weight 40-150g/m2, n.e.c. in item no. 4802.55 or 4802.56","Uncoated paper and paperboard, used for writing, printing or other graphics, non perforated punch-cards and punch tape paper, in rolls or rectangular sheets, of any size, other than paper of heading 4801 or 4803; hand-made paper and paperboard"
480262,Paper,"Uncoated paper and paperboard (not 4801 or 4803); over 10% by weight of mechanical or chemi-mechanical processed fibre, in sheets 435mm or less by 297mm or less (unfolded)","Uncoated paper and paperboard, used for writing, printing or other graphics, non perforated punch-cards and punch tape paper, in rolls or rectangular sheets, of any size, other than paper of heading 4801 or 4803; hand-made paper and paperboard"
480269,Paper,"Uncoated paper and paperboard (not 4801 or 4803); over 10% by weight of mechanical or chemi-mechanical processed fibre, other than rolls, other than sheets 435mm or less by 297mm or less (unfolded)","Uncoated paper and paperboard, used for writing, printing or other graphics, non perforated punch-cards and punch tape paper, in rolls or rectangular sheets, of any size, other than paper of heading 4801 or 4803; hand-made paper and paperboard"
480442,Paper,"Kraft paper and paperboard; uncoated, weight between 150 and 225g/m2, bleached uniformly throughout, more than 95% of total fibre content consists of chemically processed wood fibres, in rolls or sheets","Uncoated kraft paper and paperboard, in rolls or sheets, other than that of heading no. 4802 or 4803"
480449,Paper,"Kraft paper and paperboard; uncoated, weight more than 150g/m2 but less than 225g/m2, in rolls or sheets, n.e.c. in item no. 4804.4, other than that of heading no. 4802 or 4803","Uncoated kraft paper and paperboard, in rolls or sheets, other than that of heading no. 4802 or 4803"
480451,Paper,"Kraft paper and paperboard; uncoated, unbleached, weight 225g/m2 or more, in rolls or sheets, other than that of heading no. 4802 or 4803","Uncoated kraft paper and paperboard, in rolls or sheets, other than that of heading no. 4802 or 4803"
480452,Paper,"Kraft paper and paperboard; uncoated, weight 225g/m2 or more, bleached uniformly throughout, more than 95% of total fibre content consists of chemically processed wood fibres, in rolls or sheets","Uncoated kraft paper and paperboard, in rolls or sheets, other than that of heading no. 4802 or 4803"
480511,Paper,"Paper and paperboard; uncoated, semi-chemical fluting paper, rolls or sheets","Uncoated paper and paperboard n.e.c., in rolls or sheets"
480512,Paper,"Paper and paperboard; uncoated, straw fluting paper, rolls or sheets","Uncoated paper and paperboard n.e.c., in rolls or sheets"
480524,Paper,"Paper & paperboard; uncoated, testliner (recycled linerboard), weight 150g/m2, or less, in rolls or sheets","Uncoated paper and paperboard n.e.c., in rolls or sheets"
480525,Paper,"Paper & paperboard; uncoated, testliner (recycled linerboard), weight over 150g/m2, in rolls or sheets","Uncoated paper and paperboard n.e.c., in rolls or sheets"
480530,Paper,"Paper and paperboard; sulphite wrapping paper, uncoated, in rolls or sheets","Uncoated paper and paperboard n.e.c., in rolls or sheets"
480540,Paper,"Paper and paperboard; filter paper and paperboard, uncoated, in rolls or sheets","Uncoated paper and paperboard n.e.c., in rolls or sheets"
480550,Paper,"Paper and paperboard; felt paper and paperboard, uncoated, in rolls or sheets","Uncoated paper and paperboard n.e.c., in rolls or sheets"
480592,Paper,"Paper and paperboard; uncoated, weight more than 150g/m2 but less than 225 g/m2, in rolls or sheets, n.e.c. in heading no. 4805","Uncoated paper and paperboard n.e.c., in rolls or sheets"
480610,Paper,"Paper; vegetable parchment, in rolls or sheets","Vegetable parchment, greaseproof papers, tracing papers, glassine and other glazed transparent or translucent papers, in rolls or sheets"
480620,Paper,"Paper; greaseproof papers, in rolls or sheets","Vegetable parchment, greaseproof papers, tracing papers, glassine and other glazed transparent or translucent papers, in rolls or sheets"
480630,Paper,"Paper; tracing papers, in rolls or sheets","Vegetable parchment, greaseproof papers, tracing papers, glassine and other glazed transparent or translucent papers, in rolls or sheets"
480810,Paper,"Paper and paperboard; corrugated, whether or not perforated, in rolls or sheets, other than paper of heading 4803","Paper and paperboard, corrugated (with or without glued flat surface sheets), creped, crinkled, embossed or perforated, in rolls or sheets other than paper of the kind described in heading 4803"
480840,Paper,"Paper and paperboard; kraft paper, creped or crinkled, whether or not embossed or perforated, in rolls or sheets, other than paper of heading 4803","Paper and paperboard, corrugated (with or without glued flat surface sheets), creped, crinkled, embossed or perforated, in rolls or sheets other than paper of the kind described in heading 4803"
480890,Paper,"Paper and paperboard; other than corrugated (with or without glued flat surface sheets) or kraft paper, creped or crinkled, whether or not embossed or perforated, in rolls or sheets, other than paper of heading 4803","Paper and paperboard, corrugated (with or without glued flat surface sheets), creped, crinkled, embossed or perforated, in rolls or sheets other than paper of the kind described in heading 4803"
480920,Paper,"Paper; self-copy paper, whether or not printed, in rolls or sheets","Carbon paper, self copy paper, and other copying or transfer papers (including coated or impregnated paper for duplicator stencils or offset plates), whether or not printed, in rolls or sheets"
481031,Paper,"Kraft paper and paperboard; uniformly bleached throughout, coated with inorganic substances, more than 95% of chemically processed wood fibres, weight 150g/m2 or less, for non-graphic purposes, in rolls or sheets","Paper and paperboard, coated one or both sides with kaolin (china clay) or inorganic substances, with binder or not, no other coating, surface coloured or not, surface decorated or printed, in rolls or rectangular (including square) sheets, of any size"
481039,Paper,"Kraft paper and paperboard; coated with kaolin or other inorganic substances only, for non-graphic purposes, n.e.c. in item no. 4810.31 and 4810.32, in rolls or sheets","Paper and paperboard, coated one or both sides with kaolin (china clay) or inorganic substances, with binder or not, no other coating, surface coloured or not, surface decorated or printed, in rolls or rectangular (including square) sheets, of any size"
481110,Paper,"Paper and paperboard; tarred, bituminised or asphalted, in rolls or sheets, other than goods of heading no. 4803, 4809, or 4810","Paper, paperboard, cellulose wadding and webs of cellulose fibres, coated, impregnated, covered, surface-coloured, decorated or printed, rolls or sheets, other than goods of heading no. 4803, 4809, or 4810"
481149,Paper,"Paper and paperboard; gummed or adhesive paper and paperboard (excluding self-adhesive), in rolls or sheets, other than goods of heading no. 4803, 4809, or 4810","Paper, paperboard, cellulose wadding and webs of cellulose fibres, coated, impregnated, covered, surface-coloured, decorated or printed, rolls or sheets, other than goods of heading no. 4803, 4809, or 4810"
481151,Paper,"Paper and paperboard; coated, impregnated or covered with plastics (excluding adhesives), bleached, weighing more than 150g/m2, other than goods of heading no. 4803, 4809, or 4810","Paper, paperboard, cellulose wadding and webs of cellulose fibres, coated, impregnated, covered, surface-coloured, decorated or printed, rolls or sheets, other than goods of heading no. 4803, 4809, or 4810"
481200,Paper,"Paper pulp; filter blocks, slabs and plates of paper pulp","Filter blocks, slabs and plates of paper pulp"
481310,Paper,"Paper, cigarette; in the form of booklets or tubes","Cigarette paper, whether or not cut to size or in the form of booklets or tubes"
481320,Paper,"Paper, cigarette; in rolls of a width not exceeding 5cm","Cigarette paper, whether or not cut to size or in the form of booklets or tubes"
481420,Paper,"Wallpaper and similar wall coverings; coated or covered on the face side, with a grained, embossed, coloured, design-printed or otherwise decorated layer of plastics",Wallpaper and similar wall coverings; window transparencies of paper
481620,Paper,"Paper; self-copy paper (other than those of heading no. 4809), whether or not put up in boxes","Carbon paper, self-copy paper and other copying or transfer papers, (other than those of heading no. 4809), duplicator stencils and offset plates, of paper whether or not put up in boxes"
481710,Paper,Paper and paperboard; envelopes,"Envelopes, letter cards, plain postcards and correspondence cards, of paper, paperboard; boxes, pouches, wallets and writing compendiums, of paper or paperboard containing assortment of paper stationery"
481720,Paper,"Paper and paperboard; letter cards, plain postcards and correspondence cards","Envelopes, letter cards, plain postcards and correspondence cards, of paper, paperboard; boxes, pouches, wallets and writing compendiums, of paper or paperboard containing assortment of paper stationery"
481730,Paper,"Paper and paperboard; boxes, pouches, wallets and writing compendiums containing an assortment of paper stationery","Envelopes, letter cards, plain postcards and correspondence cards, of paper, paperboard; boxes, pouches, wallets and writing compendiums, of paper or paperboard containing assortment of paper stationery"
481830,Paper,"Paper articles; tablecloths and serviettes, of paper, cellulose wadding or fibres","Toilet paper, width 36cm or less or cut to size/shape; handkerchiefs, tissues, towels, serviettes, bed sheets and similar household or hospital articles, apparel and clothing accessories of paper pulp, paper, cellulose wadding or webs of cellulose fibres"
481850,Paper,"Paper articles; apparel and clothing accessories of paper, cellulose wadding or fibres","Toilet paper, width 36cm or less or cut to size/shape; handkerchiefs, tissues, towels, serviettes, bed sheets and similar household or hospital articles, apparel and clothing accessories of paper pulp, paper, cellulose wadding or webs of cellulose fibres"
481910,Paper,"Paper and paperboard; cartons, boxes and cases, of corrugated paper or paperboard","Cartons, boxes, cases, bags and the like, of paper, paperboard, cellulose wadding or fibres; box files, letter trays and the like, of paper or paperboard, of a kind used in offices, shops or the like"
481920,Paper,"Paper and paperboard; folding cartons, boxes and cases, of non-corrugated paper or paperboard","Cartons, boxes, cases, bags and the like, of paper, paperboard, cellulose wadding or fibres; box files, letter trays and the like, of paper or paperboard, of a kind used in offices, shops or the like"
481930,Paper,"Paper and paperboard; sacks and bags of paper, paperboard, cellulose wadding or fibres, having a base of a width of 40cm or more","Cartons, boxes, cases, bags and the like, of paper, paperboard, cellulose wadding or fibres; box files, letter trays and the like, of paper or paperboard, of a kind used in offices, shops or the like"
481940,Paper,"Paper and paperboard; sacks and bags, including cones, of paper, paperboard, cellulose wadding or fibres, having a base width less than 40cm","Cartons, boxes, cases, bags and the like, of paper, paperboard, cellulose wadding or fibres; box files, letter trays and the like, of paper or paperboard, of a kind used in offices, shops or the like"
481950,Paper,"Paper and paperboard; packing containers, including record sleeves, of paper, paperboard, cellulose wadding or fibres, n.e.c. in heading no. 4819","Cartons, boxes, cases, bags and the like, of paper, paperboard, cellulose wadding or fibres; box files, letter trays and the like, of paper or paperboard, of a kind used in offices, shops or the like"
481960,Paper,"Paper and paperboard; box files, letter trays, storage boxes and similar articles, used in offices, shops or the like of paper, paperboard, cellulose wadding or webs of cellulose fibres","Cartons, boxes, cases, bags and the like, of paper, paperboard, cellulose wadding or fibres; box files, letter trays and the like, of paper or paperboard, of a kind used in offices, shops or the like"
482020,Paper,Paper and paperboard; exercise books,"Registers, account books, diaries and similar; albums for samples or collections, of paper or paperboard"
482030,Paper,"Paper and paperboard; binders, folders and file covers","Registers, account books, diaries and similar; albums for samples or collections, of paper or paperboard"
482040,Paper,Paper and paperboard; manifold business forms and interleaved carbon sets,"Registers, account books, diaries and similar; albums for samples or collections, of paper or paperboard"
482050,Paper,Paper and paperboard; albums for samples or for collections,"Registers, account books, diaries and similar; albums for samples or collections, of paper or paperboard"
482090,Paper,Paper or paperboard; stationery n.e.c. in heading no. 4820,"Registers, account books, diaries and similar; albums for samples or collections, of paper or paperboard"
482210,Paper,"Paper pulp, paper or paperboard; bobbins, spools, cops and similar supports, of a kind used for winding textile yarn (whether or not perforated or hardened)","Bobbins, spools, cops and similar supports of paper pulp, paper or paperboard (whether or not perforated or hardened)"
482290,Paper,"Paper pulp, paper or paperboard; bobbins, spools, cops and similar supports, other than of a kind used for winding textile yarn (whether or not perforated or hardened)","Bobbins, spools, cops and similar supports of paper pulp, paper or paperboard (whether or not perforated or hardened)"
482320,Paper,Paper and paperboard; filter paper and paperboard,"Paper, paperboard, cellulose wadding and webs of cellulose fibres; cut to size or shape, articles of paper pulp, paper and paper-board, cellulose wadding or webs of cellulose fibres, n.e.c. in chapter 48"
482340,Paper,"Paper and paperboard; rolls, sheets and dials, printed for self-recording apparatus","Paper, paperboard, cellulose wadding and webs of cellulose fibres; cut to size or shape, articles of paper pulp, paper and paper-board, cellulose wadding or webs of cellulose fibres, n.e.c. in chapter 48"
482361,Paper,"Paper and paperboard; trays, dishes, plates, cups and the like, of bamboo paper or paperboard","Paper, paperboard, cellulose wadding and webs of cellulose fibres; cut to size or shape, articles of paper pulp, paper and paper-board, cellulose wadding or webs of cellulose fibres, n.e.c. in chapter 48"
490110,Paper,"Printed matter; in single sheets, whether or not folded","Printed books, brochures, leaflets and similar printed matter, whether or not in single sheets"
490191,Paper,"Printed matter; dictionaries, encyclopaedias and serial instalments thereof","Printed books, brochures, leaflets and similar printed matter, whether or not in single sheets"
490199,Paper,"Printed matter; books, brochures, leaflets and similar printed matter n.e.c. in item no. 4901.10 or 4901.91","Printed books, brochures, leaflets and similar printed matter, whether or not in single sheets"
490210,Paper,"Newspapers, journals and periodicals; whether or not illustrated or containing advertising material, appearing at least four times a week","Newspapers, journals and periodicals, whether or not illustrated or containing advertising material"
490290,Paper,"Newspapers, journals and periodicals; whether or not illustrated or containing advertising material, appearing less frequently than four times a week","Newspapers, journals and periodicals, whether or not illustrated or containing advertising material"
490300,Paper,"Printed matter; children's picture, drawing or colouring books","Children's picture, drawing or colouring books"
490400,Paper,"Music; printed or in manuscript, whether or not bound or illustrated","Music, printed or in manuscript, whether or not bound or illustrated"
490520,Paper,"Maps and hydrographic or similar charts; printed in book form, including atlases, topographical plans and similar","Maps and hydrographic or similar charts of all kinds, including atlases, wall maps, topographical plans and globes, printed"
490600,Paper,"Plans and drawings; for architectural, engineering, industrial, commercial, topographical or similar, being originals drawn by hand; hand-written texts; photo- graphic reproductions; their carbon copies","Plans and drawings; for architectural, engineering, industrial, commercial, topographical or similar, being originals drawn by hand; hand-written texts; photo- graphic reproductions; their carbon copies"
490810,Paper,"Printed matter; transfers (decalcomanias), vitrifiable",Transfers (decalcomanias)
490890,Paper,"Printed matter; transfers (decalcomanias), other than vitrifiable",Transfers (decalcomanias)
490900,Paper,"Printed or illustrated postcards; printed cards bearing personal greetings, messages or announcements, whether or not illustrated, with or without envelopes or trimmings","Printed or illustrated postcards; printed cards bearing personal greetings, messages or announcements, whether or not illustrated, with or without envelopes or trimmings"
491000,Paper,"Calendars; printed, of any kind, including calendar blocks","Calendars of any kind, printed, including calendar blocks"
491199,Paper,Printed matter; n.e.c. in heading no. 4911,"Printed matter, n.e.c., including printed pictures and photographs"
500100,Textile,Silk; silk-worm cocoons suitable for reeling,Silk-worm cocoons suitable for reeling
500200,Textile,Silk; raw silk (not thrown),Raw silk (not thrown)
510111,Textile,"Wool; (not carded or combed), greasy (including fleece-washed wool), shorn","Wool, not carded or combed"
510119,Textile,"Wool; (other than shorn), greasy (including fleece-washed wool), not carded or combed","Wool, not carded or combed"
510121,Textile,"Wool; (not carded or combed), degreased, (not carbonised), shorn","Wool, not carded or combed"
510129,Textile,"Wool; (not carded or combed), degreased, (not carbonised), (other than shorn)","Wool, not carded or combed"
510130,Textile,"Wool; (not carded or combed), carbonised","Wool, not carded or combed"
510211,Textile,"Hair; fine animal hair, not carded or combed, of kashmir (cashmere) goats","Fine or coarse animal hair, not carded or combed"
510220,Textile,"Hair; coarse animal hair, not carded or combed","Fine or coarse animal hair, not carded or combed"
510320,Textile,"Wool and hair; waste of wool or of fine animal hair, including yarn waste, but excluding garnetted stock and noils of wool or of fine animal hair","Waste of wool or of fine or coarse animal hair, including yarn waste but excluding garnetted stock"
510330,Textile,"Wool and hair; waste of coarse animal hair, including yarn waste, but excluding garnetted stock","Waste of wool or of fine or coarse animal hair, including yarn waste but excluding garnetted stock"
510400,Textile,Wool and hair; garnetted stock of wool or of fine or coarse animal hair,"Wool, or fine or coarse animal hair; garnetted stock"
510510,Textile,Wool; carded,Wool and fine or coarse animal hair; carded or combed (including combed wool in fragments)
510521,Textile,"Wool; wool tops and other combed wool, in fragments",Wool and fine or coarse animal hair; carded or combed (including combed wool in fragments)
510529,Textile,"Wool; wool tops and other combed wool, other than in fragments",Wool and fine or coarse animal hair; carded or combed (including combed wool in fragments)
510531,Textile,"Hair; fine animal hair, carded or combed, of kashmir (cashmere) goats",Wool and fine or coarse animal hair; carded or combed (including combed wool in fragments)
510539,Textile,"Hair; fine animal hair, carded or combed, other than of kashmir (cashmere) goats",Wool and fine or coarse animal hair; carded or combed (including combed wool in fragments)
510540,Textile,"Hair; coarse animal hair, carded or combed",Wool and fine or coarse animal hair; carded or combed (including combed wool in fragments)
510990,Textile,"Yarn; of wool or of fine animal hair, containing less than 85% by weight of wool or fine animal hair, put up for retail sale","Yarn of wool or of fine animal hair, put up for retail sale"
511000,Textile,"Yarn; of coarse animal hair or of horsehair (including gimped horsehair yarn), whether or not put up for retail sale","Yarn of coarse animal hair or of horsehair (including gimped horsehair yarn), whether or not put up for retail sale"
511111,Textile,"Fabrics, woven; of carded wool or of carded fine animal hair, containing 85% or more by weight of wool or of fine animal hair, of a weight not exceeding 300g/m2",Woven fabrics of carded wool or of carded fine animal hair
511119,Textile,"Fabrics, woven; of carded wool or of carded fine animal hair, containing 85% or more by weight of wool or of fine animal hair, of a weight exceeding 300g/m2",Woven fabrics of carded wool or of carded fine animal hair
511120,Textile,"Fabrics, woven; of carded wool or carded fine animal hair, containing less than 85% by weight of wool or fine animal hair, mixed mainly or solely with man-made filaments",Woven fabrics of carded wool or of carded fine animal hair
511211,Textile,"Fabrics, woven; of combed wool or combed fine animal hair, containing 85% or more by weight of wool or fine animal hair, of a weight not exceeding 200g/m2",Woven fabrics of combed wool or of combed fine animal hair
511219,Textile,"Fabrics, woven; of combed wool or combed fine animal hair, containing 85% or more by weight of wool or fine animal hair, of a weight exceeding 200g/m2",Woven fabrics of combed wool or of combed fine animal hair
511220,Textile,"Fabrics, woven; of combed wool or combed fine animal hair, containing less than 85% by weight of wool or fine animal hair, mixed mainly or solely with man-made filaments",Woven fabrics of combed wool or of combed fine animal hair
511300,Textile,"Fabrics, woven; of coarse animal hair or of horsehair",Woven fabrics of coarse animal hair or of horsehair
520210,Textile,Cotton; yarn waste (including thread waste),Cotton waste (including yarn waste and garnetted stock)
520291,Textile,Cotton; garnetted stock waste,Cotton waste (including yarn waste and garnetted stock)
520299,Textile,Cotton; waste other than garnetted stock and yarn (including thread) waste,Cotton waste (including yarn waste and garnetted stock)
520300,Textile,Cotton; carded or combed,"Cotton, carded or combed"
520411,Textile,"Cotton; sewing thread, containing 85% or more by weight of cotton, not put up for retail sale","Cotton sewing thread, whether or not put up for retail sale"
520419,Textile,"Cotton; sewing thread, containing less than 85% by weight of cotton, not put up for retail sale","Cotton sewing thread, whether or not put up for retail sale"
520420,Textile,"Cotton; sewing thread, put up for retail sale","Cotton sewing thread, whether or not put up for retail sale"
520511,Textile,"Cotton yarn; (not sewing thread), single, of uncombed fibres, 85% or more by weight of cotton, measuring 714.29 decitex or more, (not exceeding 14 metric number), not for retail sale","Cotton yarn (other than sewing thread), containing 85% or more by weight of cotton, not put up for retail sale"
520512,Textile,"Cotton yarn; (not sewing thread), single, of uncombed fibres, 85% or more by weight of cotton, less than 714.29 but not less than 232.56 decitex (exceeding 14 but not exceeding 43 metric number), not for retail sale","Cotton yarn (other than sewing thread), containing 85% or more by weight of cotton, not put up for retail sale"
520513,Textile,"Cotton yarn; (not sewing thread), single, of uncombed fibres, 85% or more by weight of cotton, less than 232.56 but not less than 192.31 decitex (exceeding 43 but not exceeding 52 metric number), not for retail sale","Cotton yarn (other than sewing thread), containing 85% or more by weight of cotton, not put up for retail sale"
520514,Textile,"Cotton yarn; (not sewing thread), single, of uncombed fibres, 85% or more by weight of cotton, less than 192.31 but not less than 125 decitex (exceeding 52 but not exceeding 80 metric number), not for retail sale","Cotton yarn (other than sewing thread), containing 85% or more by weight of cotton, not put up for retail sale"
520521,Textile,"Cotton yarn; (not sewing thread), single, of combed fibres, 85% or more by weight of cotton, measuring 714.29 decitex or more, (not exceeding 14 metric number), not for retail sale","Cotton yarn (other than sewing thread), containing 85% or more by weight of cotton, not put up for retail sale"
520522,Textile,"Cotton yarn; (not sewing thread), single, of combed fibres, 85% or more by weight of cotton, less than 714.29 but not less than 232.56 decitex (exceeding 14 but not exceeding 43 metric number), not for retail sale","Cotton yarn (other than sewing thread), containing 85% or more by weight of cotton, not put up for retail sale"
520523,Textile,"Cotton yarn; (not sewing thread), single, of combed fibres, 85% or more by weight of cotton, less than 232.56 but not less than 192.31 decitex (exceeding 43 but not exceeding 52 metric number), not for retail sale","Cotton yarn (other than sewing thread), containing 85% or more by weight of cotton, not put up for retail sale"
520524,Textile,"Cotton yarn; (not sewing thread), single, of combed fibres, 85% or more by weight of cotton, less than 192.31 but not less than 125 decitex (exceeding 52 but not exceeding 80 metric number), not for retail sale","Cotton yarn (other than sewing thread), containing 85% or more by weight of cotton, not put up for retail sale"
520528,Textile,"Cotton yarn; (not sewing thread), single, of combed fibres, 85% or more by weight of cotton, measuring less than 83.33 decitex (exceeding 120 metric number), not for retail sale","Cotton yarn (other than sewing thread), containing 85% or more by weight of cotton, not put up for retail sale"
520531,Textile,"Cotton yarn; (not sewing thread), multiple or cabled, of uncombed fibres, 85% or more by weight of cotton, 714.29 decitex or more (not exceeding 14 metric number) per single yarn, not for retail sale","Cotton yarn (other than sewing thread), containing 85% or more by weight of cotton, not put up for retail sale"
520532,Textile,"Cotton yarn; (not sewing thread), multiple or cabled, of uncombed fibres, 85% or more by weight of cotton, 714.28 to 232.56 decitex (15 to 43 metric number) per single yarn, not for retail sale","Cotton yarn (other than sewing thread), containing 85% or more by weight of cotton, not put up for retail sale"
520533,Textile,"Cotton yarn; (not sewing thread), multiple or cabled, of uncombed fibres, 85% or more by weight of cotton, 232.55 to 192.31 decitex (44 to 52 metric number) per single yarn, not for retail sale","Cotton yarn (other than sewing thread), containing 85% or more by weight of cotton, not put up for retail sale"
520534,Textile,"Cotton yarn; (not sewing thread), multiple or cabled, of uncombed fibres, 85% or more by weight of cotton, 192.30 to 125 decitex (53 to 80 metric number) per single yarn, not for retail sale","Cotton yarn (other than sewing thread), containing 85% or more by weight of cotton, not put up for retail sale"
520535,Textile,"Cotton yarn; (not sewing thread), multiple or cabled, of uncombed fibres, 85% or more by weight of cotton, less than 125 decitex (exceeding 80 metric number), per single yarn, not for retail sale","Cotton yarn (other than sewing thread), containing 85% or more by weight of cotton, not put up for retail sale"
520541,Textile,"Cotton yarn; (not sewing thread), multiple or cabled, of combed fibres, 85% or more by weight of cotton, 714.29 decitex or more (not exceeding 14 metric number) per single yarn, not for retail sale","Cotton yarn (other than sewing thread), containing 85% or more by weight of cotton, not put up for retail sale"
520542,Textile,"Cotton yarn; (not sewing thread), multiple or cabled, of combed fibres, 85% or more by weight of cotton, 714.28 to 232.56 decitex (15 to 43 metric number) per single yarn, not for retail sale","Cotton yarn (other than sewing thread), containing 85% or more by weight of cotton, not put up for retail sale"
520543,Textile,"Cotton yarn; (not sewing thread), multiple or cabled, of combed fibres, 85% or more by weight of cotton, 232.55 to 192.31 decitex (44 to 52 metric number) per single yarn, not for retail sale","Cotton yarn (other than sewing thread), containing 85% or more by weight of cotton, not put up for retail sale"
520544,Textile,"Cotton yarn; (not sewing thread), multiple or cabled, of combed fibres, 85% or more by weight of cotton, 192.30 to 125 decitex (53 to 80 metric number) per single yarn, not for retail sale","Cotton yarn (other than sewing thread), containing 85% or more by weight of cotton, not put up for retail sale"
520546,Textile,"Cotton yarn; (not sewing thread), multiple or cabled, of combed fibres, 85% or more by weight of cotton, 124 to 106.38 decitex (81 to 94 metric number) per single yarn, not for retail sale","Cotton yarn (other than sewing thread), containing 85% or more by weight of cotton, not put up for retail sale"
520547,Textile,"Cotton yarn; (not sewing thread), multiple or cabled, of combed fibres, 85% or more by weight of cotton, 106.37 to 83.33 decitex (95 to 120 metric number) per single yarn, not for retail sale","Cotton yarn (other than sewing thread), containing 85% or more by weight of cotton, not put up for retail sale"
520548,Textile,"Cotton yarn; (not sewing thread), multiple or cabled, of combed fibres, 85% or more by weight of cotton, less than 83.33 decitex (exceeding 120 metric number) per single yarn, not for retail sale","Cotton yarn (other than sewing thread), containing 85% or more by weight of cotton, not put up for retail sale"
520611,Textile,"Cotton yarn; (not sewing thread), single, of uncombed fibres, less than 85% by weight of cotton, measuring 714.29 decitex or more (not exceeding 14 metric number), not for retail sale","Cotton yarn (other than sewing thread), containing less than 85% by weight of cotton, not put up for retail sale"
520612,Textile,"Cotton yarn; (not sewing thread), single, of uncombed fibres, less than 85% by weight of cotton, less than 714.29 but not less than 232.56 decitex (exceeding 14 but not exceeding 43 metric number), not for retail sale","Cotton yarn (other than sewing thread), containing less than 85% by weight of cotton, not put up for retail sale"
520613,Textile,"Cotton yarn; (not sewing thread), single, of uncombed fibres, less than 85% by weight of cotton, less than 232.56 but not less than 192.31 decitex (exceeding 43 but not exceeding 52 metric number), not for retail sale","Cotton yarn (other than sewing thread), containing less than 85% by weight of cotton, not put up for retail sale"
520614,Textile,"Cotton yarn; (not sewing thread), single, of uncombed fibres, less than 85% by weight of cotton, less than 192.31 but not less than 125 decitex (exceeding 52 but not exceeding 80 metric number), not for retail sale","Cotton yarn (other than sewing thread), containing less than 85% by weight of cotton, not put up for retail sale"
520615,Textile,"Cotton yarn; (not sewing thread), single, of uncombed fibres, less than 85% by weight of cotton, measuring less than 125 decitex (exceeding 80 metric number), not for retail sale","Cotton yarn (other than sewing thread), containing less than 85% by weight of cotton, not put up for retail sale"
520621,Textile,"Cotton yarn; (not sewing thread), single, of combed fibres, less than 85% by weight of cotton, measuring 714.29 decitex or more, (not exceeding 14 metric number), not for retail sale","Cotton yarn (other than sewing thread), containing less than 85% by weight of cotton, not put up for retail sale"
520622,Textile,"Cotton yarn; (not sewing thread), single, of combed fibres, less than 85% by weight of cotton, less than 714.29 but not less than 232.56 decitex (exceeding 14 but not exceeding 43 metric number), not for retail sale","Cotton yarn (other than sewing thread), containing less than 85% by weight of cotton, not put up for retail sale"
520623,Textile,"Cotton yarn; (not sewing thread), single, of combed fibres, less than 85% by weight of cotton, less than 232.56 but not less than 192.31 decitex (exceeding 43 but not exceeding 52 metric number), not for retail sale","Cotton yarn (other than sewing thread), containing less than 85% by weight of cotton, not put up for retail sale"
520624,Textile,"Cotton yarn; (not sewing thread), single, of combed fibres, less than 85% by weight of cotton, less than 192.31 but not less than 125 decitex (exceeding 52 but not exceeding 80 metric number), not for retail sale","Cotton yarn (other than sewing thread), containing less than 85% by weight of cotton, not put up for retail sale"
520625,Textile,"Cotton yarn; (not sewing thread), single, of combed fibres, less than 85% by weight of cotton, measuring less than 125 decitex (exceeding 80 metric number), not for retail sale","Cotton yarn (other than sewing thread), containing less than 85% by weight of cotton, not put up for retail sale"
520631,Textile,"Cotton yarn; (not sewing thread), multiple or cabled, of uncombed fibres, less than 85% by weight of cotton, 714.29 decitex or more (not exceeding 14 metric number) per single yarn, not for retail sale","Cotton yarn (other than sewing thread), containing less than 85% by weight of cotton, not put up for retail sale"
520632,Textile,"Cotton yarn; (not sewing thread), multiple or cabled, of uncombed fibres, less than 85% by weight of cotton, 714.28 to 232.56 decitex (15 to 43 metric number) per single yarn, not for retail sale","Cotton yarn (other than sewing thread), containing less than 85% by weight of cotton, not put up for retail sale"
520633,Textile,"Cotton yarn; (not sewing thread), multiple or cabled, of uncombed fibres, less than 85% by weight of cotton, 232.55 to 192.31 decitex (44 to 52 metric number) per single yarn, not for retail sale","Cotton yarn (other than sewing thread), containing less than 85% by weight of cotton, not put up for retail sale"
520634,Textile,"Cotton yarn; (not sewing thread), multiple or cabled, of uncombed fibres, less than 85% by weight of cotton, 192.30 to 125 decitex (53 to 80 metric number) per single yarn, not for retail sale","Cotton yarn (other than sewing thread), containing less than 85% by weight of cotton, not put up for retail sale"
520635,Textile,"Cotton yarn; (not sewing thread), multiple or cabled, of uncombed fibres, less than 85% by weight of cotton, less than 125 decitex (exceeding 80 metric number) per single yarn, not for retail sale","Cotton yarn (other than sewing thread), containing less than 85% by weight of cotton, not put up for retail sale"
520641,Textile,"Cotton yarn; (not sewing thread), multiple or cabled, of combed fibres, less than 85% by weight of cotton, 714.29 decitex or more (not exceeding 14 metric number) per single yarn, not for retail sale","Cotton yarn (other than sewing thread), containing less than 85% by weight of cotton, not put up for retail sale"
520642,Textile,"Cotton yarn; (not sewing thread), multiple or cabled, of combed fibres, less than 85% by weight of cotton, 714.28 to 232.56 decitex (15 to 43 metric number) per single yarn, not for retail sale","Cotton yarn (other than sewing thread), containing less than 85% by weight of cotton, not put up for retail sale"
520643,Textile,"Cotton yarn; (not sewing thread), multiple or cabled, of combed fibres, less than 85% by weight of cotton, 232.55 to 192.31 decitex (44 to 52 metric number) per single yarn, not for retail sale","Cotton yarn (other than sewing thread), containing less than 85% by weight of cotton, not put up for retail sale"
520644,Textile,"Cotton yarn; (not sewing thread), multiple or cabled, of combed fibres, less than 85% by weight of cotton, 192.30 to 125 decitex (53 to 80 metric number) per single yarn, not for retail sale","Cotton yarn (other than sewing thread), containing less than 85% by weight of cotton, not put up for retail sale"
520645,Textile,"Cotton yarn; (not sewing thread), multiple or cabled, of combed fibres, less than 85% by weight of cotton, less than 125 decitex (exceeding 80 metric number) per single yarn, not for retail sale","Cotton yarn (other than sewing thread), containing less than 85% by weight of cotton, not put up for retail sale"
520710,Textile,"Cotton yarn; (not sewing thread), containing 85% or more by weight of cotton, put up for retail sale","Cotton yarn (other than sewing thread), put up for retail sale"
520790,Textile,"Cotton yarn; (not sewing thread), containing less than 85% by weight of cotton, put up for retail sale","Cotton yarn (other than sewing thread), put up for retail sale"
520813,Textile,"Fabrics, woven; containing 85% or more by weight of cotton, unbleached, 3-thread or 4-thread twill, including cross twill, weighing not more than 200g/m2","Woven fabrics of cotton, containing 85% or more by weight of cotton, weighing not more than 200 g/m2"
520819,Textile,"Fabrics, woven; containing 85% or more by weight of cotton, unbleached, of weaves n.e.c. in item no. 5208.1, weighing not more than 200g/m2","Woven fabrics of cotton, containing 85% or more by weight of cotton, weighing not more than 200 g/m2"
520823,Textile,"Fabrics, woven; containing 85% or more by weight of cotton, bleached, 3-thread or 4-thread twill, including cross twill, weighing not more than 200g/m2","Woven fabrics of cotton, containing 85% or more by weight of cotton, weighing not more than 200 g/m2"
520829,Textile,"Fabrics, woven; containing 85% or more by weight of cotton, bleached, of weaves n.e.c. in item no. 5208.2, weighing not more than 200g/m2","Woven fabrics of cotton, containing 85% or more by weight of cotton, weighing not more than 200 g/m2"
520831,Textile,"Fabrics, woven; containing 85% or more by weight of cotton, dyed, plain weave, weighing not more than 100g/m2","Woven fabrics of cotton, containing 85% or more by weight of cotton, weighing not more than 200 g/m2"
520833,Textile,"Fabrics, woven; containing 85% or more by weight of cotton, dyed, 3-thread or 4-thread twill, including cross twill, weighing not more than 200g/m2","Woven fabrics of cotton, containing 85% or more by weight of cotton, weighing not more than 200 g/m2"
520839,Textile,"Fabrics, woven; containing 85% or more by weight of cotton, dyed, of weaves n.e.c. in item no. 5208.3 weighing not more than 200g/m2","Woven fabrics of cotton, containing 85% or more by weight of cotton, weighing not more than 200 g/m2"
520841,Textile,"Fabrics, woven; containing 85% or more by weight of cotton, of yarns of different colours, plain weave, weighing not more than 100g/m2","Woven fabrics of cotton, containing 85% or more by weight of cotton, weighing not more than 200 g/m2"
520842,Textile,"Fabrics, woven; containing 85% or more by weight of cotton, of yarns of different colours, weighing more than 100g/m2 but not more than 200g/m2","Woven fabrics of cotton, containing 85% or more by weight of cotton, weighing not more than 200 g/m2"
520843,Textile,"Fabrics, woven; containing 85% or more by weight of cotton, of yarns of different colours, 3-thread or 4-thread twill, including cross twill, weighing not more than 200g/m2","Woven fabrics of cotton, containing 85% or more by weight of cotton, weighing not more than 200 g/m2"
520849,Textile,"Fabrics, woven; containing 85% or more by weight of cotton, of yarns of different colours, of weaves n.e.c. in item no. 5208.4, weighing not more than 200g/m2","Woven fabrics of cotton, containing 85% or more by weight of cotton, weighing not more than 200 g/m2"
520911,Textile,"Fabrics, woven; containing 85% or more by weight of cotton, unbleached, plain weave, weighing more than 200g/m2","Woven fabrics of cotton, containing 85% or more by weight of cotton, weighing more than 200g/m2"
520912,Textile,"Fabrics, woven; containing 85% or more by weight of cotton, unbleached, 3-thread or 4-thread twill, including cross twill, weighing more than 200g/m2","Woven fabrics of cotton, containing 85% or more by weight of cotton, weighing more than 200g/m2"
520919,Textile,"Fabrics, woven; containing 85% or more by weight of cotton, unbleached, of weaves n.e.c. in item no. 5209.1, weighing more than 200g/m2","Woven fabrics of cotton, containing 85% or more by weight of cotton, weighing more than 200g/m2"
520921,Textile,"Fabrics, woven; containing 85% or more by weight of cotton, bleached, plain weave, weighing more than 200g/m2","Woven fabrics of cotton, containing 85% or more by weight of cotton, weighing more than 200g/m2"
520922,Textile,"Fabrics, woven; containing 85% or more by weight of cotton, bleached, 3-thread or 4-thread twill, including cross twill, weighing more than 200g/m2","Woven fabrics of cotton, containing 85% or more by weight of cotton, weighing more than 200g/m2"
520929,Textile,"Fabrics, woven; containing 85% or more by weight of cotton, bleached, of weaves n.e.c. in item no. 5209.2, weighing more than 200g/m2","Woven fabrics of cotton, containing 85% or more by weight of cotton, weighing more than 200g/m2"
520931,Textile,"Fabrics, woven; containing 85% or more by weight of cotton, dyed, plain weave, weighing more than 200g/m2","Woven fabrics of cotton, containing 85% or more by weight of cotton, weighing more than 200g/m2"
520932,Textile,"Fabrics, woven; containing 85% or more by weight of cotton, dyed, 3-thread or 4-thread twill, including cross twill, weighing more than 200g/m2","Woven fabrics of cotton, containing 85% or more by weight of cotton, weighing more than 200g/m2"
520939,Textile,"Fabrics, woven; containing 85% or more by weight of cotton, dyed, of weaves n.e.c. in item no. 5209.3, weighing more than 200g/m2","Woven fabrics of cotton, containing 85% or more by weight of cotton, weighing more than 200g/m2"
520941,Textile,"Fabrics, woven; containing 85% or more by weight of cotton, of yarns of different colours, plain weave, weighing more than 200g/m2","Woven fabrics of cotton, containing 85% or more by weight of cotton, weighing more than 200g/m2"
520942,Textile,"Fabrics, woven; containing 85% or more by weight of cotton, of yarns of different colours, weighing more than 200g/m2, denim","Woven fabrics of cotton, containing 85% or more by weight of cotton, weighing more than 200g/m2"
520943,Textile,"Fabrics, woven; containing 85% or more by weight of cotton, of yarns of different colours, 3-thread or 4-thread twill, including cross twill, weighing more than 200g/m2","Woven fabrics of cotton, containing 85% or more by weight of cotton, weighing more than 200g/m2"
520949,Textile,"Fabrics, woven; containing 85% or more by weight of cotton, of yarns of different colours, of weaves n.e.c. in item no. 5209.4, weighing more than 200g/m2","Woven fabrics of cotton, containing 85% or more by weight of cotton, weighing more than 200g/m2"
530110,Textile,"Flax; raw or retted, but not spun","Flax, raw or processed but not spun; flax tow and waste (including yarn waste and garnetted stock)"
530121,Textile,"Flax; broken or scutched, but not spun","Flax, raw or processed but not spun; flax tow and waste (including yarn waste and garnetted stock)"
530129,Textile,"Flax; hackled or otherwise processed, but not spun","Flax, raw or processed but not spun; flax tow and waste (including yarn waste and garnetted stock)"
530130,Textile,"Flax; tow and waste, including yarn waste and garnetted stock","Flax, raw or processed but not spun; flax tow and waste (including yarn waste and garnetted stock)"
530210,Textile,"Hemp (cannabis sativa L.); raw or retted, but not spun","True hemp (cannabis sativa L.), raw or processed but not spun; tow and waste of true hemp (including yarn waste and garnetted stock)"
530290,Textile,"Hemp (cannabis sativa L.); processed (other than retted) (but not spun), true hemp tow and waste (including yarn waste and garnetted stock)","True hemp (cannabis sativa L.), raw or processed but not spun; tow and waste of true hemp (including yarn waste and garnetted stock)"
530310,Textile,"Jute and other textile bast fibres; raw or retted, but not spun, (excluding flax, hemp (cannabis sativa L.), and ramie)","Jute and other textile bast fibres (not flax, true hemp and ramie), raw or processed but not spun; tow and waste of these fibres, including yarn waste and garnetted stock"
530390,Textile,"Jute and other textile bast fibres; processed but not spun, tow and waste of these fibres, including yarn waste and garnetted stock (excluding flax, hemp (cannabis sativa L.), and ramie)","Jute and other textile bast fibres (not flax, true hemp and ramie), raw or processed but not spun; tow and waste of these fibres, including yarn waste and garnetted stock"
530500,Textile,"Coconut, abaca (Manila hemp or Musa textilis Nee), ramie and other vegetable textile fibres n.e.c., raw or processed but not spun; tow, noils and waste of these fibres (including yarn waste and garnetted stock)","Coconut, abaca (Manila hemp or Musa textilis Nee), ramie and other vegetable textile fibres n.e.c., raw or processed but not spun; tow, noils and waste of these fibres (including yarn waste and garnetted stock)"
530710,Textile,"Yarn; of jute or of other textile bast fibres, single",Yarn of jute or of other textile bast fibres of heading no. 5305
530720,Textile,"Yarn; of jute or of other textile bast fibres, multiple (folded) or cabled",Yarn of jute or of other textile bast fibres of heading no. 5305
530810,Textile,Yarn; of coir,Yarn of other vegetable textile fibres; paper yarn
530919,Textile,"Fabrics, woven; of flax, containing 85% or more flax, other than bleached or unbleached",Woven fabrics of flax
530921,Textile,"Fabrics, woven; of flax, containing less than 85% flax, unbleached or bleached",Woven fabrics of flax
530929,Textile,"Fabrics, woven; of flax, containing less than 85% flax, other than unbleached or bleached",Woven fabrics of flax
540211,Textile,"Yarn, synthetic; filament, monofilament (less than 67 decitex), of high tenacity yarn of nylon or other polyamides, textured or not; of aramids, not for retail sale, not sewing thread","Synthetic filament yarn (other than sewing thread), not put up for retail sale, including synthetic monofilament of less than 67 decitex"
540219,Textile,"Yarn, synthetic; filament, monofilament (less than 67 decitex), of high tenacity nylon or other polyamides, textured or not; other than aramids, not for retail sale, not sewing thread","Synthetic filament yarn (other than sewing thread), not put up for retail sale, including synthetic monofilament of less than 67 decitex"
540231,Textile,"Yarn, synthetic; filament, monofilament (less than 67 decitex), textured, of nylon or other polyamides, measuring per single yarn not more than 50 decitex, not for retail sale, not sewing thread","Synthetic filament yarn (other than sewing thread), not put up for retail sale, including synthetic monofilament of less than 67 decitex"
540232,Textile,"Yarn, synthetic; filament, monofilament (less than 67 decitex), textured, of nylon or other polyamides, measuring per single yarn more than 50 decitex, not for retail sale, not sewing thread","Synthetic filament yarn (other than sewing thread), not put up for retail sale, including synthetic monofilament of less than 67 decitex"
540234,Textile,"Yarn, synthetic; filament, monofilament (less than 67 decitex), textured, of polypropylene, not for retail sale, not sewing thread","Synthetic filament yarn (other than sewing thread), not put up for retail sale, including synthetic monofilament of less than 67 decitex"
540239,Textile,"Yarn, synthetic; filament, monofilament (less than 67 decitex), textured, other than of nylon or other polymides, polyesters, or polypropylene, not for retail sale, not sewing thread","Synthetic filament yarn (other than sewing thread), not put up for retail sale, including synthetic monofilament of less than 67 decitex"
540244,Textile,"Yarn, synthetic; filament, monofilament (less than 67 decitex), other than high tenacity or textured yarn, elastomeric, single, untwisted or twisted 50 turns or less per metre, not for retail sale, not sewing thread","Synthetic filament yarn (other than sewing thread), not put up for retail sale, including synthetic monofilament of less than 67 decitex"
540245,Textile,"Yarn, synthetic; filament, monofilament (less than 67 decitex), of nylon or other polymides (not high tenacity or textured), single, untwisted or twisted 50 turns or less per metre, not for retail sale, not sewing thread","Synthetic filament yarn (other than sewing thread), not put up for retail sale, including synthetic monofilament of less than 67 decitex"
540246,Textile,"Yarn, synthetic; filament, monofilament (less than 67 decitex), of polyesters (not high tenacity or textured), partially oriented, single, untwisted or twisted 50 turns or less per metre, not for retail sale, not sewing thread","Synthetic filament yarn (other than sewing thread), not put up for retail sale, including synthetic monofilament of less than 67 decitex"
540247,Textile,"Yarn, synthetic; filament, monofilament (less than 67 decitex), polyesters (not high tenacity or textured), not partially oriented, single, untwisted or twisted 50 turns or less per metre, not for retail sale, not sewing thread","Synthetic filament yarn (other than sewing thread), not put up for retail sale, including synthetic monofilament of less than 67 decitex"
540248,Textile,"Yarn, synthetic; filament, monofilament (less than 67 decitex), of polypropylene (not high tenacity or textured), single, untwisted or twisted 50 turns or less per metre, not for retail sale, not sewing thread","Synthetic filament yarn (other than sewing thread), not put up for retail sale, including synthetic monofilament of less than 67 decitex"
540251,Textile,"Yarn, synthetic; filament, monofilament (less than 67 decitex), of nylon or other polymides (not high tenacity or textured), single, twisted more than 50 turns per metre, not for retail sale, not sewing thread","Synthetic filament yarn (other than sewing thread), not put up for retail sale, including synthetic monofilament of less than 67 decitex"
540252,Textile,"Yarn, synthetic; filament, monofilament (less than 67 decitex), of polyesters (not high tenacity or textured), single, twisted more than 50 turns per metre, not for retail sale, not sewing thread","Synthetic filament yarn (other than sewing thread), not put up for retail sale, including synthetic monofilament of less than 67 decitex"
540253,Textile,"Yarn, synthetic; filament, monofilament (less than 67 decitex), of polypropylene (not high tenacity or textured), single, twisted more than 50 turns per metre, not for retail sale, not sewing thread","Synthetic filament yarn (other than sewing thread), not put up for retail sale, including synthetic monofilament of less than 67 decitex"
540259,Textile,"Yarn, synthetic; filament, monofilament (less than 67 decitex), other than high tenacity or textured yarn, single, twisted more than 50 turns per metre, n.e.c. in heading no. 5402, not for retail sale, not sewing thread","Synthetic filament yarn (other than sewing thread), not put up for retail sale, including synthetic monofilament of less than 67 decitex"
540261,Textile,"Yarn, synthetic; filament, monofilament (less than 67 decitex), of nylon or other polymides (not high tenacity or textured), multiple (folded) or cabled, not for retail sale, not sewing thread","Synthetic filament yarn (other than sewing thread), not put up for retail sale, including synthetic monofilament of less than 67 decitex"
540262,Textile,"Yarn, synthetic; filament, monofilament (less than 67 decitex), of polyesters (not high tenacity or textured), multiple (folded) or cabled, not for retail sale, not sewing thread","Synthetic filament yarn (other than sewing thread), not put up for retail sale, including synthetic monofilament of less than 67 decitex"
540263,Textile,"Yarn, synthetic; filament, monofilament (less than 67 decitex), of polypropylene, other than high tenacity or textured yarn, multiple (folded) or cabled, not for retail sale, not sewing thread","Synthetic filament yarn (other than sewing thread), not put up for retail sale, including synthetic monofilament of less than 67 decitex"
540269,Textile,"Yarn, synthetic; filament, monofilament (less than 67 decitex), other than high tenacity or textured yarn, multiple (folded) or cabled, n.e.c. in heading no. 5402, not for retail sale, not sewing thread","Synthetic filament yarn (other than sewing thread), not put up for retail sale, including synthetic monofilament of less than 67 decitex"
540310,Textile,"Yarn, artificial; filament, monofilament (less than 67 decitex), of high tenacity viscose rayon, not for retail sale, not sewing thread","Artificial filament yarn (other than sewing thread), not put up for retail sale, including artificial monofilament of less than 67 decitex"
540339,Textile,"Yarn, artificial; filament, monofilament (less than 67 decitex), single, n.e.c. in heading no. 5403, not for retail sale, not sewing thread","Artificial filament yarn (other than sewing thread), not put up for retail sale, including artificial monofilament of less than 67 decitex"
540341,Textile,"Yarn, artificial; filament, monofilament (less than 67 decitex), of viscose rayon (not high tenacity), multiple (folded) or cabled, not for retail sale, not sewing thread","Artificial filament yarn (other than sewing thread), not put up for retail sale, including artificial monofilament of less than 67 decitex"
540342,Textile,"Yarn, artificial; filament, monofilament (less than 67 decitex), of cellulose acetate, multiple (folded) or cabled, not for retail sale, not sewing thread","Artificial filament yarn (other than sewing thread), not put up for retail sale, including artificial monofilament of less than 67 decitex"
540349,Textile,"Yarn, artificial; filament, monofilament (less than 67 decitex), multiple (folded) or cabled, n.e.c. in heading no. 5403, not for retail sale, not sewing thread","Artificial filament yarn (other than sewing thread), not put up for retail sale, including artificial monofilament of less than 67 decitex"
540411,Textile,Elastomeric monofilament; of 67 decitex or more and of which no cross-sectional dimension exceeds 1mm,"Synthetic monofilament of 67 decitex or more, of which no cross-sectional dimension exceeds 1mm; strip and the like (e.g. artificial straw) of synthetic textile materials of an apparent width not exceeding 5mm"
540412,Textile,Monofilament of polypropylene; of 67 decitex or more and of which no cross-sectional dimension exceeds 1mm,"Synthetic monofilament of 67 decitex or more, of which no cross-sectional dimension exceeds 1mm; strip and the like (e.g. artificial straw) of synthetic textile materials of an apparent width not exceeding 5mm"
540500,Textile,"Monofilament, synthetic; of 67 decitex or more and of which no cross-sectional dimension exceeds 1mm, strip and the like (e.g. artificial straw), of synthetic textile materials with width not over 5mm","Artificial monofilament of 67 decitex or more, no cross-sectional dimension exceeds 1mm; strip and the like (e.g. artificial straw), of artificial textile materials of a width not exceeding 5mm"
540600,Textile,"Man-made filament yarn (other than sewing thread), put up for retail sale","Man-made filament yarn (other than sewing thread), put up for retail sale"
540710,Textile,"Fabrics, woven; from high tenacity yarn, of nylon, other polyamides or of polyesters","Woven fabrics of synthetic filament yarn, including woven fabrics obtained from materials of heading no. 5404"
540741,Textile,"Fabrics, woven; containing 85% or more by weight of filaments of nylon or other polyamides, unbleached or bleached","Woven fabrics of synthetic filament yarn, including woven fabrics obtained from materials of heading no. 5404"
540742,Textile,"Fabrics, woven; containing 85% or more by weight of filaments of nylon or other polyamides, dyed","Woven fabrics of synthetic filament yarn, including woven fabrics obtained from materials of heading no. 5404"
540743,Textile,"Fabrics, woven; containing 85% or more by weight of filaments of nylon or other polyamides, of yarns of different colours","Woven fabrics of synthetic filament yarn, including woven fabrics obtained from materials of heading no. 5404"
540744,Textile,"Fabrics, woven; containing 85% or more by weight of filaments of nylon or other polyamides, printed","Woven fabrics of synthetic filament yarn, including woven fabrics obtained from materials of heading no. 5404"
540751,Textile,"Fabrics, woven; containing 85% or more by weight of textured polyester filaments, unbleached or bleached","Woven fabrics of synthetic filament yarn, including woven fabrics obtained from materials of heading no. 5404"
540752,Textile,"Fabrics, woven; containing 85% or more by weight of textured polyester filaments, dyed","Woven fabrics of synthetic filament yarn, including woven fabrics obtained from materials of heading no. 5404"
540753,Textile,"Fabrics, woven; containing 85% or more by weight of textured polyester filaments, of yarns of different colours","Woven fabrics of synthetic filament yarn, including woven fabrics obtained from materials of heading no. 5404"
540754,Textile,"Fabrics, woven; containing 85% or more by weight of textured polyester filaments, printed","Woven fabrics of synthetic filament yarn, including woven fabrics obtained from materials of heading no. 5404"
540771,Textile,"Fabrics, woven; containing 85% or more by weight of synthetic filaments (excluding nylon or other polyamides and polyesters), unbleached or bleached","Woven fabrics of synthetic filament yarn, including woven fabrics obtained from materials of heading no. 5404"
540772,Textile,"Fabrics, woven; containing 85% or more by weight of synthetic filaments (excluding nylon or other polyamides and polyesters), dyed","Woven fabrics of synthetic filament yarn, including woven fabrics obtained from materials of heading no. 5404"
540773,Textile,"Fabrics, woven; containing 85% or more by weight of synthetic filaments (excluding nylon or other polyamides and polyesters), of yarns of different colours","Woven fabrics of synthetic filament yarn, including woven fabrics obtained from materials of heading no. 5404"
540774,Textile,"Fabrics, woven; containing 85% or more by weight of synthetic filaments (excluding nylon or other polyamides and polyesters), printed","Woven fabrics of synthetic filament yarn, including woven fabrics obtained from materials of heading no. 5404"
540781,Textile,"Fabrics, woven; of synthetic filament yarn, containing less than 85% by weight of synthetic filaments, mixed mainly or solely with cotton, bleached or unbleached","Woven fabrics of synthetic filament yarn, including woven fabrics obtained from materials of heading no. 5404"
540782,Textile,"Fabrics, woven; of synthetic filament yarn, containing less than 85% by weight of synthetic filaments, mixed mainly or solely with cotton, dyed","Woven fabrics of synthetic filament yarn, including woven fabrics obtained from materials of heading no. 5404"
540783,Textile,"Fabrics, woven; of synthetic filament yarn, containing less than 85% by weight of synthetic filaments, mixed mainly or solely with cotton, of yarns of different colours","Woven fabrics of synthetic filament yarn, including woven fabrics obtained from materials of heading no. 5404"
540784,Textile,"Fabrics, woven; of synthetic filament yarn, containing less than 85% by weight of synthetic filaments, printed","Woven fabrics of synthetic filament yarn, including woven fabrics obtained from materials of heading no. 5404"
540791,Textile,"Fabrics, woven; of synthetic filament yarn, bleached or unbleached, n.e.c. in heading no. 5407","Woven fabrics of synthetic filament yarn, including woven fabrics obtained from materials of heading no. 5404"
540792,Textile,"Fabrics, woven; of synthetic filament yarn, dyed, n.e.c. in heading 5407","Woven fabrics of synthetic filament yarn, including woven fabrics obtained from materials of heading no. 5404"
540793,Textile,"Fabrics, woven; of synthetic filament yarn, of yarns of different colours, n.e.c. in heading no. 5407","Woven fabrics of synthetic filament yarn, including woven fabrics obtained from materials of heading no. 5404"
540794,Textile,"Fabrics, woven; of synthetic filament yarn, printed, n.e.c. in heading no. 5407","Woven fabrics of synthetic filament yarn, including woven fabrics obtained from materials of heading no. 5404"
540810,Textile,"Fabrics, woven; of viscose rayon, high tenacity, artificial filament yarn",Woven fabrics of artificial filament yarn including woven fabrics obtained from materials of heading no. 5404
540821,Textile,"Fabrics, woven; of artificial filament yarn, containing 85% or more by weight of artificial filament, strip or the like, bleached or unbleached",Woven fabrics of artificial filament yarn including woven fabrics obtained from materials of heading no. 5404
540823,Textile,"Fabrics, woven; containing 85% or more by weight of artificial filament, strip or the like, of yarns of different colours",Woven fabrics of artificial filament yarn including woven fabrics obtained from materials of heading no. 5404
540824,Textile,"Fabrics, woven; of artificial filament yarn, containing 85% or more by weight of artificial filament, strip or the like, printed",Woven fabrics of artificial filament yarn including woven fabrics obtained from materials of heading no. 5404
540831,Textile,"Fabrics, woven; of artificial filament yarn, of artificial monofilament, strip and the like, n.e.c. in heading no. 5408, unbleached or bleached",Woven fabrics of artificial filament yarn including woven fabrics obtained from materials of heading no. 5404
540833,Textile,"Fabrics, woven; of artificial filament yarn, of artificial monofilament, strip and the like, n.e.c. in heading no. 5408, of yarns of different colours",Woven fabrics of artificial filament yarn including woven fabrics obtained from materials of heading no. 5404
540834,Textile,"Fabrics, woven; of artificial filament yarn, of artificial monofilament, strip and the like, n.e.c. in heading no. 5408, printed",Woven fabrics of artificial filament yarn including woven fabrics obtained from materials of heading no. 5404
550111,Textile,"Fibres; synthetic filament tow, of nylon or other polyamides, of aramids",Synthetic filament tow
550119,Textile,"Fibres; synthetic filament tow, of nylon or other polyamides, of other than aramids",Synthetic filament tow
550120,Textile,"Fibres; synthetic filament tow, of polyesters",Synthetic filament tow
550130,Textile,"Fibres; synthetic filament tow, acrylic or modacrylic",Synthetic filament tow
550140,Textile,"Fibres; synthetic filament tow, of polypropylene",Synthetic filament tow
550190,Textile,"Fibres; synthetic filament tow, of synthetic materials n.e.c. in heading no. 5501",Synthetic filament tow
550210,Textile,Fibres; artificial filament tow of cellulose acetate,Artificial filament tow
550290,Textile,"Fibres; artificial filament tow, other than cellulose acetate",Artificial filament tow
550311,Textile,"Fibres; synthetic staple fibres, of aramids, not carded, combed or otherwise processed for spinning","Synthetic staple fibres, not carded, combed or otherwise processed for spinning"
550319,Textile,"Fibres; synthetic staple fibres, of nylon or other polyamides other than aramids, not carded, combed or otherwise processed for spinning","Synthetic staple fibres, not carded, combed or otherwise processed for spinning"
550320,Textile,"Fibres; synthetic staple fibres, of polyesters, not carded, combed or otherwise processed for spinning","Synthetic staple fibres, not carded, combed or otherwise processed for spinning"
550330,Textile,"Fibres; synthetic staple fibres, acrylic or modacrylic, not carded, combed or otherwise processed for spinning","Synthetic staple fibres, not carded, combed or otherwise processed for spinning"
550340,Textile,"Fibres; synthetic staple fibres, of polypropylene, not carded, combed or otherwise processed for spinning","Synthetic staple fibres, not carded, combed or otherwise processed for spinning"
550410,Textile,"Fibres; artificial staple fibres, of viscose, not carded, combed or otherwise processed for spinning","Artificial staple fibres, not carded, combed or otherwise processed for spinning"
550490,Textile,"Fibres; artificial staple fibres, other than of viscose, not carded, combed or otherwise processed for spinning","Artificial staple fibres, not carded, combed or otherwise processed for spinning"
550520,Textile,"Fibres; waste (including noils, yarn waste and garnetted stock), of artificial fibres","Waste (including noils, yarn waste and garnetted stock), of man-made fibres"
550610,Textile,"Fibres; synthetic staple fibres, of nylon or other polyamides, carded, combed or otherwise processed for spinning","Synthetic staple fibres, carded, combed or otherwise processed for spinning"
550620,Textile,"Fibres; synthetic staple fibres, of polyesters, carded, combed or otherwise processed for spinning","Synthetic staple fibres, carded, combed or otherwise processed for spinning"
550630,Textile,"Fibres; synthetic staple fibres, acrylic or modacrylic, carded, combed or otherwise processed for spinning","Synthetic staple fibres, carded, combed or otherwise processed for spinning"
550640,Textile,"Fibres; synthetic staple fibres, of polypropylene, carded, combed or otherwise processed for spinning","Synthetic staple fibres, carded, combed or otherwise processed for spinning"
550700,Textile,"Fibres; artificial staple fibres, carded, combed or otherwise processed for spinning","Artificial staple fibres, carded, combed or otherwise processed for spinning"
550911,Textile,"Yarn; (not sewing thread), single, of synthetic staple fibres, containing 85% or more by weight of nylon or other polyamides, not put up for retail sale","Yarn (other than sewing thread) of synthetic staple fibres, not put up for retail sale"
550912,Textile,"Yarn; (not sewing thread), multiple (folded) or cabled yarn, of synthetic staple fibres, containing 85% or more by weight of nylon or other polyamides, not put up for retail sale","Yarn (other than sewing thread) of synthetic staple fibres, not put up for retail sale"
550921,Textile,"Yarn; (not sewing thread), single, of synthetic staple fibres, containing 85% or more by weight of polyester, not put up for retail sale","Yarn (other than sewing thread) of synthetic staple fibres, not put up for retail sale"
550922,Textile,"Yarn; (not sewing thread), multiple (folded) or cabled yarn, of synthetic staple fibres, containing 85% or more by weight of polyester, not put up for retail sale","Yarn (other than sewing thread) of synthetic staple fibres, not put up for retail sale"
550931,Textile,"Yarn; (not sewing thread), single, of synthetic staple fibres, containing 85% or more by weight of acrylic or modacrylic, not put up for retail sale","Yarn (other than sewing thread) of synthetic staple fibres, not put up for retail sale"
550932,Textile,"Yarn; (not sewing thread), multiple (folded) or cabled, of synthetic staple fibres, containing 85% or more by weight of acrylic or modacrylic, not put up for retail sale","Yarn (other than sewing thread) of synthetic staple fibres, not put up for retail sale"
550941,Textile,"Yarn; (not sewing thread), single, containing 85% or more by weight of synthetic staple fibres, n.e.c. in heading no. 5509, not put up for retail sale","Yarn (other than sewing thread) of synthetic staple fibres, not put up for retail sale"
550942,Textile,"Yarn; (not sewing thread), multiple (folded) or cabled yarn, containing 85% or more by weight of synthetic staple fibres, n.e.c. in heading no. 5509, not put up for retail sale","Yarn (other than sewing thread) of synthetic staple fibres, not put up for retail sale"
550951,Textile,"Yarn; (not sewing thread), of polyester staple fibres, mixed mainly or solely with artificial staple fibres, not put up for retail sale","Yarn (other than sewing thread) of synthetic staple fibres, not put up for retail sale"
550952,Textile,"Yarn; (not sewing thread), of polyester staple fibres, mixed mainly or solely with wool or fine animal hair, not put up for retail sale","Yarn (other than sewing thread) of synthetic staple fibres, not put up for retail sale"
550953,Textile,"Yarn; (not sewing thread), of polyester staple fibres, mixed mainly or solely with cotton, not put up for retail sale","Yarn (other than sewing thread) of synthetic staple fibres, not put up for retail sale"
550959,Textile,"Yarn; (not sewing thread), of polyester staple fibres, mixed mainly or solely with fibres n.e.c. in item no. 5509.5, not put up for retail sale","Yarn (other than sewing thread) of synthetic staple fibres, not put up for retail sale"
550961,Textile,"Yarn; (not sewing thread), of acrylic or modacrylic staple fibres, mixed mainly or solely with wool or fine animal hair, not put up for retail sale","Yarn (other than sewing thread) of synthetic staple fibres, not put up for retail sale"
550962,Textile,"Yarn; (not sewing thread), of acrylic or modacrylic staple fibres, mixed mainly or solely with cotton, not put up for retail sale","Yarn (other than sewing thread) of synthetic staple fibres, not put up for retail sale"
550969,Textile,"Yarn; (not sewing thread), of acrylic or modacrylic staple fibres, mixed mainly or solely with fibres n.e.c. in item no. 5509.6, not put up for retail sale","Yarn (other than sewing thread) of synthetic staple fibres, not put up for retail sale"
550991,Textile,"Yarn; (not sewing thread), of synthetic staple fibres, mixed mainly or solely with wool or fine animal hair, n.e.c. in heading no. 5509, not put up for retail sale","Yarn (other than sewing thread) of synthetic staple fibres, not put up for retail sale"
550992,Textile,"Yarn; (not sewing thread), of synthetic staple fibres, mixed mainly or solely with cotton, n.e.c. in heading no. 5509, not put up for retail sale","Yarn (other than sewing thread) of synthetic staple fibres, not put up for retail sale"
550999,Textile,"Yarn; (not sewing thread), of synthetic staple fibres, mixed mainly or solely with fibres (other than wool, fine animal hair or cotton), n.e.c. in heading no. 5509, not put up for retail sale","Yarn (other than sewing thread) of synthetic staple fibres, not put up for retail sale"
551011,Textile,"Yarn; (not sewing thread), single, of artificial staple fibres, containing 85% or more by weight of artificial staple fibres, not put up for retail sale","Yarn (other than sewing thread) of artificial staple fibres, not put up for retail sale"
551012,Textile,"Yarn; (not sewing thread), multiple (folded) or cabled yarn, of artificial staple fibres, containing 85% or more by weight of artificial staple fibres, not put up for retail sale","Yarn (other than sewing thread) of artificial staple fibres, not put up for retail sale"
551020,Textile,"Yarn; (not sewing thread), of artificial staple fibres, mixed mainly or solely with wool or fine animal hair, not put up for retail sale","Yarn (other than sewing thread) of artificial staple fibres, not put up for retail sale"
551030,Textile,"Yarn; (not sewing thread), of artificial staple fibres, mixed mainly or solely with cotton, not put up for retail sale","Yarn (other than sewing thread) of artificial staple fibres, not put up for retail sale"
551090,Textile,"Yarn; (not sewing thread), of artificial staple fibres, mixed mainly or solely with fibres (other than wool, fine animal hair or cotton), not put up for retail sale","Yarn (other than sewing thread) of artificial staple fibres, not put up for retail sale"
551110,Textile,"Yarn; (not sewing thread), of synthetic staple fibres, containing 85% or more by weight of synthetic staple fibres, put up for retail sale","Yarn (not sewing thread), of man-made staple fibres, put up for retail sale"
551120,Textile,"Yarn; (not sewing thread), of synthetic staple fibres, containing less than 85% by weight of synthetic staple fibres, put up for retail sale","Yarn (not sewing thread), of man-made staple fibres, put up for retail sale"
551130,Textile,"Yarn; (not sewing thread), of artificial staple fibres, put up for retail sale","Yarn (not sewing thread), of man-made staple fibres, put up for retail sale"
551211,Textile,"Fabrics, woven; of synthetic staple fibres, containing 85% or more by weight of polyester staple fibres, unbleached or bleached","Woven fabrics of synthetic staple fibres, containing 85% or more by weight of synthetic staple fibres"
551221,Textile,"Fabrics, woven; of synthetic staple fibres, containing 85% or more by weight of acrylic or modacrylic staple fibres, unbleached or bleached","Woven fabrics of synthetic staple fibres, containing 85% or more by weight of synthetic staple fibres"
551291,Textile,"Fabrics, woven; of synthetic staple fibres, containing 85% or more by weight of such fibres n.e.c. in heading no. 5512, unbleached or bleached","Woven fabrics of synthetic staple fibres, containing 85% or more by weight of synthetic staple fibres"
551312,Textile,"Fabrics, woven; 3-thread or 4-thread twill, of polyester staple fibres, containing less than 85% by weight of such, mixed mainly or solely with cotton, not exceeding 170g/m2, unbleached or bleached","Woven fabrics of synthetic staple fibres, containing less than 85% by weight of such fibres, mixed mainly or solely with cotton, of a weight not exceeding 170g/m2"
551313,Textile,"Fabrics, woven; of polyester staple fibres, containing less than 85% by weight of such fibres, mixed mainly or solely with cotton, not exceeding 170g/m2, unbleached or bleached","Woven fabrics of synthetic staple fibres, containing less than 85% by weight of such fibres, mixed mainly or solely with cotton, of a weight not exceeding 170g/m2"
551319,Textile,"Fabrics, woven; containing less than 85% by weight of synthetic staple fibres (other than polyesters), mixed mainly or solely with cotton, not exceeding 170g/m2, unbleached or bleached","Woven fabrics of synthetic staple fibres, containing less than 85% by weight of such fibres, mixed mainly or solely with cotton, of a weight not exceeding 170g/m2"
551321,Textile,"Fabrics, woven; plain weave, dyed, containing less than 85% by weight of polyester staple fibres, mixed mainly or solely with cotton, not exceeding 170g/m2","Woven fabrics of synthetic staple fibres, containing less than 85% by weight of such fibres, mixed mainly or solely with cotton, of a weight not exceeding 170g/m2"
551329,Textile,"Fabrics, woven; dyed, containing less than 85% by weight of synthetic staple fibres (other than polyesters), mixed mainly or solely with cotton, not exceeding 170g/m2","Woven fabrics of synthetic staple fibres, containing less than 85% by weight of such fibres, mixed mainly or solely with cotton, of a weight not exceeding 170g/m2"
551331,Textile,"Fabrics, woven; plain weave, of yarns of different colours, containing less than 85% by weight of polyester staple fibres, mixed mainly or solely with cotton, not exceeding 170g/m2","Woven fabrics of synthetic staple fibres, containing less than 85% by weight of such fibres, mixed mainly or solely with cotton, of a weight not exceeding 170g/m2"
551339,Textile,"Fabrics, woven; of yarns of different colours, containing less than 85% of synthetic staple fibres (other than polyester, plain weave), mixed mainly or solely with cotton, not exceeding 170g/m2","Woven fabrics of synthetic staple fibres, containing less than 85% by weight of such fibres, mixed mainly or solely with cotton, of a weight not exceeding 170g/m2"
551341,Textile,"Fabrics, woven; plain weave, printed, of polyester staple fibres, containing less than 85% by weight of such fibres, mixed mainly or solely with cotton, not exceeding 170g/m2","Woven fabrics of synthetic staple fibres, containing less than 85% by weight of such fibres, mixed mainly or solely with cotton, of a weight not exceeding 170g/m2"
551349,Textile,"Fabrics, woven; printed, containing less than 85% by weight of synthetic staple fibres (other than polyester, plain weave), mixed mainly or solely with cotton, not exceeding 170g/m2","Woven fabrics of synthetic staple fibres, containing less than 85% by weight of such fibres, mixed mainly or solely with cotton, of a weight not exceeding 170g/m2"
551411,Textile,"Fabrics, woven; plain weave, unbleached or bleached, containing less than 85% by weight of polyester staple fibres, mixed mainly or solely with cotton, exceeding 170g/m2","Woven fabrics of synthetic staple fibres, containing less than 85% by weight of such fibres, mixed mainly or solely with cotton, of a weight exceeding 170g/m2"
551412,Textile,"Fabrics, woven; 3- or 4-thread twill, including cross twill, unbleached or bleached, containing less than 85% by weight of polyester staple fibres, mixed mainly or solely with cotton, over 170g/m2","Woven fabrics of synthetic staple fibres, containing less than 85% by weight of such fibres, mixed mainly or solely with cotton, of a weight exceeding 170g/m2"
551421,Textile,"Fabrics, woven; plain weave, dyed, containing less than 85% by weight of polyester staple fibres, mixed mainly or solely with cotton, exceeding 170g/m2","Woven fabrics of synthetic staple fibres, containing less than 85% by weight of such fibres, mixed mainly or solely with cotton, of a weight exceeding 170g/m2"
551422,Textile,"Fabrics, woven; 3- or 4-thread twill, including cross twill, dyed, containing less than 85% by weight of polyester staple fibres, mixed mainly or solely with cotton, exceeding 170g/m2","Woven fabrics of synthetic staple fibres, containing less than 85% by weight of such fibres, mixed mainly or solely with cotton, of a weight exceeding 170g/m2"
551423,Textile,"Fabrics, woven; dyed, containing less than 85% by weight of polyester staple fibres, mixed mainly or solely with cotton, exceeding 170g/m2, n.e.c. in heading no. 5514","Woven fabrics of synthetic staple fibres, containing less than 85% by weight of such fibres, mixed mainly or solely with cotton, of a weight exceeding 170g/m2"
551429,Textile,"Fabrics, woven; dyed, containing less than 85% by weight of synthetic staple fibres (other than polyesters), mixed mainly or solely with cotton, exceeding 170g/m2","Woven fabrics of synthetic staple fibres, containing less than 85% by weight of such fibres, mixed mainly or solely with cotton, of a weight exceeding 170g/m2"
551441,Textile,"Fabrics, woven; plain weave, printed, containing less than 85% by weight of polyester staple fibres, mixed mainly or solely with cotton, exceeding 170g/m2","Woven fabrics of synthetic staple fibres, containing less than 85% by weight of such fibres, mixed mainly or solely with cotton, of a weight exceeding 170g/m2"
551442,Textile,"Fabrics, woven; 3- or 4-thread twill, including cross twill, printed, containing less than 85% by weight of polyester staple fibres, mixed mainly or solely with cotton, exceeding 170g/m2","Woven fabrics of synthetic staple fibres, containing less than 85% by weight of such fibres, mixed mainly or solely with cotton, of a weight exceeding 170g/m2"
551443,Textile,"Fabrics, woven; printed, containing less than 85% by weight of polyester staple fibres, mixed mainly or solely with cotton, weight exceeding 170g/m2, n.e.c. in heading no. 5514","Woven fabrics of synthetic staple fibres, containing less than 85% by weight of such fibres, mixed mainly or solely with cotton, of a weight exceeding 170g/m2"
551449,Textile,"Fabrics, woven; printed, containing less than 85% by weight of synthetic staple fibres (other than polyesters), mixed mainly or solely with cotton, exceeding 170g/m2","Woven fabrics of synthetic staple fibres, containing less than 85% by weight of such fibres, mixed mainly or solely with cotton, of a weight exceeding 170g/m2"
551529,Textile,"Fabrics, woven; of acrylic or modacrylic staple fibres n.e.c. in chapter 55, mixed mainly or solely with fibres n.e.c. in item no. 5515.2","Woven fabrics of synthetic staple fibres, n.e.c. in chapter 55"
551611,Textile,"Fabrics, woven; unbleached or bleached, containing 85% or more by weight of artificial staple fibres",Woven fabrics of artificial staple fibres
551612,Textile,"Fabrics, woven; dyed, containing 85% or more by weight of artificial staple fibres",Woven fabrics of artificial staple fibres
551613,Textile,"Fabrics, woven; of yarns of different colours, containing 85% or more by weight of artificial staple fibres",Woven fabrics of artificial staple fibres
551614,Textile,"Fabrics, woven; printed, containing 85% or more by weight of artificial staple fibres",Woven fabrics of artificial staple fibres
551621,Textile,"Fabrics, woven; unbleached or bleached, containing less than 85% by weight of artificial staple fibres, mixed mainly or solely with manmade filaments",Woven fabrics of artificial staple fibres
551622,Textile,"Fabrics, woven; dyed, containing less than 85% by weight of artificial staple fibres, mixed mainly or solely with man-made filaments",Woven fabrics of artificial staple fibres
551624,Textile,"Fabrics, woven; printed, containing less than 85% by weight of artificial staple fibres, mixed mainly or solely with man-made filaments",Woven fabrics of artificial staple fibres
551631,Textile,"Fabrics, woven; unbleached or bleached, containing less than 85% by weight of artificial staple fibres, mixed mainly or solely with wool or fine animal hair",Woven fabrics of artificial staple fibres
551632,Textile,"Fabrics, woven; dyed, containing less than 85% by weight of artificial staple fibres, mixed mainly or solely with wool or fine animal hair",Woven fabrics of artificial staple fibres
551633,Textile,"Fabrics, woven; of yarns of different colours, containing less than 85% by weight of artificial staple fibres, mixed mainly or solely with wool or fine animal hair",Woven fabrics of artificial staple fibres
551634,Textile,"Fabrics, woven; printed, containing less than 85% by weight of artificial staple fibres, mixed mainly or solely with wool or fine animal hair",Woven fabrics of artificial staple fibres
551641,Textile,"Fabrics, woven; unbleached or bleached, containing less than 85% by weight of artificial staple fibres, mixed mainly or solely with cotton",Woven fabrics of artificial staple fibres
551642,Textile,"Fabrics, woven; dyed, containing less than 85% by weight of artificial staple fibres, mixed mainly or solely with cotton",Woven fabrics of artificial staple fibres
551643,Textile,"Fabrics, woven; of yarns of different colours, containing less than 85% by weight of artificial staple fibres, mixed mainly or solely with cotton",Woven fabrics of artificial staple fibres
551644,Textile,"Fabrics, woven; printed, containing less than 85% by weight of artificial staple fibres, mixed mainly or solely with cotton",Woven fabrics of artificial staple fibres
551691,Textile,"Fabrics, woven; unbleached or bleached, of artificial staple fibres, n.e.c. in heading no. 5516",Woven fabrics of artificial staple fibres
551692,Textile,"Fabrics, woven; dyed, of artificial staple fibres, n.e.c. in heading no. 5516",Woven fabrics of artificial staple fibres
551693,Textile,"Fabrics, woven; of yarns of different colours, of artificial staple fibres, n.e.c. in heading no. 5516",Woven fabrics of artificial staple fibres
551694,Textile,"Fabrics, woven; printed, of artificial staple fibres, n.e.c. in heading no. 5516",Woven fabrics of artificial staple fibres
560129,Textile,"Wadding; other articles thereof, other than of cotton or man-made fibres","Wadding of textile materials and articles thereof; textile fibres, not exceeding 5 mm in length (flock), textile dust and mill neps"
560221,Textile,"Felt; of wool or fine animal hair (excluding needleloom felt or stitch-bonded fibre fabrics), not impregnated, coated, covered nor laminated","Felt; whether or not impregnated, coated, covered or laminated"
560290,Textile,"Felt; impregnated, coated, covered or laminated (excluding needleloom felt and stitch-bonded fibre fabrics)","Felt; whether or not impregnated, coated, covered or laminated"
560410,Textile,Rubber thread and cord; textile covered,"Rubber thread and cord, textile covered; textile yarn and strip and the like of heading no. 5404, 5405; impregnated, coated, covered or sheathed with rubber or plastics"
560500,Textile,"Yarn; metallised, whether or not gimped, of textile yarn, or strip or the like of heading no. 5404 or 5405, combined with metal in the form of thread, strip or powder or covered with metal","Yarn; metallised, whether or not gimped, of textile yarn, or strip or the like of heading no. 5404 or 5405, combined with metal in the form of thread, strip or powder or covered with metal"
560729,Textile,"Twine, cordage, ropes, cables; of sisal or other textile fibres of the genus agave (excluding binder or baler twine), whether or not plaited, braided or rubber or plastic impregnated, coated, covered or sheathed","Twine, cordage, ropes and cables, whether or not plaited or braided; whether or not impregnated, coated, covered or sheathed with rubber or plastics"
560741,Textile,"Twine; binder or baler twine, of polyethylene or polypropylene","Twine, cordage, ropes and cables, whether or not plaited or braided; whether or not impregnated, coated, covered or sheathed with rubber or plastics"
560900,Textile,"Yarn; articles of yarn, strip or the like of heading no. 5404 and 5405, twine, cordage, rope or cables n.e.c. or included","Articles of yarn, strip or the like of heading no. 5404 or 5405; twine, cordage, rope or cables n.e.c. or included"
570210,Textile,"Carpets and other textile floor coverings; woven, (not tufted or flocked), whether or not made up, including kelem, schumacks, karamanie and similar hand-woven rugs","Carpets and other textile floor coverings; woven, (not tufted or flocked), whether or not made up, including kelem, schumacks, karamanie and similar hand-woven rugs"
570220,Textile,"Carpets and other textile floor coverings; woven, (not tufted or flocked), whether or not made up, of coconut fibres (coir)","Carpets and other textile floor coverings; woven, (not tufted or flocked), whether or not made up, including kelem, schumacks, karamanie and similar hand-woven rugs"
570232,Textile,"Carpets and other textile floor coverings; woven, (not tufted or flocked), of man-made textile materials, of pile construction, not made up, n.e.c. in item no. 5702.10 or 5702.20","Carpets and other textile floor coverings; woven, (not tufted or flocked), whether or not made up, including kelem, schumacks, karamanie and similar hand-woven rugs"
570242,Textile,"Carpets and other textile floor coverings; woven, (not tufted or flocked), of man-made textile materials, of pile construction, made up, n.e.c. in item no. 5702.10 or 5702.20","Carpets and other textile floor coverings; woven, (not tufted or flocked), whether or not made up, including kelem, schumacks, karamanie and similar hand-woven rugs"
570291,Textile,"Carpets and other textile floor coverings; woven, (not tufted or flocked), of wool or fine animal hair, (not of pile construction), made up, n.e.c. in item no. 5702.10 or 5702.20","Carpets and other textile floor coverings; woven, (not tufted or flocked), whether or not made up, including kelem, schumacks, karamanie and similar hand-woven rugs"
570310,Textile,"Carpets and other textile floor coverings (including turf); tufted, of wool or fine animal hair, whether or not made up","Carpets and other textile floor coverings (including turf); tufted, whether or not made up"
570321,Textile,"Carpets and other textile floor coverings; tufted, of nylon or other polyamides, whether or not made up","Carpets and other textile floor coverings (including turf); tufted, whether or not made up"
570331,Textile,"Carpets and other textile floor coverings; tufted, of other man-made textile materials (other than polyamides), whether or not made up","Carpets and other textile floor coverings (including turf); tufted, whether or not made up"
570410,Textile,"Textile floor coverings; felt tiles, (not tufted or flocked), whether or not made up, having a maximum surface area of 0.3m2","Carpets and other textile floor coverings; of felt, (not tufted or flocked), whether or not made up"
580110,Textile,"Fabrics; woven pile, of wool or fine animal hair, other than fabrics of heading no. 5802 or 5806","Fabrics; woven pile and chenille fabrics, other than fabrics of heading no. 5802 or 5806"
580131,Textile,"Fabrics; woven pile, of man-made fibres, uncut weft pile fabrics, other than fabrics of heading no. 5802 or 5806","Fabrics; woven pile and chenille fabrics, other than fabrics of heading no. 5802 or 5806"
580132,Textile,"Fabrics; woven pile, of man-made fibres, cut corduroy, other than fabrics of heading no. 5802 or 5806","Fabrics; woven pile and chenille fabrics, other than fabrics of heading no. 5802 or 5806"
580133,Textile,"Fabrics; woven pile, of man-made fibres, other weft pile fabrics, other than fabrics of heading no. 5802 or 5806","Fabrics; woven pile and chenille fabrics, other than fabrics of heading no. 5802 or 5806"
580136,Textile,"Fabrics; chenille, of man-made fibres, other than fabrics of heading no. 5802 or 5806","Fabrics; woven pile and chenille fabrics, other than fabrics of heading no. 5802 or 5806"
580137,Textile,"Fabrics; woven pile, of man-made fibres, warp pile fabrics, other than fabrics of heading no. 5802 or 5806","Fabrics; woven pile and chenille fabrics, other than fabrics of heading no. 5802 or 5806"
580210,Textile,"Fabrics; terry towelling and similar woven terry fabrics, of cotton, whether bleached or unbleached, excluding narrow fabrics of heading no. 5806","Fabrics; terry towelling and similar woven terry fabrics other than narrow fabrics of heading no. 5806; tufted textile fabrics, excluding products of heading no. 5703"
580220,Textile,"Fabrics; terry towelling and similar woven terry fabrics, of textile materials, excluding cotton, excluding narrow fabrics of heading no. 5806","Fabrics; terry towelling and similar woven terry fabrics other than narrow fabrics of heading no. 5806; tufted textile fabrics, excluding products of heading no. 5703"
580230,Textile,"Fabrics; tufted textile fabrics, excluding products of heading no. 5703","Fabrics; terry towelling and similar woven terry fabrics other than narrow fabrics of heading no. 5806; tufted textile fabrics, excluding products of heading no. 5703"
580421,Textile,"Lace; mechanically made, of man-made fibres in the piece, in strips or in motifs, (other than fabrics of headings 60.02 to 60.06)","Tulles and other net fabrics; not including woven, knitted or crocheted fabrics; lace in the piece, in strips or in motifs, (other than fabrics of headings 60.02 to 60.06)"
580429,Textile,"Lace; mechanically made, of textile materials, (other than man-made fibres), in the piece, in strips or motifs, (other than fabrics of headings 60.02 to 60.06)","Tulles and other net fabrics; not including woven, knitted or crocheted fabrics; lace in the piece, in strips or in motifs, (other than fabrics of headings 60.02 to 60.06)"
580430,Textile,"Lace; hand-made, in the piece, in strips or motifs, (other than fabrics of headings 60.02 to 60.06)","Tulles and other net fabrics; not including woven, knitted or crocheted fabrics; lace in the piece, in strips or in motifs, (other than fabrics of headings 60.02 to 60.06)"
580500,Textile,"Tapestries; hand-woven, (Gobelins, Flanders, Aubusson, Beauvais and the like) and needle-worked tapestries (e.g. petit point, cross-stitch) whether or not made up","Tapestries; hand-woven, (Gobelins, Flanders, Aubusson, Beauvais and the like) and needle-worked tapestries (e.g. petit point, cross-stitch) whether or not made up"
580620,Textile,"Fabrics; narrow (excluding pile fabrics), containing by weight 5% or more of elastomeric yarn or rubber thread","Fabrics; narrow woven, other than goods of heading 5807; narrow fabrics consisting of warp without weft assembled by means of an adhesive (bolducs)"
580631,Textile,"Fabrics; narrow woven fabrics, n.e.c. in heading no. 5806, of cotton (excluding goods of heading no. 5807)","Fabrics; narrow woven, other than goods of heading 5807; narrow fabrics consisting of warp without weft assembled by means of an adhesive (bolducs)"
580810,Textile,Braids; in the piece,"Braids in the piece; ornamental trimmings in the piece, without embroidery, other than knitted or crocheted; tassels, pompons and similar articles"
580890,Textile,"Ornamental trimmings; tassels, pompons and similar articles; ornamental trimmings in the piece, without embroidery, other than knitted or crocheted","Braids in the piece; ornamental trimmings in the piece, without embroidery, other than knitted or crocheted; tassels, pompons and similar articles"
580900,Textile,"Fabrics, woven; of metal thread and metallised yarn of heading no. 5605, of a kind used in apparel, as furnishing fabrics or similar purposes; n.e.c. or included","Fabrics, woven; of metal thread and metallised yarn of heading no. 5605, of a kind used in apparel, as furnishing fabrics or similar purposes; n.e.c. or included"
590110,Textile,"Textile fabrics; coated with gum or amylaceous substances, of a kind used for the outer covers of books or the like","Textile fabrics, gum or amylaceous substance coated, used for outer book covers and like; tracing cloth, prepared painting canvas; buckram and similar stiffened textile fabrics used for hat foundation"
590190,Textile,"Textile fabrics; coated with gum or amylaceous substances, tracing cloth, prepared painting canvas, buckram and similar stiffened textile fabrics for hat foundations, (excluding book covers)","Textile fabrics, gum or amylaceous substance coated, used for outer book covers and like; tracing cloth, prepared painting canvas; buckram and similar stiffened textile fabrics used for hat foundation"
590410,Textile,"Linoleum, whether or not cut to shape","Linoleum, whether or not cut to shape; floor coverings consisting of a coating or covering applied on a textile backing, whether or not cut to shape"
590490,Textile,"Textiles floor coverings; consisting of a coating or covering applied on a textile backing, whether or not cut to shape, other than linoleum","Linoleum, whether or not cut to shape; floor coverings consisting of a coating or covering applied on a textile backing, whether or not cut to shape"
590610,Textile,"Textile fabrics, rubberised; (excluding those of heading no. 5902), adhesive tape of a width not exceeding 20cm","Textile fabrics, rubberised; other than those of heading no. 5902"
590691,Textile,"Textile fabrics, rubberised; (excluding those of heading no. 5902 and adhesive tape of a width not exceeding 20cm), knitted or crocheted","Textile fabrics, rubberised; other than those of heading no. 5902"
590800,Textile,"Textile wicks, woven, plaited or knitted; for lamps, stoves, lighters, candles or the like; incandescent gas mantles and tubular knitted gas mantle fabric therefor, whether or not impregnated","Textile wicks, woven, plaited or knitted; for lamps, stoves, lighters, candles or the like; incandescent gas mantles and tubular knitted gas mantle fabric therefor, whether or not impregnated"
591000,Textile,"Textiles; transmission or conveyor belts or belting, of textile material, whether or not impregnated, coated, covered or laminated with plastics, or reinforced with metal or other material","Textiles; transmission or conveyor belts or belting, of textile material, whether or not impregnated, coated, covered or laminated with plastics, or reinforced with metal or other material"
591110,Textile,"Textile fabric, felt & felt-lined woven fabrics, coated/covered/laminated with rubber, leather or other material, for card clothing, similar fabrics used for technical purposes, including rubber impregnated narrow velvet fabrics to cover weaving spindles",Textile products and articles for technical uses; specified in note 7 to this chapter
600121,Textile,"Fabrics; looped pile fabrics, of cotton, knitted or crocheted","Fabrics; pile fabrics, including long pile fabrics and terry fabrics, knitted or crocheted"
600122,Textile,"Fabrics; looped pile fabrics, of man-made fibres, knitted or crocheted","Fabrics; pile fabrics, including long pile fabrics and terry fabrics, knitted or crocheted"
600191,Textile,"Fabrics; pile fabrics (excluding long pile and loop pile), of cotton, knitted or crocheted","Fabrics; pile fabrics, including long pile fabrics and terry fabrics, knitted or crocheted"
600192,Textile,"Fabrics; pile fabrics (excluding long pile and loop pile), of man-made fibres, knitted or crocheted","Fabrics; pile fabrics, including long pile fabrics and terry fabrics, knitted or crocheted"
600290,Textile,"Fabrics; knitted or crocheted, other than those of heading 60.01, of a width not exceeding 30 cm, containing by weight 5% or more of elastomeric yarn or rubber thread","Fabrics; knitted or crocheted, other than those of heading 60.01, of a width not exceeding 30cm, containing by weight 5% or more of elastomeric yarn or rubber thread"
600310,Textile,"Fabrics; knitted or crocheted fabrics, other than those of heading 60.01 and 60.02, of a width not exceeding 30 cm, of wool or fine animal hair","Fabrics; knitted or crocheted fabrics, other than those of heading 60.01 and 60.02, of a width not exceeding 30 cm,"
600320,Textile,"Fabrics; knitted or crocheted fabrics, other than those of heading 60.01 and 60.02, of a width not exceeding 30 cm, of cotton","Fabrics; knitted or crocheted fabrics, other than those of heading 60.01 and 60.02, of a width not exceeding 30 cm,"
600340,Textile,"Fabrics; knitted or crocheted fabrics, other than those of heading 60.01 and 60.02, of a width not exceeding 30 cm, of artificial fibres","Fabrics; knitted or crocheted fabrics, other than those of heading 60.01 and 60.02, of a width not exceeding 30 cm,"
600390,Textile,"Fabrics; knitted or crocheted fabrics, other than those of heading 60.01 and 60.02, of a width not exceeding 30 cm, other than of wool and fine animal hair, cotton, synthetic or artificial fibres","Fabrics; knitted or crocheted fabrics, other than those of heading 60.01 and 60.02, of a width not exceeding 30 cm,"
600490,Textile,"Fabrics; knitted or crocheted, other than those of heading 60.01, of a width exceeding 30 cm, containing by weight 5% or more of elastomeric yarn or rubber thread,","Fabrics; knitted or crocheted fabrics of a width exceeding 30 cm, other than those of heading 60.01, containing by weight 5% or more of elastomeric yarn or rubber thread"
600521,Textile,"Fabrics; warp knit (including those made on galloon knitting machines), other than those of headings 60.01 to 60.04, of cotton, unbleached or bleached","Fabrics; warp knit (including those made on galloon knitting machines), other than those of headings 60.01 to 60.04"
600522,Textile,"Fabrics; warp knit (including those made on galloon knitting machines), other than those of headings 60.01 to 60.04, of cotton, dyed","Fabrics; warp knit (including those made on galloon knitting machines), other than those of headings 60.01 to 60.04"
600523,Textile,"Fabrics; warp knit (including those made on galloon knitting machines), other than those of headings 60.01 to 60.04, of cotton, yarns of different colours","Fabrics; warp knit (including those made on galloon knitting machines), other than those of headings 60.01 to 60.04"
600524,Textile,"Fabrics; warp knit (including those made on galloon knitting machines), other than those of headings 60.01 to 60.04, of cotton, printed","Fabrics; warp knit (including those made on galloon knitting machines), other than those of headings 60.01 to 60.04"
600535,Textile,"Fabrics; warp knit (including those made on galloon knitting machines), other than those of headings 60.01 to 60.04, of synthetic fibres specified in Subheading Note 1 to this Chapter","Fabrics; warp knit (including those made on galloon knitting machines), other than those of headings 60.01 to 60.04"
600536,Textile,"Fabrics; warp knit (including those made on galloon knitting machines), other than those of headings 60.01 to 60.04, of synthetic fibres, bleached or unbleached","Fabrics; warp knit (including those made on galloon knitting machines), other than those of headings 60.01 to 60.04"
600537,Textile,"Fabrics; warp knit (including those made on galloon knitting machines), other than those of headings 60.01 to 60.04, of synthetic fibres, dyed","Fabrics; warp knit (including those made on galloon knitting machines), other than those of headings 60.01 to 60.04"
600538,Textile,"Fabrics; warp knit (including those made on galloon knitting machines), other than those of headings 60.01 to 60.04, of synthetic fibres, yarns of different colours","Fabrics; warp knit (including those made on galloon knitting machines), other than those of headings 60.01 to 60.04"
600539,Textile,"Fabrics; warp knit (including those made on galloon knitting machines), other than those of headings 60.01 to 60.04, of synthetic fibres, printed","Fabrics; warp knit (including those made on galloon knitting machines), other than those of headings 60.01 to 60.04"
600541,Textile,"Fabrics; warp knit (including those made on galloon knitting machines), other than those of headings 60.01 to 60.04, of artificial fibres, bleached or unbleached","Fabrics; warp knit (including those made on galloon knitting machines), other than those of headings 60.01 to 60.04"
600542,Textile,"Fabrics; warp knit (including those made on galloon knitting machines), other than those of headings 60.01 to 60.04, of artificial fibres, dyed","Fabrics; warp knit (including those made on galloon knitting machines), other than those of headings 60.01 to 60.04"
600543,Textile,"Fabrics; warp knit (including those made on galloon knitting machines), other than those of headings 60.01 to 60.04, of artificial fibres, of yarns of different colours","Fabrics; warp knit (including those made on galloon knitting machines), other than those of headings 60.01 to 60.04"
600544,Textile,"Fabrics; warp knit (including those made on galloon knitting machines), other than those of headings 60.01 to 60.04, of artificial fibres, printed","Fabrics; warp knit (including those made on galloon knitting machines), other than those of headings 60.01 to 60.04"
600610,Textile,"Fabrics; knitted or crocheted fabrics, other than those of headings 60.01 to 60.04, of wool or fine animal hair","Fabrics; knitted or crocheted fabrics, other than those of headings 60.01 to 60.04"
600621,Textile,"Fabrics; knitted or crocheted fabrics, other than those of headings 60.01 to 60.04, of cotton, unbleached or bleached","Fabrics; knitted or crocheted fabrics, other than those of headings 60.01 to 60.04"
600622,Textile,"Fabrics; knitted or crocheted fabrics, other than those of headings 60.01 to 60.04, of cotton, dyed","Fabrics; knitted or crocheted fabrics, other than those of headings 60.01 to 60.04"
600623,Textile,"Fabrics; knitted or crocheted fabrics, other than those of headings 60.01 to 60.04, of cotton, of yarns of different colours","Fabrics; knitted or crocheted fabrics, other than those of headings 60.01 to 60.04"
600624,Textile,"Fabrics; knitted or crocheted fabrics, other than those of headings 60.01 to 60.04, of cotton, printed","Fabrics; knitted or crocheted fabrics, other than those of headings 60.01 to 60.04"
600631,Textile,"Fabrics; knitted or crocheted fabrics, other than those of headings 60.01 to 60.04, of synthetic fibres, unbleached or bleached","Fabrics; knitted or crocheted fabrics, other than those of headings 60.01 to 60.04"
600632,Textile,"Fabrics; knitted or crocheted fabrics, other than those of headings 60.01 to 60.04, of synthetic fibres, dyed","Fabrics; knitted or crocheted fabrics, other than those of headings 60.01 to 60.04"
600633,Textile,"Fabrics; knitted or crocheted fabrics, other than those of headings 60.01 to 60.04, of synthetic fibres, of yarns of different colours","Fabrics; knitted or crocheted fabrics, other than those of headings 60.01 to 60.04"
600634,Textile,"Fabrics; knitted or crocheted fabrics, other than those of headings 60.01 to 60.04, of synthetic fibres, printed","Fabrics; knitted or crocheted fabrics, other than those of headings 60.01 to 60.04"
600641,Textile,"Fabrics; knitted or crocheted fabrics, other than those of headings 60.01 to 60.04, of artificial fibres, unbleached or bleached","Fabrics; knitted or crocheted fabrics, other than those of headings 60.01 to 60.04"
600642,Textile,"Fabrics; knitted or crocheted fabrics, other than those of headings 60.01 to 60.04, of artificial fibres, dyed","Fabrics; knitted or crocheted fabrics, other than those of headings 60.01 to 60.04"
600643,Textile,"Fabrics; knitted or crocheted fabrics, other than those of headings 60.01 to 60.04, of artificial fibres, of yarns of different colours","Fabrics; knitted or crocheted fabrics, other than those of headings 60.01 to 60.04"
600644,Textile,"Fabrics; knitted or crocheted fabrics, other than those of headings 60.01 to 60.04, of artificial fibres, printed","Fabrics; knitted or crocheted fabrics, other than those of headings 60.01 to 60.04"
600690,Textile,"Fabrics; knitted or crocheted fabrics, other than those of headings 60.01 to 60.04,and other than those made of wool, fine animal hair, cotton, synthetic or artificial fibres","Fabrics; knitted or crocheted fabrics, other than those of headings 60.01 to 60.04"
610322,Textile,"Ensembles; men's or boys', of cotton, knitted or crocheted","Suits, ensembles, jackets, blazers, trousers, bib and brace overalls, breeches, shorts (not swimwear); men's or boys', knitted or crocheted"
610323,Textile,"Ensembles; men's or boys', of synthetic fibres, knitted or crocheted","Suits, ensembles, jackets, blazers, trousers, bib and brace overalls, breeches, shorts (not swimwear); men's or boys', knitted or crocheted"
610329,Textile,"Ensembles; men's or boys', of textile materials (other than cotton or synthetic fibres), knitted or crocheted","Suits, ensembles, jackets, blazers, trousers, bib and brace overalls, breeches, shorts (not swimwear); men's or boys', knitted or crocheted"
610331,Textile,"Jackets and blazers; men's or boys', of wool or fine animal hair, knitted or crocheted","Suits, ensembles, jackets, blazers, trousers, bib and brace overalls, breeches, shorts (not swimwear); men's or boys', knitted or crocheted"
610332,Textile,"Jackets and blazers; men's or boys', of cotton, knitted or crocheted","Suits, ensembles, jackets, blazers, trousers, bib and brace overalls, breeches, shorts (not swimwear); men's or boys', knitted or crocheted"
610333,Textile,"Jackets and blazers; men's or boys', of synthetic fibres, knitted or crocheted","Suits, ensembles, jackets, blazers, trousers, bib and brace overalls, breeches, shorts (not swimwear); men's or boys', knitted or crocheted"
610341,Textile,"Trousers, bib and brace overalls, breeches and shorts; men's or boys', of wool or fine animal hair, knitted or crocheted","Suits, ensembles, jackets, blazers, trousers, bib and brace overalls, breeches, shorts (not swimwear); men's or boys', knitted or crocheted"
610342,Textile,"Trousers, bib and brace overalls, breeches and shorts; men's or boys', of cotton, knitted or crocheted","Suits, ensembles, jackets, blazers, trousers, bib and brace overalls, breeches, shorts (not swimwear); men's or boys', knitted or crocheted"
610343,Textile,"Trousers, bib and brace overalls, breeches and shorts; men's or boys', of synthetic fibres, knitted or crocheted","Suits, ensembles, jackets, blazers, trousers, bib and brace overalls, breeches, shorts (not swimwear); men's or boys', knitted or crocheted"
610413,Textile,"Suits; women's or girls', of synthetic fibres, knitted or crocheted","Suits, ensembles, jackets, dresses, skirts, divided skirts, trousers, bib and brace overalls, breeches and shorts (not swimwear), women's or girls', knitted or crocheted"
610422,Textile,"Ensembles; women's or girls', of cotton, knitted or crocheted","Suits, ensembles, jackets, dresses, skirts, divided skirts, trousers, bib and brace overalls, breeches and shorts (not swimwear), women's or girls', knitted or crocheted"
610423,Textile,"Ensembles; women's or girls', of synthetic fibres, knitted or crocheted","Suits, ensembles, jackets, dresses, skirts, divided skirts, trousers, bib and brace overalls, breeches and shorts (not swimwear), women's or girls', knitted or crocheted"
610431,Textile,"Jackets; women's or girls', of wool or fine animal hair, knitted or crocheted","Suits, ensembles, jackets, dresses, skirts, divided skirts, trousers, bib and brace overalls, breeches and shorts (not swimwear), women's or girls', knitted or crocheted"
610432,Textile,"Jackets; women's or girls', of cotton, knitted or crocheted","Suits, ensembles, jackets, dresses, skirts, divided skirts, trousers, bib and brace overalls, breeches and shorts (not swimwear), women's or girls', knitted or crocheted"
610433,Textile,"Jackets; women's or girls', of synthetic fibres, knitted or crocheted","Suits, ensembles, jackets, dresses, skirts, divided skirts, trousers, bib and brace overalls, breeches and shorts (not swimwear), women's or girls', knitted or crocheted"
610441,Textile,"Dresses; women's or girls', of wool or fine animal hair, knitted or crocheted","Suits, ensembles, jackets, dresses, skirts, divided skirts, trousers, bib and brace overalls, breeches and shorts (not swimwear), women's or girls', knitted or crocheted"
610442,Textile,"Dresses; women's or girls', of cotton, knitted or crocheted","Suits, ensembles, jackets, dresses, skirts, divided skirts, trousers, bib and brace overalls, breeches and shorts (not swimwear), women's or girls', knitted or crocheted"
610443,Textile,"Dresses; women's or girls', of synthetic fibres, knitted or crocheted","Suits, ensembles, jackets, dresses, skirts, divided skirts, trousers, bib and brace overalls, breeches and shorts (not swimwear), women's or girls', knitted or crocheted"
610444,Textile,"Dresses; women's or girls', of artificial fibres, knitted or crocheted","Suits, ensembles, jackets, dresses, skirts, divided skirts, trousers, bib and brace overalls, breeches and shorts (not swimwear), women's or girls', knitted or crocheted"
610449,Textile,"Dresses; women's or girls', of textile materials (other than wool or fine animal hair, cotton, synthetic or artificial fibres), knitted or crocheted","Suits, ensembles, jackets, dresses, skirts, divided skirts, trousers, bib and brace overalls, breeches and shorts (not swimwear), women's or girls', knitted or crocheted"
610451,Textile,"Skirts and divided skirts; women's or girls', of wool or fine animal hair, knitted or crocheted","Suits, ensembles, jackets, dresses, skirts, divided skirts, trousers, bib and brace overalls, breeches and shorts (not swimwear), women's or girls', knitted or crocheted"
610452,Textile,"Skirts and divided skirts; women's or girls', of cotton, knitted or crocheted","Suits, ensembles, jackets, dresses, skirts, divided skirts, trousers, bib and brace overalls, breeches and shorts (not swimwear), women's or girls', knitted or crocheted"
610453,Textile,"Skirts and divided skirts; women's or girls', of synthetic fibres, knitted or crocheted","Suits, ensembles, jackets, dresses, skirts, divided skirts, trousers, bib and brace overalls, breeches and shorts (not swimwear), women's or girls', knitted or crocheted"
610459,Textile,"Skirts and divided skirts; women's or girls', of textile materials (other than wool or fine animal hair, cotton or synthetic fibres), knitted or crocheted","Suits, ensembles, jackets, dresses, skirts, divided skirts, trousers, bib and brace overalls, breeches and shorts (not swimwear), women's or girls', knitted or crocheted"
610461,Textile,"Trousers, bib and brace overalls, breeches and shorts; women's or girls', of wool or fine animal hair, knitted or crocheted","Suits, ensembles, jackets, dresses, skirts, divided skirts, trousers, bib and brace overalls, breeches and shorts (not swimwear), women's or girls', knitted or crocheted"
610462,Textile,"Trousers, bib and brace overalls, breeches and shorts; women's or girls', of cotton, knitted or crocheted","Suits, ensembles, jackets, dresses, skirts, divided skirts, trousers, bib and brace overalls, breeches and shorts (not swimwear), women's or girls', knitted or crocheted"
610463,Textile,"Trousers, bib and brace overalls, breeches and shorts; women's or girls', of synthetic fibres, knitted or crocheted","Suits, ensembles, jackets, dresses, skirts, divided skirts, trousers, bib and brace overalls, breeches and shorts (not swimwear), women's or girls', knitted or crocheted"
610510,Textile,"Shirts; men's or boys', of cotton, knitted or crocheted","Shirts; men's or boys', knitted or crocheted"
610610,Textile,"Blouses, shirts and shirt-blouses; women's or girls', of cotton, knitted or crocheted","Blouses, shirts and shirt-blouses; women's or girls', knitted or crocheted"
610620,Textile,"Blouses, shirts and shirt-blouses; women's or girls', of man-made fibres, knitted or crocheted","Blouses, shirts and shirt-blouses; women's or girls', knitted or crocheted"
610711,Textile,"Underpants and briefs; men's or boys', of cotton, knitted or crocheted","Underpants, briefs, nightshirts, pyjamas, bathrobes, dressing gowns and similar articles; men's or boys', knitted or crocheted"
610712,Textile,"Underpants and briefs; men's or boys', of man-made fibres, knitted or crocheted","Underpants, briefs, nightshirts, pyjamas, bathrobes, dressing gowns and similar articles; men's or boys', knitted or crocheted"
610719,Textile,"Underpants and briefs; men's or boys', of textile materials (other than cotton or man-made fibres), knitted or crocheted","Underpants, briefs, nightshirts, pyjamas, bathrobes, dressing gowns and similar articles; men's or boys', knitted or crocheted"
610721,Textile,"Nightshirts and pyjamas; men's or boys', of cotton, knitted or crocheted","Underpants, briefs, nightshirts, pyjamas, bathrobes, dressing gowns and similar articles; men's or boys', knitted or crocheted"
610722,Textile,"Nightshirts and pyjamas; men's or boys', of man-made fibres, knitted or crocheted","Underpants, briefs, nightshirts, pyjamas, bathrobes, dressing gowns and similar articles; men's or boys', knitted or crocheted"
610729,Textile,"Nightshirts and pyjamas; men's or boys', of textile materials (other than cotton or man-made fibres), knitted or crocheted","Underpants, briefs, nightshirts, pyjamas, bathrobes, dressing gowns and similar articles; men's or boys', knitted or crocheted"
610791,Textile,"Bathrobes, dressing gowns and similar articles; men's or boys', of cotton, knitted or crocheted","Underpants, briefs, nightshirts, pyjamas, bathrobes, dressing gowns and similar articles; men's or boys', knitted or crocheted"
610811,Textile,"Slips and petticoats; women's or girls', of man-made fibres, knitted or crocheted","Slips, petticoats, briefs, panties, nightdresses, pyjamas, negligees, bathrobes, dressing gowns and similar articles; women's or girls', knitted or crocheted"
610819,Textile,"Slips and petticoats; women's or girls', of textile materials (other than man-made fibres), knitted or crocheted","Slips, petticoats, briefs, panties, nightdresses, pyjamas, negligees, bathrobes, dressing gowns and similar articles; women's or girls', knitted or crocheted"
610821,Textile,"Briefs and panties; women's or girls', of cotton, knitted or crocheted","Slips, petticoats, briefs, panties, nightdresses, pyjamas, negligees, bathrobes, dressing gowns and similar articles; women's or girls', knitted or crocheted"
610822,Textile,"Briefs and panties; women's or girls', of man-made fibres, knitted or crocheted","Slips, petticoats, briefs, panties, nightdresses, pyjamas, negligees, bathrobes, dressing gowns and similar articles; women's or girls', knitted or crocheted"
610829,Textile,"Briefs and panties; women's or girls', of textile materials (other than cotton or man-made fibres), knitted or crocheted","Slips, petticoats, briefs, panties, nightdresses, pyjamas, negligees, bathrobes, dressing gowns and similar articles; women's or girls', knitted or crocheted"
610831,Textile,"Nightdresses and pyjamas; women's or girls', of cotton, knitted or crocheted","Slips, petticoats, briefs, panties, nightdresses, pyjamas, negligees, bathrobes, dressing gowns and similar articles; women's or girls', knitted or crocheted"
610832,Textile,"Nightdresses and pyjamas; women's or girls', of man-made fibres, knitted or crocheted","Slips, petticoats, briefs, panties, nightdresses, pyjamas, negligees, bathrobes, dressing gowns and similar articles; women's or girls', knitted or crocheted"
610839,Textile,"Nightdresses and pyjamas; women's or girls', of textile materials (other than cotton or man-made fibres), knitted or crocheted","Slips, petticoats, briefs, panties, nightdresses, pyjamas, negligees, bathrobes, dressing gowns and similar articles; women's or girls', knitted or crocheted"
610891,Textile,"Negligees, bathrobes, dressing gowns and similar articles; women's or girls', of cotton, knitted or crocheted","Slips, petticoats, briefs, panties, nightdresses, pyjamas, negligees, bathrobes, dressing gowns and similar articles; women's or girls', knitted or crocheted"
610892,Textile,"Negligees, bathrobes, dressing gowns and similar articles; women's or girls', of man-made fibres, knitted or crocheted","Slips, petticoats, briefs, panties, nightdresses, pyjamas, negligees, bathrobes, dressing gowns and similar articles; women's or girls', knitted or crocheted"
611211,Textile,"Track suits; of cotton, knitted or crocheted","Track suits, ski suits and swimwear; knitted or crocheted"
611212,Textile,"Track suits; of synthetic fibres, knitted or crocheted","Track suits, ski suits and swimwear; knitted or crocheted"
611219,Textile,"Track suits; of textile materials (other than cotton or synthetic fibres), knitted or crocheted","Track suits, ski suits and swimwear; knitted or crocheted"
611220,Textile,Ski suits; knitted or crocheted,"Track suits, ski suits and swimwear; knitted or crocheted"
611420,Textile,"Garments; of cotton, knitted or crocheted, n.e.c. in chapter 61","Garments; knitted or crocheted, n.e.c. in chapter 61"
611430,Textile,"Garments; of man-made fibres, knitted or crocheted, n.e.c. in chapter 61","Garments; knitted or crocheted, n.e.c. in chapter 61"
611521,Textile,"Hosiery; panty hose and tights (other than graduated compression hosiery), of synthetic fibres, measuring per single yarn less than 67 decitex, knitted or crocheted","Hosiery; panty hose, tights, stockings, socks and other hosiery, including graduated compression hosiery (for example, stockings for varicose veins) and footwear without applied soles, knitted or crocheted"
611522,Textile,"Hosiery; panty hose and tights (other than graduated compression hosiery), of synthetic fibres, measuring per single yarn 67 decitex or more, knitted or crocheted","Hosiery; panty hose, tights, stockings, socks and other hosiery, including graduated compression hosiery (for example, stockings for varicose veins) and footwear without applied soles, knitted or crocheted"
611529,Textile,"Hosiery; panty hose and tights (other than graduated compression hosiery), of textile materials (other than synthetic fibres), knitted or crocheted","Hosiery; panty hose, tights, stockings, socks and other hosiery, including graduated compression hosiery (for example, stockings for varicose veins) and footwear without applied soles, knitted or crocheted"
611594,Textile,"Hosiery and footwear; without applied soles, of wool or fine animal hair, knitted or crocheted (excluding graduated compression hosiery, panty hose, tights, women's full or knee-length hosiery measuring per single yarn less than 67 decitex)","Hosiery; panty hose, tights, stockings, socks and other hosiery, including graduated compression hosiery (for example, stockings for varicose veins) and footwear without applied soles, knitted or crocheted"
611595,Textile,"Hosiery and footwear; without applied soles, of cotton, knitted or crocheted (excluding graduated compression hosiery, panty hose, tights, full or knee-length hosiery measuring per single yarn less than 67 decitex)","Hosiery; panty hose, tights, stockings, socks and other hosiery, including graduated compression hosiery (for example, stockings for varicose veins) and footwear without applied soles, knitted or crocheted"
611599,Textile,"Hosiery and footwear; without applied soles, of textile materials n.e.c. in item no. 6115.9, knitted or crocheted (excluding graduated compression hosiery, panty hose, tights, full or knee-length hosiery measuring per single yarn less than 67 decitex)","Hosiery; panty hose, tights, stockings, socks and other hosiery, including graduated compression hosiery (for example, stockings for varicose veins) and footwear without applied soles, knitted or crocheted"
611691,Textile,"Gloves, mittens and mitts; of wool or fine animal hair, knitted or crocheted, (other than impregnated, coated, covered or laminated with plastics or rubber)","Gloves, mittens and mitts; knitted or crocheted"
611692,Textile,"Gloves, mittens and mitts; of cotton, knitted or crocheted, (other than impregnated, coated, covered or laminated with plastics or rubber)","Gloves, mittens and mitts; knitted or crocheted"
611693,Textile,"Gloves, mittens and mitts; of synthetic fibres, knitted or crocheted, (other than impregnated, coated, covered or laminated with plastics or rubber)","Gloves, mittens and mitts; knitted or crocheted"
611699,Textile,"Gloves, mittens and mitts; of textile materials (other than wool or fine animal hair, cotton or synthetic fibres), knitted or crocheted, (other than impregnated, coated, covered or laminated with plastics or rubber)","Gloves, mittens and mitts; knitted or crocheted"
611710,Textile,"Shawls, scarves, mufflers, mantillas, veils and the like; knitted or crocheted","Clothing accessories; made up, knitted or crocheted, knitted or crocheted parts of garments or of clothing accessories"
611790,Textile,"Clothing; parts, knitted or crocheted","Clothing accessories; made up, knitted or crocheted, knitted or crocheted parts of garments or of clothing accessories"
620311,Textile,"Suits; men's or boys', of wool or fine animal hair (not knitted or crocheted)","Suits, ensembles, jackets, blazers, trousers, bib and brace overalls, breeches and shorts (other than swimwear); men's or boys' (not knitted or crocheted)"
620312,Textile,"Suits; men's or boys', of synthetic fibres (not knitted or crocheted)","Suits, ensembles, jackets, blazers, trousers, bib and brace overalls, breeches and shorts (other than swimwear); men's or boys' (not knitted or crocheted)"
620331,Textile,"Jackets and blazers; men's or boys', of wool or fine animal hair (not knitted or crocheted)","Suits, ensembles, jackets, blazers, trousers, bib and brace overalls, breeches and shorts (other than swimwear); men's or boys' (not knitted or crocheted)"
620411,Textile,"Suits; women's or girls', of wool or fine animal hair (not knitted or crocheted)","Suits, ensembles, jackets, dresses, skirts, divided skirts, trousers, bib and brace overalls, breeches and shorts (other than swimwear); women's or girls' (not knitted or crocheted)"
620413,Textile,"Suits; women's or girls', of synthetic fibres (not knitted or crocheted)","Suits, ensembles, jackets, dresses, skirts, divided skirts, trousers, bib and brace overalls, breeches and shorts (other than swimwear); women's or girls' (not knitted or crocheted)"
620421,Textile,"Ensembles; women's or girls', of wool or fine animal hair (not knitted or crocheted)","Suits, ensembles, jackets, dresses, skirts, divided skirts, trousers, bib and brace overalls, breeches and shorts (other than swimwear); women's or girls' (not knitted or crocheted)"
620431,Textile,"Jackets and blazers; women's or girls', of wool or fine animal hair (not knitted or crocheted)","Suits, ensembles, jackets, dresses, skirts, divided skirts, trousers, bib and brace overalls, breeches and shorts (other than swimwear); women's or girls' (not knitted or crocheted)"
620441,Textile,"Dresses; women's or girls', of wool or fine animal hair (not knitted or crocheted)","Suits, ensembles, jackets, dresses, skirts, divided skirts, trousers, bib and brace overalls, breeches and shorts (other than swimwear); women's or girls' (not knitted or crocheted)"
620443,Textile,"Dresses; women's or girls', of synthetic fibres (not knitted or crocheted)","Suits, ensembles, jackets, dresses, skirts, divided skirts, trousers, bib and brace overalls, breeches and shorts (other than swimwear); women's or girls' (not knitted or crocheted)"
620530,Textile,"Shirts; men's or boys', of man-made fibres (not knitted or crocheted)",Shirts; men's or boys' (not knitted or crocheted)
620610,Textile,"Blouses, shirts and shirt-blouses; women's or girls', of silk or silk waste (not knitted or crocheted)","Blouses, shirts and shirt-blouses; women's or girls' (not knitted or crocheted)"
620620,Textile,"Blouses, shirts and shirt-blouses; women's or girls', of wool or fine animal hair (not knitted or crocheted)","Blouses, shirts and shirt-blouses; women's or girls' (not knitted or crocheted)"
620640,Textile,"Blouses, shirts and shirt-blouses; women's or girls', of man-made fibres (not knitted or crocheted)","Blouses, shirts and shirt-blouses; women's or girls' (not knitted or crocheted)"
620711,Textile,"Underpants and briefs; men's or boys', of cotton (not knitted or crocheted)","Singlets and other vests, underpants, briefs, night-shirts, pyjamas, bathrobes, dressing gowns and similar articles; men's or boys' (not knitted or crocheted)"
620719,Textile,"Underpants and briefs; men's or boys', of textile materials other than cotton (not knitted or crocheted)","Singlets and other vests, underpants, briefs, night-shirts, pyjamas, bathrobes, dressing gowns and similar articles; men's or boys' (not knitted or crocheted)"
620721,Textile,"Nightshirts and pyjamas; men's or boys', of cotton (not knitted or crocheted)","Singlets and other vests, underpants, briefs, night-shirts, pyjamas, bathrobes, dressing gowns and similar articles; men's or boys' (not knitted or crocheted)"
620722,Textile,"Nightshirts and pyjamas; men's or boys', of man-made fibres (not knitted or crocheted)","Singlets and other vests, underpants, briefs, night-shirts, pyjamas, bathrobes, dressing gowns and similar articles; men's or boys' (not knitted or crocheted)"
620729,Textile,"Nightshirts and pyjamas; men's or boys', of textile materials other than cotton or man-made fibres (not knitted or crocheted)","Singlets and other vests, underpants, briefs, night-shirts, pyjamas, bathrobes, dressing gowns and similar articles; men's or boys' (not knitted or crocheted)"
620811,Textile,"Slips and petticoats; women's or girls', of man-made fibres (not knitted or crocheted)","Singlets and other vests, slips, petticoats, briefs, panties, nightdresses, pyjamas, negligees, bathrobes, dressing gowns and similar articles; women's or girls' (not knitted or crocheted)"
620819,Textile,"Slips and petticoats; women's or girls', of textile materials other than man-made fibres (not knitted or crocheted)","Singlets and other vests, slips, petticoats, briefs, panties, nightdresses, pyjamas, negligees, bathrobes, dressing gowns and similar articles; women's or girls' (not knitted or crocheted)"
620821,Textile,"Nightdresses and pyjamas; women's or girls', of cotton (not knitted or crocheted)","Singlets and other vests, slips, petticoats, briefs, panties, nightdresses, pyjamas, negligees, bathrobes, dressing gowns and similar articles; women's or girls' (not knitted or crocheted)"
620822,Textile,"Nightdresses and pyjamas; women's or girls', of man-made fibres (not knitted or crocheted)","Singlets and other vests, slips, petticoats, briefs, panties, nightdresses, pyjamas, negligees, bathrobes, dressing gowns and similar articles; women's or girls' (not knitted or crocheted)"
620829,Textile,"Nightdresses and pyjamas; women's or girls', of textile materials other than cotton or man-made fibres (not knitted or crocheted)","Singlets and other vests, slips, petticoats, briefs, panties, nightdresses, pyjamas, negligees, bathrobes, dressing gowns and similar articles; women's or girls' (not knitted or crocheted)"
620892,Textile,"Singlets and other vests, briefs, panties, negligees, bathrobes, dressing gowns etc.; women's or girls', of man-made fibres (not knitted or crocheted), excluding incontinence or other sanitary garments or garment liners of heading no. 96.19","Singlets and other vests, slips, petticoats, briefs, panties, nightdresses, pyjamas, negligees, bathrobes, dressing gowns and similar articles; women's or girls' (not knitted or crocheted)"
621040,Textile,"Garments; men's or boys', n.e.c. in item no. 6210.2, of the fabrics of heading no. 5602, 5603, 5903, 5906 or 5907 (not knitted or crocheted)","Garments made up of fabrics of heading no. 5602, 5603, 5903, 5906 or 5907 (not knitted or crocheted)"
621050,Textile,"Garments; women's or girls', n.e.c. in item no. 6210.3, of the fabrics of heading no. 5602, 5603, 5903, 5906 or 5907 (not knitted or crocheted)","Garments made up of fabrics of heading no. 5602, 5603, 5903, 5906 or 5907 (not knitted or crocheted)"
621111,Textile,"Swimwear; men's or boys', (not knitted or crocheted)","Track suits, swimwear and other garments (not knitted or crocheted)"
621112,Textile,"Swimwear; women's or girls', (not knitted or crocheted)","Track suits, swimwear and other garments (not knitted or crocheted)"
621149,Textile,"Track suits and other garments n.e.c.; women's or girls', of textile materials n.e.c. in item no. 6211.4 (not knitted or crocheted)","Track suits, swimwear and other garments (not knitted or crocheted)"
621220,Textile,Girdles and panty-girdles; whether or not knitted or crocheted,"Brassieres, girdles, corsets, braces, suspenders, garters and similar articles and parts thereof; whether or not knitted or crocheted"
621230,Textile,Corselettes; whether or not knitted or crocheted,"Brassieres, girdles, corsets, braces, suspenders, garters and similar articles and parts thereof; whether or not knitted or crocheted"
621290,Textile,"Braces, suspenders, garters and similar articles; whether or not knitted or crocheted, n.e.c. in heading no. 6212","Brassieres, girdles, corsets, braces, suspenders, garters and similar articles and parts thereof; whether or not knitted or crocheted"
621600,Textile,"Gloves, mittens and mitts (not knitted or crocheted)","Gloves, mittens and mitts (not knitted or crocheted)"
621790,Textile,"Clothing; parts of garments or of clothing accessories, other than those of heading no. 6212 (not knitted or crocheted)",Clothing accessories n.e.c.; parts of garments or accessories other than those of heading no. 6212 (not knitted or crocheted)
630110,Textile,Blankets; electric,Blankets and travelling rugs
630210,Textile,Bed linen; knitted or crocheted,"Bed linen, table linen, toilet linen and kitchen linen"
630231,Textile,"Bed linen; of cotton (not printed, knitted or crocheted)","Bed linen, table linen, toilet linen and kitchen linen"
630240,Textile,Table linen; knitted or crocheted,"Bed linen, table linen, toilet linen and kitchen linen"
630312,Textile,"Curtains (including drapes) and interior blinds; curtain or bed valances, knitted or crocheted, of synthetic fibres",Curtains (including drapes) and interior blinds; curtain or bed valances
630319,Textile,"Curtains (including drapes) and interior blinds; curtain or bed valances, knitted or crocheted, of textile materials other than synthetic fibres",Curtains (including drapes) and interior blinds; curtain or bed valances
630411,Textile,Bedspreads; knitted or crocheted,Furnishing articles; excluding those of heading no. 9404
630420,Textile,"Furnishing articles; excluding those of heading no. 9404, bed nets, specified in Subheading Note 1 to this Chapter",Furnishing articles; excluding those of heading no. 9404
630491,Textile,"Furnishing articles; excluding those of heading no. 9404, n.e.c. in heading 6304, knitted or crocheted",Furnishing articles; excluding those of heading no. 9404
630612,Textile,"Tarpaulins, awnings and sunblinds; of synthetic fibres","Tarpaulins, awnings and sunblinds; tents (including temporary canopies and similar articles); sails for boats, sailboards or landcraft; camping goods"
630619,Textile,"Tarpaulins, awnings and sunblinds; of textile materials other than synthetic fibres","Tarpaulins, awnings and sunblinds; tents (including temporary canopies and similar articles); sails for boats, sailboards or landcraft; camping goods"
630622,Textile,Tents (including temporary canopies and similar articles); of synthetic fibres,"Tarpaulins, awnings and sunblinds; tents (including temporary canopies and similar articles); sails for boats, sailboards or landcraft; camping goods"
630629,Textile,Tents (including temporary canopies and similar articles); of textile materials other than synthetic fibres,"Tarpaulins, awnings and sunblinds; tents (including temporary canopies and similar articles); sails for boats, sailboards or landcraft; camping goods"
630630,Textile,"Sails; for boats, sailboards or landcraft","Tarpaulins, awnings and sunblinds; tents (including temporary canopies and similar articles); sails for boats, sailboards or landcraft; camping goods"
630640,Textile,Camping goods; pneumatic mattresses,"Tarpaulins, awnings and sunblinds; tents (including temporary canopies and similar articles); sails for boats, sailboards or landcraft; camping goods"
630720,Textile,Life-jackets and life-belts,"Textiles; made up articles n.e.c. in chapter 63, including dress patterns"
630900,Textile,"Clothing; worn, and other worn articles",Textiles; worn clothing and other worn articles
631010,Textile,"Rags; used or new, scrap twine, cordage, rope and cables and worn out articles of twine, cordage, rope or cables, of textile materials; sorted","Rags; used or new, scrap twine, cordage, rope and cables and worn out articles of twine, cordage, rope or cables, of textile materials"
631090,Textile,"Rags; used or new, scrap twine, cordage, rope and cables and worn out articles of twine, cordage, rope or cables, of textile materials; other than sorted","Rags; used or new, scrap twine, cordage, rope and cables and worn out articles of twine, cordage, rope or cables, of textile materials"
640110,Footwear,"Footwear; waterproof with metal toe-cap, rubber or plastic outer soles and uppers (not assembled by stitch, rivet, nail, screw, plug or similar)","Footwear; waterproof, with outer soles and uppers of rubber or plastics, (uppers not fixed to the sole nor assembled by stitch, rivet, nail, screw, plug or similar)"
640219,Footwear,"Sports footwear; (other than ski-boots, snowboard boots or cross-country ski footwear), with outer soles and uppers of rubber or plastics",Footwear; with outer soles and uppers of rubber or plastics (excluding waterproof footwear)
640220,Footwear,"Footwear; with outer soles and uppers of rubber or plastics, upper straps or thongs assembled to the sole by plugs",Footwear; with outer soles and uppers of rubber or plastics (excluding waterproof footwear)
640312,Footwear,"Sports footwear; with outer soles of rubber, plastics, leather or composition leather and uppers of leather, ski-boots, snowboard boots and cross-country ski footwear","Footwear; with outer soles of rubber, plastics, leather or composition leather and uppers of leather"
640319,Footwear,"Sports footwear; (other than ski-boots, snowboard boots or cross-country ski footwear), with outer soles of rubber, plastics, leather or composition leather and uppers of leather","Footwear; with outer soles of rubber, plastics, leather or composition leather and uppers of leather"
640320,Footwear,"Footwear; with outer soles of leather, uppers consisting of leather straps across instep and around the big toe","Footwear; with outer soles of rubber, plastics, leather or composition leather and uppers of leather"
640340,Footwear,"Footwear; with metal toe-cap, outer soles of rubber, plastics, leather or composition leather, uppers of leather","Footwear; with outer soles of rubber, plastics, leather or composition leather and uppers of leather"
640411,Footwear,"Sports footwear; tennis shoes, basketball shoes, gym shoes, training shoes and the like, with outer soles of rubber or plastics and uppers of textile materials","Footwear; with outer soles of rubber, plastics, leather or composition leather and uppers of textile materials"
640510,Footwear,"Footwear; with uppers of leather or composition leather, n.e.c. in chapter 64",Footwear; other footwear n.e.c. in chapter 64
650100,Footwear,"Hat-forms, hat bodies and hoods of felt, neither blocked to shape nor with made brims; plateaux and manchons (including slit manchons) of felt","Hat-forms, hat bodies and hoods of felt, neither blocked to shape nor with made brims; plateaux and manchons (including slit manchons) of felt"
650200,Footwear,"Hat-shapes; plaited or made by assembling strips of any material, neither blocked to shape, nor with made brims, nor lined, nor trimmed","Hat-shapes; plaited or made by assembling strips of any material, neither blocked to shape, nor with made brims, nor lined, nor trimmed"
650400,Footwear,"Hats and other headgear; plaited or made by assembling strips of any material, whether or not lined or trimmed","Hats and other headgear; plaited or made by assembling strips of any material, whether or not lined or trimmed"
650691,Footwear,"Headgear; (other than safety headgear), of rubber or plastics, whether or not lined or trimmed","Headgear; n.e.c. in chapter 65, whether or not lined or trimmed"
650700,Footwear,"Head-bands, linings, covers, hat foundations, hat frames, peaks and chinstraps; for headgear","Head-bands, linings, covers, hat foundations, hat frames, peaks and chinstraps, for headgear"
660110,Footwear,Umbrellas and sun umbrellas; garden or similar umbrellas,"Umbrellas; sun umbrellas (including walking stick umbrellas, garden umbrellas and similar umbrellas)"
660191,Footwear,"Umbrellas and sun umbrellas; having a telescopic shaft, (excluding garden or similar umbrellas)","Umbrellas; sun umbrellas (including walking stick umbrellas, garden umbrellas and similar umbrellas)"
660320,Footwear,Umbrella frames; including frames mounted on shafts (sticks),"Trimmings, parts and accessories of articles of heading no. 6601 or 6602"
670100,Footwear,"Skins and other parts of birds with their feathers or down; feathers, parts of feathers, down and articles thereof (other than goods of heading no. 0505 and worked quills and scapes)","Skin and other parts of birds with their feather or down; feathers, parts of feather, down and articles thereof (other than goods of heading no. 0505 and worked quills and scapes)"
670210,Footwear,"Flowers, foliage and fruit, artificial, and parts thereof; articles made of artificial flowers, foliage or fruit, of plastics","Flowers, foliage and fruit, artificial, and parts thereof; articles made of artificial flowers, foliage or fruit"
670290,Footwear,"Flowers, foliage and fruit, artificial, and parts thereof; articles made of artificial flowers, foliage or fruit, of materials other than plastics","Flowers, foliage and fruit, artificial, and parts thereof; articles made of artificial flowers, foliage or fruit"
670300,Footwear,"Human hair, dressed, thinned, bleached or otherwise worked; wool or other animal hair or other textile materials, prepared for use in making wigs or the like","Human hair, dressed, thinned, bleached or otherwise worked; wool or other animal hair or other textile materials, prepared for use in making wigs or the like"
670411,Footwear,"Wigs; complete, of synthetic textile materials","Wigs, false beards, eyebrows and eyelashes, switches and the like, of human or animal hair or of textile materials; articles of human hair, n.e.c. or included"
670419,Footwear,"False beards, eyebrows and eyelashes, switches and the like; of synthetic textile materials","Wigs, false beards, eyebrows and eyelashes, switches and the like, of human or animal hair or of textile materials; articles of human hair, n.e.c. or included"
670420,Footwear,"Wigs, false beards, eyebrows and eyelashes, switches and the like and other articles n.e.c.; of human hair","Wigs, false beards, eyebrows and eyelashes, switches and the like, of human or animal hair or of textile materials; articles of human hair, n.e.c. or included"
670490,Footwear,"Wigs, false beards, eyebrows and eyelashes, switches and the like and other articles n.e.c.; of animal hair or of textile materials other than synthetic","Wigs, false beards, eyebrows and eyelashes, switches and the like, of human or animal hair or of textile materials; articles of human hair, n.e.c. or included"
680100,Stone & Glass,"Stone; setts, curbstones and flagstones, of natural stone (except slate)","Stone; setts, curbstones and flagstones, of natural stone (except slate)"
680210,Stone & Glass,"Tiles, cubes and similar articles; whether or not rectangular (including square), largest face of which is capable of being enclosed in square, side less than 7cm, coloured granules, chippings, powder","Monumental or building stone, worked (except slate) and articles thereof (not of heading no. 6801) mosaic cubes etc., of natural stone including slate; artificially coloured granules of natural stone"
680221,Stone & Glass,"Marble, travertine and alabaster; simply cut or sawn, with a flat or even surface","Monumental or building stone, worked (except slate) and articles thereof (not of heading no. 6801) mosaic cubes etc., of natural stone including slate; artificially coloured granules of natural stone"
680223,Stone & Glass,"Granite; articles thereof, simply cut or sawn, with a flat or even surface","Monumental or building stone, worked (except slate) and articles thereof (not of heading no. 6801) mosaic cubes etc., of natural stone including slate; artificially coloured granules of natural stone"
680229,Stone & Glass,"Stone; monumental or building stone, n.e.c. in item no. 6802.2, articles thereof, simply cut or sawn, with a flat or even surface","Monumental or building stone, worked (except slate) and articles thereof (not of heading no. 6801) mosaic cubes etc., of natural stone including slate; artificially coloured granules of natural stone"
680410,Stone & Glass,"Millstones and grindstones; for milling, grinding or pulping","Millstones, grindstones, grinding wheels, etc without frameworks, for grinding, sharpening, polishing, etc and parts thereof, natural stone, agglomerated natural or artificial abrasives or of ceramics"
680423,Stone & Glass,"Millstones, grindstones, grinding wheels and the like; of natural stone","Millstones, grindstones, grinding wheels, etc without frameworks, for grinding, sharpening, polishing, etc and parts thereof, natural stone, agglomerated natural or artificial abrasives or of ceramics"
680430,Stone & Glass,"Stones; hand sharpening or polishing stones, of natural stone, agglomerated natural or artificial abrasives or ceramics, with or without parts of other materials","Millstones, grindstones, grinding wheels, etc without frameworks, for grinding, sharpening, polishing, etc and parts thereof, natural stone, agglomerated natural or artificial abrasives or of ceramics"
680510,Stone & Glass,"Abrasive powder or grain; natural or artificial, on a base of woven textile fabric only, whether or not cut to shape or sewn or otherwise made up","Abrasive powder or grain; natural or artificial, on a base of textile material, of paper, paperboard or of other material, whether or not cut to shape or sewn or otherwise made up"
680520,Stone & Glass,"Abrasive powder or grain; natural or artificial, on a base of paper or paperboard only, whether or not cut to shape or sewn or otherwise made up","Abrasive powder or grain; natural or artificial, on a base of textile material, of paper, paperboard or of other material, whether or not cut to shape or sewn or otherwise made up"
680530,Stone & Glass,"Abrasive powder or grain; natural or artificial, on a base of materials n.e.c. in heading no. 6805, whether or not cut to shape or sewn or otherwise made up","Abrasive powder or grain; natural or artificial, on a base of textile material, of paper, paperboard or of other material, whether or not cut to shape or sewn or otherwise made up"
680610,Stone & Glass,"Slag wool, rock wool and similar mineral wools (including intermixtures thereof), in bulk, sheets or rolls","Slag, rock wool and similar mineral wools; exfoliated vermiculite, expanded clays, foamed slag, mixtures and articles of heat, sound insulating or sound-absorbing mineral materials"
680690,Stone & Glass,"Minerals; mixtures and articles of heat-insulating, sound-insulating or sound-absorbing mineral materials, other than those of heading no. 6811 or 6812 or of chapter 69","Slag, rock wool and similar mineral wools; exfoliated vermiculite, expanded clays, foamed slag, mixtures and articles of heat, sound insulating or sound-absorbing mineral materials"
680710,Stone & Glass,Asphalt or similar material; articles (e.g. petroleum bitumen or coal tar pitch) in rolls,Asphalt or similar material; articles (e.g. petroleum bitumen or coal tar pitch)
680790,Stone & Glass,Asphalt or similar material; articles (e.g. petroleum bitumen or coal tar pitch) other than in rolls,Asphalt or similar material; articles (e.g. petroleum bitumen or coal tar pitch)
680800,Stone & Glass,"Panels, boards, tiles, blocks and the like; of vegetable fibre, of straw, shavings, chips, particles, sawdust or other waste, of wood, agglomerated with cement, plaster or other mineral binders","Panels, boards, tiles, blocks and the like; of vegetable fibre, of straw, shavings, chips, particles, sawdust or other waste, of wood, agglomerated with cement, plaster or other mineral binders"
680911,Stone & Glass,"Plaster, or plaster compositions; boards, sheets, panels, tiles and similar articles, faced or reinforced with paper or paperboard only, not ornamented",Plaster or compositions based on plaster; articles thereof
680919,Stone & Glass,"Plaster, or plaster compositions; boards, sheets, panels, tiles and similar articles, (other than faced or reinforced with paper or paperboard only), not ornamented",Plaster or compositions based on plaster; articles thereof
680990,Stone & Glass,Plaster articles or articles of compositions based on plaster; n.e.c. in heading no. 6809,Plaster or compositions based on plaster; articles thereof
681019,Stone & Glass,"Cement, concrete or artificial stone; tiles, flagstones and similar, (excluding building blocks and bricks) whether or not reinforced","Cement, concrete or artificial stone; whether or not reinforced, articles thereof"
681091,Stone & Glass,"Cement, concrete or artificial stone; prefabricated structural components for building or civil engineering, whether or not reinforced","Cement, concrete or artificial stone; whether or not reinforced, articles thereof"
681099,Stone & Glass,"Cement, concrete or artificial stone; articles (other than prefabricated structural components for building or civil engineering), whether or not reinforced, n.e.c. in heading no. 6810","Cement, concrete or artificial stone; whether or not reinforced, articles thereof"
681140,Stone & Glass,"Asbestos-cement; articles or the like, containing asbestos","Asbestos-cement, of cellulose fibre-cement or the like"
681181,Stone & Glass,"Cellulose fibre-cement; articles or the like; corrugated sheets, not containing asbestos","Asbestos-cement, of cellulose fibre-cement or the like"
681182,Stone & Glass,"Cellulose fibre-cement; articles or the like, sheets, panels, tiles and similar articles (other than corrugated sheets), not containing asbestos","Asbestos-cement, of cellulose fibre-cement or the like"
681189,Stone & Glass,"Cellulose fibre-cement; articles or the like, other than corrugated sheets and other sheets, panels, tiles and similar articles, not containing asbestos","Asbestos-cement, of cellulose fibre-cement or the like"
681291,Stone & Glass,"Asbestos or mixtures with a basis of asbestos (other than crocidolite); clothing, clothing accessories, footwear and headgear, whether or not reinforced, not goods of heading 6811 or 6813","Fabricated asbestos fibres; mixtures with a basis of asbestos or of asbestos and magnesium carbonate; articles of such mixtures or of asbestos (e.g. thread, woven fabric, clothing, footwear), whether or not reinforced, not goods of heading 6811 or 6813"
681490,Stone & Glass,"Mica; worked mica and articles of mica (excluding plates, sheets and strips) whether or not on a support of paper, paperboard or other materials","Mica; worked, articles of, including agglomerated or reconstituted mica; whether or not on a support of paper, paperboard or other materials"
681511,Stone & Glass,Stone or other mineral substances not elsewhere specified or included; carbon fibres for non-electrical uses,"Stone or other mineral substances; articles thereof (including carbon fibres, articles of carbon fibres and articles of peat), not elsewhere specified or included"
681512,Stone & Glass,Stone or other mineral substances not elsewhere specified or included; fabrics of carbon fibres for non-electrical uses,"Stone or other mineral substances; articles thereof (including carbon fibres, articles of carbon fibres and articles of peat), not elsewhere specified or included"
681513,Stone & Glass,Stone or other mineral substances not elsewhere specified or included; articles of carbon fibres for non-electrical uses,"Stone or other mineral substances; articles thereof (including carbon fibres, articles of carbon fibres and articles of peat), not elsewhere specified or included"
681519,Stone & Glass,Stone or other mineral substances not elsewhere specified or included; non-electrical articles of graphite or carbon n.e.c. in heading 6815,"Stone or other mineral substances; articles thereof (including carbon fibres, articles of carbon fibres and articles of peat), not elsewhere specified or included"
681520,Stone & Glass,Peat; articles of peat n.e.c. or included,"Stone or other mineral substances; articles thereof (including carbon fibres, articles of carbon fibres and articles of peat), not elsewhere specified or included"
681591,Stone & Glass,"Stone articles and articles of other mineral substances; containing magnesite, magnesia in the form of periclase, dolomite including in the form of dolime, or chromite","Stone or other mineral substances; articles thereof (including carbon fibres, articles of carbon fibres and articles of peat), not elsewhere specified or included"
681599,Stone & Glass,Stone articles and articles of other mineral substances; n.e.c. or included in heading no. 6815,"Stone or other mineral substances; articles thereof (including carbon fibres, articles of carbon fibres and articles of peat), not elsewhere specified or included"
690100,Stone & Glass,"Bricks, blocks, tiles and other ceramic goods of siliceous fossil meals (e.g. kieselguhr, tripolite or diatomite) or of similar siliceous earths","Bricks, blocks, tiles and other ceramic goods of siliceous fossil meals (e.g. kieselguhr, tripolite or diatomite) or of similar siliceous earths"
690210,Stone & Glass,"Refractory bricks, blocks, tiles and similar refractory ceramic constructional goods; containing by weight, singly or together, more than 50% of the elements Mg, Ca or Cr, expressed as MgO, CaO or Cr2o3","Refractory bricks, blocks, tiles and similar refractory ceramic constructional goods; other than those of siliceous fossil meals or similar siliceous earths"
690290,Stone & Glass,"Refractory bricks, blocks, tiles and similar refractory ceramic constructional goods; n.e.c. in item no. 6902.1 or 6902.2","Refractory bricks, blocks, tiles and similar refractory ceramic constructional goods; other than those of siliceous fossil meals or similar siliceous earths"
690310,Stone & Glass,"Refractory ceramic goods; containing, by weight, more than 50% of free carbon, excluding those of siliceous fossil meals or similar earths","Ceramic goods; (e.g. retorts, crucibles, muffles, nozzles, plugs, supports cupels, tubes, pipes, sheaths, rods and slide gates) excluding those of siliceous fossil meals or of similar siliceous earths"
690410,Stone & Glass,Ceramic building bricks,"Ceramic building bricks, floor blocks, support or filler tiles and the like"
690490,Stone & Glass,"Ceramic flooring blocks, supports or filler tiles and the like (excluding building bricks)","Ceramic building bricks, floor blocks, support or filler tiles and the like"
690510,Stone & Glass,Ceramic roofing tiles,"Roofing tiles, chimney-pots, cowls, chimney liners, architectural ornaments and other ceramic constructional goods"
690590,Stone & Glass,"Ceramic chimney-pots, cowls, chimney liners, architectural ornaments and other constructional goods (excluding roofing tiles)","Roofing tiles, chimney-pots, cowls, chimney liners, architectural ornaments and other ceramic constructional goods"
690600,Stone & Glass,"Ceramic pipes, conduits, guttering and pipe fittings","Ceramic pipes, conduits, guttering and pipe fittings"
690721,Stone & Glass,"Ceramic tiles; flags and paving, hearth or wall tiles other than those of subheadings 6907.30 and 6907.40, of a water absorption coefficient by weight not over 0.5%","Ceramic flags and paving, hearth or wall tiles; ceramic mosaic cubes and the like, whether or not on a backing; finishing ceramics"
690722,Stone & Glass,"Ceramic tiles; flags and paving, hearth or wall tiles other than those of subheadings 6907.30 and 6907.40, of a water absorption coefficient by weight over 0.5% but not over 10%","Ceramic flags and paving, hearth or wall tiles; ceramic mosaic cubes and the like, whether or not on a backing; finishing ceramics"
690723,Stone & Glass,"Ceramic tiles; flags and paving, hearth or wall tiles other than those of subheadings 6907.30 and 6907.40, of a water absorption coefficient by weight over 10%","Ceramic flags and paving, hearth or wall tiles; ceramic mosaic cubes and the like, whether or not on a backing; finishing ceramics"
690730,Stone & Glass,"Mosaic cubes and the like, other than those of subheading 6907.40","Ceramic flags and paving, hearth or wall tiles; ceramic mosaic cubes and the like, whether or not on a backing; finishing ceramics"
690740,Stone & Glass,Finishing ceramics,"Ceramic flags and paving, hearth or wall tiles; ceramic mosaic cubes and the like, whether or not on a backing; finishing ceramics"
690911,Stone & Glass,"Ceramic wares; for laboratory, chemical or other technical uses, of porcelain or china","Ceramic ware for laboratory, chemical, other technical uses; ceramic troughs, tubs, similar receptacles used in agriculture; ceramic pots, jars and similar used in the conveyance or packing of goods"
690912,Stone & Glass,"Ceramic wares; for laboratory, chemical or other technical uses, articles having a hardness equivalent to 9 or more on the Mohs scale","Ceramic ware for laboratory, chemical, other technical uses; ceramic troughs, tubs, similar receptacles used in agriculture; ceramic pots, jars and similar used in the conveyance or packing of goods"
690990,Stone & Glass,"Ceramic wares; pots, jars and similar articles of a kind used for the conveyance or packing of goods and ceramic troughs, tubs and similar receptacles used in agriculture","Ceramic ware for laboratory, chemical, other technical uses; ceramic troughs, tubs, similar receptacles used in agriculture; ceramic pots, jars and similar used in the conveyance or packing of goods"
691010,Stone & Glass,"Ceramic sinks, wash basins, wash basin pedestals, baths, bidets, water closet pans, flushing cisterns, urinals and similar sanitary fixtures; of porcelain or china","Ceramic sinks, wash basins, wash basin pedestals, baths, bidets, water closet pans, flushing cisterns, urinals and similar sanitary fixtures"
691090,Stone & Glass,"Ceramic sinks, wash basins, wash basin pedestals, baths, bidets, water closet pans, flushing cisterns, urinals and similar sanitary fixtures; of other than porcelain or china","Ceramic sinks, wash basins, wash basin pedestals, baths, bidets, water closet pans, flushing cisterns, urinals and similar sanitary fixtures"
691190,Stone & Glass,"Household and toilet articles; n.e.c. in heading no. 6911, of porcelain or china","Tableware, kitchenware, other household articles and toilet articles; of porcelain or china"
691410,Stone & Glass,Ceramic articles n.e.c. in chapter 69; of porcelain or china,Ceramic articles; n.e.c. in chapter 69
700210,Stone & Glass,"Glass; unworked, in balls (other than microspheres of heading no. 7018)","Glass in balls (other than microspheres of heading no. 7018), rods or tubes, unworked"
700231,Stone & Glass,"Glass; unworked, in tubes, of fused quartz or other fused silica","Glass in balls (other than microspheres of heading no. 7018), rods or tubes, unworked"
700232,Stone & Glass,"Glass; unworked, tubes, of glass having a linear coefficient of expansion not exceeding 5 x 10 (to the minus 6), (or 0.000005) per Kelvin within a temperature range of 0-300 degrees C","Glass in balls (other than microspheres of heading no. 7018), rods or tubes, unworked"
700239,Stone & Glass,"Glass; unworked, in tubes, other than of glass having a linear coefficient of expansion not exceeding 5 x 10 (to the minus 6, (or 0.000005) ) per Kelvin within a temperature range of 0-300 degrees C, not fused quartz or other fused silica","Glass in balls (other than microspheres of heading no. 7018), rods or tubes, unworked"
700320,Stone & Glass,"Glass; cast glass and rolled glass, wired sheets, whether or not having an absorbent or reflecting layer but not otherwise worked","Glass; cast glass and rolled glass in sheets or profiles, whether or not having an absorbent, reflecting or non-reflecting layer, but not otherwise worked"
700330,Stone & Glass,"Glass; cast glass and rolled glass, profiles, not otherwise worked","Glass; cast glass and rolled glass in sheets or profiles, whether or not having an absorbent, reflecting or non-reflecting layer, but not otherwise worked"
700530,Stone & Glass,"Glass; float glass and surface ground or polished glass, in sheets, wired glass, whether or not having an absorbent or reflecting layer","Glass; float glass and surface ground or polished glass, in sheets, whether or not having an absorbent, reflecting or non-reflecting layer, but not otherwise worked"
700729,Stone & Glass,"Glass; safety glass, laminated, (not of a size and shape suitable for incorporation in vehicles, aircraft, spacecraft or vessels)","Safety glass, consisting of toughened (tempered) or laminated glass"
700992,Stone & Glass,"Glass mirrors; framed, excluding rear-view mirrors for vehicles","Glass mirrors; whether or not framed, including rear-view mirrors"
701010,Stone & Glass,"Glass; ampoules, of a kind used for the conveyance or packing of goods","Carboys, bottles, flasks, jars, pots, phials, ampoules, containers of glass of a kind used for the conveyance or packing of goods; preserving jars of glass; stoppers, lids and other closures of glass"
701020,Stone & Glass,"Glass; stoppers, lids and other closures","Carboys, bottles, flasks, jars, pots, phials, ampoules, containers of glass of a kind used for the conveyance or packing of goods; preserving jars of glass; stoppers, lids and other closures of glass"
701110,Stone & Glass,"Glass envelopes (including bulbs and tubes); open, and glass parts thereof, without fittings, for electric lighting","Glass envelopes (including bulbs and tubes), open and glass parts thereof, without fittings, for electric lamps and light sources, cathode-ray tubes or the like"
701120,Stone & Glass,"Glass envelopes (including bulbs and tubes); open, and glass parts thereof, without fittings, for cathode-ray tubes","Glass envelopes (including bulbs and tubes), open and glass parts thereof, without fittings, for electric lamps and light sources, cathode-ray tubes or the like"
701190,Stone & Glass,"Glass envelopes (including bulbs and tubes); open, and glass parts thereof, without fittings, other than for electric lighting and cathode-ray tubes","Glass envelopes (including bulbs and tubes), open and glass parts thereof, without fittings, for electric lamps and light sources, cathode-ray tubes or the like"
701310,Stone & Glass,"Glassware; of a kind used for table, kitchen, toilet, office, indoor decoration or similar purposes (other than of heading no. 7010 or 7018), of glass-ceramics","Glassware of a kind used for table, kitchen, toilet, office, indoor decoration or similar purposes (other than of heading no. 7010 or 7018)"
701342,Stone & Glass,"Glassware of a kind used for table or kitchen purposes (not drinking glasses), of glass having a linear coefficient of expansion not exceeding 5 x 10 (to the minus 6), (or 0.000005) per Kelvin within a temperature range of 0-300 degrees C","Glassware of a kind used for table, kitchen, toilet, office, indoor decoration or similar purposes (other than of heading no. 7010 or 7018)"
701510,Stone & Glass,"Glasses for corrective spectacles; curved, bent, hollowed or the like, not optically worked","Clock, watch and similar glasses, glasses for non-corrective or corrective spectacles, curved, bent, hallowed etc, not optically worked; hollow glass spheres and their segments for manufacture"
701590,Stone & Glass,"Glasses; clock or watch and similar, glasses for non-corrective spectacles, curved, bent, hollowed etc, (not optically worked), hollow glass spheres and segments, for the manufacture of such glasses","Clock, watch and similar glasses, glasses for non-corrective or corrective spectacles, curved, bent, hallowed etc, not optically worked; hollow glass spheres and their segments for manufacture"
701610,Stone & Glass,"Glass cubes and other glass smallwares; whether or not on a backing, for mosaics or similar decorative purposes","Glass; paving blocks, slabs, bricks, tiles etc, of pressed, moulded glass, whether or not wired, glass smallwares for decorative purposes leaded lights and the like; multicellular or foam glass"
701710,Stone & Glass,"Glassware; laboratory, hygienic or pharmaceutical, whether or not graduated or calibrated, of fused quartz or other fused silica","Laboratory, hygienic or pharmaceutical glassware, whether or not graduated or calibrated"
701720,Stone & Glass,"Glassware; laboratory, hygienic or pharmaceutical, whether or not graduated or calibrated, having a linear co-efficient of expansion not over 5 x 10 (to the minus 6), (or 0.000005)) per Kelvin with a temperature of 0-300 degrees C","Laboratory, hygienic or pharmaceutical glassware, whether or not graduated or calibrated"
701790,Stone & Glass,"Glassware; laboratory, hygienic or pharmaceutical, whether or not graduated or calibrated, of glass n.e.c. in heading no. 7017","Laboratory, hygienic or pharmaceutical glassware, whether or not graduated or calibrated"
701911,Stone & Glass,"Glass fibres; (including glass wool), chopped strands, of a length of not more than 50mm","Glass fibres (including glass wool) and articles thereof (e.g. yarn, rovings, woven fabrics)"
701973,Stone & Glass,"Glass fibres; chemically bonded fabrics, open fabrics n.e.c. in heading 7019","Glass fibres (including glass wool) and articles thereof (e.g. yarn, rovings, woven fabrics)"
710110,Precious Metals,"Pearls; natural, whether or not worked or graded (but not strung, mounted or set), temporarily strung for the convenience of transport","Pearls; natural or cultured, whether or not worked or graded but not strung, mounted or set; pearls, natural or cultured, temporarily strung for the convenience of transport"
710121,Precious Metals,"Pearls; cultured, unworked, whether or not graded (but not strung, mounted or set), temporarily strung for the convenience of transport","Pearls; natural or cultured, whether or not worked or graded but not strung, mounted or set; pearls, natural or cultured, temporarily strung for the convenience of transport"
710122,Precious Metals,"Pearls; cultured, worked, whether or not graded (but not strung, mounted or set), temporarily strung for the convenience of transport","Pearls; natural or cultured, whether or not worked or graded but not strung, mounted or set; pearls, natural or cultured, temporarily strung for the convenience of transport"
710210,Precious Metals,"Diamonds; whether or not worked, but not mounted or set, unsorted","Diamonds, whether or not worked, but not mounted or set"
710221,Precious Metals,"Diamonds; industrial, unworked or simply sawn, cleaved or bruted, but not mounted or set","Diamonds, whether or not worked, but not mounted or set"
710229,Precious Metals,"Diamonds; industrial, (other than unworked or simply sawn, cleaved or bruted), but not mounted or set","Diamonds, whether or not worked, but not mounted or set"
710231,Precious Metals,"Diamonds; non-industrial, unworked or simply sawn, cleaved or bruted, but not mounted or set","Diamonds, whether or not worked, but not mounted or set"
710239,Precious Metals,"Diamonds; non-industrial, (other than unworked or simply sawn, cleaved or bruted), but not mounted or set","Diamonds, whether or not worked, but not mounted or set"
710310,Precious Metals,"Stones; precious (other than diamonds) and semi-precious stones, unworked or simply sawn or roughly shaped, not strung, mounted or set","Precious (excluding diamond) and semi-precious stone; worked, graded, not strung, mounted, set; ungraded precious (excluding diamond) and semi-precious stone, temporarily strung for convenience of transport"
710391,Precious Metals,"Stones; rubies, sapphires and emeralds, worked (other than simply sawn or roughly shaped), not strung, mounted or set","Precious (excluding diamond) and semi-precious stone; worked, graded, not strung, mounted, set; ungraded precious (excluding diamond) and semi-precious stone, temporarily strung for convenience of transport"
710399,Precious Metals,"Stones; precious (other than diamonds) and semi-precious stones, (other than rubies, sapphires and emeralds), worked other than simply sawn or roughly shaped, not strung, mounted or set","Precious (excluding diamond) and semi-precious stone; worked, graded, not strung, mounted, set; ungraded precious (excluding diamond) and semi-precious stone, temporarily strung for convenience of transport"
710410,Precious Metals,"Stones; piezo-electric quartz, whether or not worked or graded but not strung, mounted or set; ungraded synthetic or reconstructed precious or semi-precious stones, temporarily strung for convenience of transport","Stones; synthetic or reconstructed precious or semi-precious, whether or not worked or graded but not strung, mounted or set; ungraded synthetic or reconstructed precious or semi-precious stones, temporarily strung for convenience of transport"
710421,Precious Metals,"Stones; diamonds, unworked or simply sawn or roughly shaped","Stones; synthetic or reconstructed precious or semi-precious, whether or not worked or graded but not strung, mounted or set; ungraded synthetic or reconstructed precious or semi-precious stones, temporarily strung for convenience of transport"
710429,Precious Metals,"Stones; synthetic or reconstructed precious or semi-precious n.e.c. in heading 7104, unworked or simply sawn or roughly shaped","Stones; synthetic or reconstructed precious or semi-precious, whether or not worked or graded but not strung, mounted or set; ungraded synthetic or reconstructed precious or semi-precious stones, temporarily strung for convenience of transport"
710491,Precious Metals,"Stones; diamonds, n.e.c. in heading 7104, worked or graded but not strung, mounted or set; ungraded synthetic or reconstructed precious or semi-precious stones, temporarily strung for convenience of transport","Stones; synthetic or reconstructed precious or semi-precious, whether or not worked or graded but not strung, mounted or set; ungraded synthetic or reconstructed precious or semi-precious stones, temporarily strung for convenience of transport"
710499,Precious Metals,"Stones; synthetic or reconstructed precious or semi-precious n.e.c. in heading 7104, worked or graded but not strung, mounted or set; ungraded synthetic or reconstructed precious or semi-precious stones, temporarily strung for convenience of transport","Stones; synthetic or reconstructed precious or semi-precious, whether or not worked or graded but not strung, mounted or set; ungraded synthetic or reconstructed precious or semi-precious stones, temporarily strung for convenience of transport"
710510,Precious Metals,"Stones; precious and semi-precious, dust and powder, of diamonds",Dust and powder of natural or synthetic precious or semi-precious stone
710590,Precious Metals,"Stones; precious and semi-precious, dust and powder, of natural or synthetic precious or semi-precious stones, excluding diamonds",Dust and powder of natural or synthetic precious or semi-precious stone
710610,Precious Metals,Metals; silver powder,"Silver (including silver plated with gold or platinum); unwrought or in semi-manufactured forms, or in powder form"
710691,Precious Metals,"Metals; silver, unwrought, (but not powder)","Silver (including silver plated with gold or platinum); unwrought or in semi-manufactured forms, or in powder form"
710692,Precious Metals,"Metals; silver, semi-manufactured","Silver (including silver plated with gold or platinum); unwrought or in semi-manufactured forms, or in powder form"
710700,Precious Metals,Base metals clad with silver; not further worked than semi-manufactured,Base metals clad with silver; not further worked than semi-manufactured
710811,Precious Metals,"Metals; gold, non-monetary, powder","Gold (including gold plated with platinum) unwrought or in semi-manufactured forms, or in powder form"
710812,Precious Metals,"Metals; gold, non-monetary, unwrought (but not powder)","Gold (including gold plated with platinum) unwrought or in semi-manufactured forms, or in powder form"
710820,Precious Metals,"Gold, monetary","Gold (including gold plated with platinum) unwrought or in semi-manufactured forms, or in powder form"
710900,Precious Metals,"Base metals or silver; clad with gold, not further worked than semi-manufactured","Base metals or silver, clad with gold, not further worked than semi-manufactured"
711011,Precious Metals,"Metals; platinum, unwrought or in powder form","Platinum; unwrought or in semi-manufactured forms, or in powder form"
711021,Precious Metals,"Metals; palladium, unwrought or in powder form","Platinum; unwrought or in semi-manufactured forms, or in powder form"
711029,Precious Metals,"Metals; palladium, semi-manufactured","Platinum; unwrought or in semi-manufactured forms, or in powder form"
711031,Precious Metals,"Metals; rhodium, unwrought or in powder form","Platinum; unwrought or in semi-manufactured forms, or in powder form"
711039,Precious Metals,"Metals; rhodium, semi-manufactured","Platinum; unwrought or in semi-manufactured forms, or in powder form"
711041,Precious Metals,"Metals; iridium, osmium, ruthenium, unwrought or in powder form","Platinum; unwrought or in semi-manufactured forms, or in powder form"
711049,Precious Metals,"Metals; iridium, osmium, ruthenium, semi-manufactured","Platinum; unwrought or in semi-manufactured forms, or in powder form"
711100,Precious Metals,"Base metals, silver or gold, clad with platinum; not further worked than semi-manufactured","Base metals, silver or gold, clad with platinum; not further worked than semi-manufactured"
711230,Precious Metals,Waste and scrap of precious metal or of metal clad with precious metal; ash containing precious metal or precious metal compounds,"Waste and scrap of precious metal or of metal clad with precious metal; other waste and scrap containing precious metal compounds, of a kind uses principally for the recovery of precious metal other than goods of heading 85.49"
711291,Precious Metals,"Waste and scrap of precious metals; of gold, including metal clad with gold but excluding sweepings containing other precious metals","Waste and scrap of precious metal or of metal clad with precious metal; other waste and scrap containing precious metal compounds, of a kind uses principally for the recovery of precious metal other than goods of heading 85.49"
711292,Precious Metals,"Waste and scrap of precious metals; of platinum, including metal clad with platinum but excluding sweepings containing other precious metals","Waste and scrap of precious metal or of metal clad with precious metal; other waste and scrap containing precious metal compounds, of a kind uses principally for the recovery of precious metal other than goods of heading 85.49"
711299,Precious Metals,"Waste and scrap of precious metals; waste and scrap of precious metals including metal clad with precious metals, other than that of gold and platinum and excluding ash which contains precious metal or precious metal compounds","Waste and scrap of precious metal or of metal clad with precious metal; other waste and scrap containing precious metal compounds, of a kind uses principally for the recovery of precious metal other than goods of heading 85.49"
711311,Precious Metals,"Jewellery; of silver, whether or not plated or clad with other precious metal, and parts thereof","Jewellery articles and parts thereof, of precious metal or of metal clad with precious metal"
711319,Precious Metals,"Jewellery; of precious metal (excluding silver) whether or not plated or clad with precious metal, and parts thereof","Jewellery articles and parts thereof, of precious metal or of metal clad with precious metal"
711320,Precious Metals,"Jewellery; of base metal clad with precious metal, and parts thereof","Jewellery articles and parts thereof, of precious metal or of metal clad with precious metal"
711411,Precious Metals,"Silversmiths' wares; and parts thereof, of silver, whether or not plated or clad with other precious metal","Articles of goldsmiths' or silversmiths' wares and parts thereof, of precious metal or of metal clad with precious metal"
711419,Precious Metals,"Goldsmiths' wares; articles of and parts thereof, of precious metal (excluding silver) whether or not plated or clad with precious metal","Articles of goldsmiths' or silversmiths' wares and parts thereof, of precious metal or of metal clad with precious metal"
711420,Precious Metals,"Goldsmiths' and silversmiths' wares; articles of and parts thereof, of base metal clad with precious metal","Articles of goldsmiths' or silversmiths' wares and parts thereof, of precious metal or of metal clad with precious metal"
711510,Precious Metals,"Metal; catalysts in the form of wire cloth or grill, of platinum",Articles of precious metal or of metal clad with precious metal
711590,Precious Metals,"Metal; precious or metal clad with precious metal, other than that of item no. 7115.10",Articles of precious metal or of metal clad with precious metal
711610,Precious Metals,Pearls; articles of natural or cultured pearls,"Articles of natural or cultured pearls, precious or semi-precious stones (natural, synthetic or reconstructed)"
711711,Precious Metals,"Jewellery; imitation, cuff links and studs, of base metal, whether or not plated with precious metal",Imitation jewellery
711790,Precious Metals,"Jewellery; imitation, of other than base metal, whether or not plated with precious metal",Imitation jewellery
711810,Precious Metals,"Coin (other than gold coin), not being legal tender",Coin
711890,Precious Metals,Coin; other than coin of item no. 7118.10,Coin
720120,Metals,"Iron; non-alloy pig iron containing by weight more than 0.5% of phosphorus, in pigs, blocks or other primary forms","Pig iron and spiegeleisen in pigs, blocks or other primary forms"
720219,Metals,"Ferro-alloys; ferro-manganese, containing by weight 2% or less of carbon",Ferro-alloys
720221,Metals,"Ferro-alloys; ferro-silicon, containing by weight more than 55% of silicon",Ferro-alloys
720230,Metals,Ferro-alloys; ferro-silico-manganese,Ferro-alloys
720250,Metals,Ferro-alloys; ferro-silico-chromium,Ferro-alloys
720260,Metals,Ferro-alloys; ferro-nickel,Ferro-alloys
720270,Metals,Ferro-alloys; ferro-molybdenum,Ferro-alloys
720280,Metals,Ferro-alloys; ferro-tungsten and ferro-silico-tungsten,Ferro-alloys
720291,Metals,Ferro-alloys; ferro-titanium and ferro-silico-titanium,Ferro-alloys
720292,Metals,Ferro-alloys; ferro-vanadium,Ferro-alloys
720293,Metals,Ferro-alloys; ferro-niobium,Ferro-alloys
720310,Metals,"Ferrous products; obtained by direct reduction of iron ore, in lumps, pellets or similar forms","Ferrous products obtained by direct reduction of iron ore and other spongy ferrous products, in lumps, pellets or the like; iron having a minimum purity of 99.94%, in lumps, pellets or similar forms"
720390,Metals,"Ferrous products; spongy ferrous products and iron having a minimum purity by weight of 99.94%, in lumps, pellets or similar forms","Ferrous products obtained by direct reduction of iron ore and other spongy ferrous products, in lumps, pellets or the like; iron having a minimum purity of 99.94%, in lumps, pellets or similar forms"
720410,Metals,Ferrous waste and scrap; of cast iron,Ferrous waste and scrap; remelting scrap ingots of iron or steel
720450,Metals,Ferrous products; remelting scrap ingots,Ferrous waste and scrap; remelting scrap ingots of iron or steel
720510,Metals,"Iron or steel, pig iron, spiegeleisen; granules thereof","Granules and powders, of pig iron, spiegeleisen, iron or steel"
720521,Metals,Alloy steel powders,"Granules and powders, of pig iron, spiegeleisen, iron or steel"
720529,Metals,"Iron or steel, pig iron, spiegeleisen; powders (excluding alloy steel)","Granules and powders, of pig iron, spiegeleisen, iron or steel"
720610,Metals,Iron or non-alloy steel; ingots (excluding iron of heading no. 7203),Iron and non-alloy steel in ingots or other primary forms (excluding iron of heading no. 7203)
720690,Metals,Iron or non-alloy steel; primary forms (excluding ingots and iron of heading no. 7203),Iron and non-alloy steel in ingots or other primary forms (excluding iron of heading no. 7203)
720810,Metals,"Iron or non-alloy steel; in coils, flat-rolled, of a width 600mm or more, hot-rolled, with patterns in relief","Iron or non-alloy steel; flat-rolled products of a width of 600mm or more, hot-rolled, not clad, plated or coated"
720825,Metals,"Iron or non-alloy steel; in coils, without patterns in relief, flat-rolled, of a width 600mm or more, hot-rolled, pickled, of a thickness of 4.75mm or more","Iron or non-alloy steel; flat-rolled products of a width of 600mm or more, hot-rolled, not clad, plated or coated"
720826,Metals,"Iron or non-alloy steel; in coils, without patterns in relief, flat-rolled, of a width 600mm or more, hot-rolled, pickled, of a thickness of 3mm or more but less than 4.75mm","Iron or non-alloy steel; flat-rolled products of a width of 600mm or more, hot-rolled, not clad, plated or coated"
720827,Metals,"Iron or non-alloy steel; in coils, without patterns in relief, flat-rolled, of a width 600mm or more, hot-rolled, pickled, of a thickness of less than 3mm","Iron or non-alloy steel; flat-rolled products of a width of 600mm or more, hot-rolled, not clad, plated or coated"
720836,Metals,"Iron or non-alloy steel; in coils, without patterns in relief, flat-rolled, of a width 600mm or more, hot-rolled, of a thickness exceeding 10mm","Iron or non-alloy steel; flat-rolled products of a width of 600mm or more, hot-rolled, not clad, plated or coated"
720854,Metals,"Iron or non-alloy steel; (not in coils), flat-rolled, of a width 600mm or more, hot-rolled, without patterns in relief, of a thickness of less than 3mm","Iron or non-alloy steel; flat-rolled products of a width of 600mm or more, hot-rolled, not clad, plated or coated"
721310,Metals,"Iron or non-alloy steel; bars and rods, hot-rolled, in irregularly wound coils, containing indentations, ribs, grooves or other deformations produced during the rolling process","Iron or non-alloy steel; bars and rods, hot-rolled, in irregularly wound coils"
721320,Metals,"Iron or non-alloy steel; bars and rods, hot-rolled, in irregularly wound coils, of free-cutting steel","Iron or non-alloy steel; bars and rods, hot-rolled, in irregularly wound coils"
721510,Metals,"Iron or non-alloy steel; bars and rods, of free-cutting steel, cold-formed or cold-finished, n.e.c. in chapter 72","Iron or non-alloy steel; bars and rods, n.e.c. in chapter 72"
721610,Metals,"Iron or non-alloy steel; U, I or H sections, hot-rolled, hot-drawn or extruded, of a height of less than 80mm","Iron or non-alloy steel, angles, shapes and sections"
721621,Metals,"Iron or non-alloy steel; L sections, hot-rolled, hot-drawn or extruded, of a height of less than 80mm","Iron or non-alloy steel, angles, shapes and sections"
721622,Metals,"Iron or non-alloy steel; T sections, hot-rolled, hot-drawn or extruded, of a height less than 80mm","Iron or non-alloy steel, angles, shapes and sections"
721669,Metals,"Iron or non-alloy steel; angles, shapes and sections, cold-formed or cold-finished, (not obtained from flat-rolled products)","Iron or non-alloy steel, angles, shapes and sections"
721810,Metals,"Steel, stainless; ingots and other primary forms",Stainless steel in ingots or other primary forms; semi-finished products of stainless steel
722710,Metals,"Steel, alloy; bars and rods, hot-rolled, in irregularly wound coils, of high speed steel","Steel, alloy; bars and rods, hot-rolled, in irregularly wound coils"
722720,Metals,"Steel, alloy; bars and rods, hot-rolled, in irregularly wound coils, of silico-manganese steel","Steel, alloy; bars and rods, hot-rolled, in irregularly wound coils"
722880,Metals,"Steel, alloy or non-alloy; hollow drill bars and rods","Alloy steel bars, rods, shapes and sections; hollow drill bars and rods, of alloy or non-alloy steel"
730110,Metals,"Iron or steel; sheet piling, whether or not drilled, punched or made from assembled elements","Iron or steel sheet piling, whether or not drilled, punched or made from assembled elements; welded angles, shapes and sections, of iron or steel"
730120,Metals,"Iron or steel; angles, shapes and sections, welded","Iron or steel sheet piling, whether or not drilled, punched or made from assembled elements; welded angles, shapes and sections, of iron or steel"
730230,Metals,"Iron or steel, railway or tramway track construction material; switch blades, crossing frogs, point rods and other crossing pieces","Railway or tramway track constructions of iron or steel; rails, check and track rails, switch blades, crossing frogs, point rods, sleepers, fish-plates, chair wedges, sole plates, bedplates, ties and the like"
730240,Metals,"Iron or steel, railway or tramway track construction material; fish-plates and sole plates","Railway or tramway track constructions of iron or steel; rails, check and track rails, switch blades, crossing frogs, point rods, sleepers, fish-plates, chair wedges, sole plates, bedplates, ties and the like"
730290,Metals,"Iron or steel, railway or tramway track construction material; n.e.c. in heading no. 7302","Railway or tramway track constructions of iron or steel; rails, check and track rails, switch blades, crossing frogs, point rods, sleepers, fish-plates, chair wedges, sole plates, bedplates, ties and the like"
730511,Metals,"Iron or steel (excluding cast iron); line pipe of a kind used for oil or gas pipelines (not seamless), longitudinally submerged arc welded, having circular cross-sections, external diameter exceeds 406.4mm","Iron or steel (excluding cast iron); tubes and pipes (e.g. welded, riveted or similarly closed), having circular cross-sections, external diameter of which exceeds 406.4mm, not seamless"
730512,Metals,"Iron or steel (excluding cast iron); line pipe of a kind used for oil or gas pipelines (not seamless), longitudinally welded (not submerged arc welded), having circular cross-sections, external diameter exceeds 406.4mm","Iron or steel (excluding cast iron); tubes and pipes (e.g. welded, riveted or similarly closed), having circular cross-sections, external diameter of which exceeds 406.4mm, not seamless"
730519,Metals,"Iron or steel (excluding cast iron); line pipe of a kind used for oil or gas pipelines (not seamless), (not longitudinally welded), having circular cross-sections, external diameter exceeds 406.4mm","Iron or steel (excluding cast iron); tubes and pipes (e.g. welded, riveted or similarly closed), having circular cross-sections, external diameter of which exceeds 406.4mm, not seamless"
730520,Metals,"Iron or steel (excluding cast iron); casing of a kind used in drilling for oil or gas (not seamless), having circular cross-sections, external diameter exceeds 406.4mm","Iron or steel (excluding cast iron); tubes and pipes (e.g. welded, riveted or similarly closed), having circular cross-sections, external diameter of which exceeds 406.4mm, not seamless"
730531,Metals,"Iron or steel (excluding cast iron); tubes and pipes (other than line pipe or casing of a kind used for oil or gas pipelines), longitudinally welded, having circular cross-sections, external diameter exceeds 406.4mm, (not seamless)","Iron or steel (excluding cast iron); tubes and pipes (e.g. welded, riveted or similarly closed), having circular cross-sections, external diameter of which exceeds 406.4mm, not seamless"
730539,Metals,"Iron or steel (excluding cast iron); tubes and pipes (other than line pipe or casing of a kind used for oil or gas pipelines), welded (not longitudinally welded), having circular cross-sections, external diameter exceeds 406.4mm, (not seamless)","Iron or steel (excluding cast iron); tubes and pipes (e.g. welded, riveted or similarly closed), having circular cross-sections, external diameter of which exceeds 406.4mm, not seamless"
730590,Metals,"Iron or steel (excluding cast iron); tubes and pipes n.e.c. in heading no. 7305, having circular cross-sections, external diameter exceeds 406.4mm, (not seamless)","Iron or steel (excluding cast iron); tubes and pipes (e.g. welded, riveted or similarly closed), having circular cross-sections, external diameter of which exceeds 406.4mm, not seamless"
730611,Metals,"Steel; stainless; line pipe of a kind used for oil or gas pipelines n.e.c. in chapter 73, welded, (not seamless)","Iron or steel (excluding cast iron); tubes, pipes and hollow profiles (not seamless), n.e.c. in chapter 73"
730619,Metals,"Iron or steel (excluding cast iron); line pipe of a kind used for oil or gas pipelines (other than of stainless steel or seamless), n.e.c. in chapter 73","Iron or steel (excluding cast iron); tubes, pipes and hollow profiles (not seamless), n.e.c. in chapter 73"
730621,Metals,"Steel, stainless; casing and tubing of a kind used in drilling for oil and gas, n.e.c. in chapter 73, welded, (not seamless)","Iron or steel (excluding cast iron); tubes, pipes and hollow profiles (not seamless), n.e.c. in chapter 73"
730629,Metals,"Iron or steel (excluding cast iron); casing and tubing of a kind used in drilling for oil and gas (other than stainless steel or seamless), n.e.c. in chapter 73","Iron or steel (excluding cast iron); tubes, pipes and hollow profiles (not seamless), n.e.c. in chapter 73"
730690,Metals,"Iron or steel (excluding cast iron); tubes, pipes and hollow profiles (not seamless), n.e.c. in chapter 73","Iron or steel (excluding cast iron); tubes, pipes and hollow profiles (not seamless), n.e.c. in chapter 73"
730810,Metals,"Iron or steel; structures and parts thereof, bridges and bridge-sections","Structures of iron or steel and parts thereof; plates, rods, angles, shapes, sections, tubes and the like, prepared for use in structures"
730830,Metals,"Iron or steel; structures and parts thereof, doors, windows and their frames and thresholds for doors","Structures of iron or steel and parts thereof; plates, rods, angles, shapes, sections, tubes and the like, prepared for use in structures"
730840,Metals,"Iron or steel; structures and parts thereof, props and similar equipment for scaffolding, shuttering or pit-propping","Structures of iron or steel and parts thereof; plates, rods, angles, shapes, sections, tubes and the like, prepared for use in structures"
731290,Metals,"Iron or steel; plaited bands, slings and the like, not electrically insulated","Stranded wire, ropes, cables, plaited bands, slings and the like, of iron or steel, not electrically insulated"
731300,Metals,"Iron of steel; barbed wire, twisted hoop or single flat wire and loosely twisted double wire, used for fencing","Barbed wire of iron or steel; twisted hoop or single flat wire, barbed or not and loosely twisted double wire, of a kind used for fencing, of iron or steel"
731412,Metals,"Iron or steel; woven cloth, endless bands for machinery, of stainless steel","Cloth (including endless bands), grill, netting and fencing, of iron or steel wire; expanded metal of iron or steel"
731414,Metals,"Iron or steel; woven cloth, of stainless steel, (other than endless bands for machinery)","Cloth (including endless bands), grill, netting and fencing, of iron or steel wire; expanded metal of iron or steel"
731419,Metals,"Iron or steel; woven cloth, other than of stainless steel","Cloth (including endless bands), grill, netting and fencing, of iron or steel wire; expanded metal of iron or steel"
731431,Metals,"Iron or steel wire; grill, netting and fencing, welded at the intersection, n.e.c. in item no. 7314.20, plated or coated with zinc","Cloth (including endless bands), grill, netting and fencing, of iron or steel wire; expanded metal of iron or steel"
731439,Metals,"Iron or steel wire; grill, netting and fencing, welded at the intersection, n.e.c. in item no. 7314.20, (other than plated or coated with zinc)","Cloth (including endless bands), grill, netting and fencing, of iron or steel wire; expanded metal of iron or steel"
731441,Metals,"Iron or steel wire; grill, netting and fencing, plated or coated with zinc","Cloth (including endless bands), grill, netting and fencing, of iron or steel wire; expanded metal of iron or steel"
731442,Metals,"Iron or steel wire; grill, netting and fencing, coated with plastic","Cloth (including endless bands), grill, netting and fencing, of iron or steel wire; expanded metal of iron or steel"
731449,Metals,"Iron or steel wire; grill, netting and fencing, coated with materials other than zinc or plastic","Cloth (including endless bands), grill, netting and fencing, of iron or steel wire; expanded metal of iron or steel"
731450,Metals,Iron or steel; expanded metal,"Cloth (including endless bands), grill, netting and fencing, of iron or steel wire; expanded metal of iron or steel"
731512,Metals,"Chain; articulated link, (other than roller), of iron or steel","Chain and parts thereof, of iron or steel"
731519,Metals,"Chain; articulated link parts, of iron or steel","Chain and parts thereof, of iron or steel"
731520,Metals,"Chain; skid, articulated link chain and parts thereof, of iron or steel","Chain and parts thereof, of iron or steel"
731581,Metals,"Chain; stud-link chain, of iron or steel","Chain and parts thereof, of iron or steel"
731582,Metals,"Chain; welded link chain, of iron or steel","Chain and parts thereof, of iron or steel"
731589,Metals,"Chain; n.e.c. in heading no. 7315, of iron or steel","Chain and parts thereof, of iron or steel"
731590,Metals,"Chain; parts n.e.c. in heading no. 7315, of iron or steel","Chain and parts thereof, of iron or steel"
731600,Metals,"Iron or steel; anchors, grapnels and parts thereof","Anchors, grapnels and parts thereof, of iron or steel"
731811,Metals,Iron or steel; threaded coach screws,"Screws, bolts, nuts, coach screws, screw hooks, rivets, cotters, cotter-pins, washers (including spring washers) and similar articles, of iron or steel"
731940,Metals,Safety pins and other pins; of iron or steel,"Sewing and knitting needles, bodkins, crochet hooks, embroidery stilettos and similar articles, for use in the hand, of iron or steel; safety pins and other pins of iron or steel, not elsewhere specified or included"
732112,Metals,"Cooking appliances and plate warmers; for liquid fuel, of iron or steel","Stoves, ranges, grates, cookers (those with subsidiary boilers for central heating), barbecues, braziers, gas-rings, plate warmers and similar non-electric domestic appliances and parts, of iron or steel"
732119,Metals,"Cooking appliances and plate warmers; for solid fuel and fuels other than gas or liquid, of iron or steel","Stoves, ranges, grates, cookers (those with subsidiary boilers for central heating), barbecues, braziers, gas-rings, plate warmers and similar non-electric domestic appliances and parts, of iron or steel"
732181,Metals,"Domestic appliances; non-electric, (other than cookers and plate warmers), for gas fuel or for both gas and other fuels, of iron or steel","Stoves, ranges, grates, cookers (those with subsidiary boilers for central heating), barbecues, braziers, gas-rings, plate warmers and similar non-electric domestic appliances and parts, of iron or steel"
732182,Metals,"Domestic appliances; non-electric, (other than cookers and plate warmers), for liquid fuel, of iron or steel","Stoves, ranges, grates, cookers (those with subsidiary boilers for central heating), barbecues, braziers, gas-rings, plate warmers and similar non-electric domestic appliances and parts, of iron or steel"
732189,Metals,"Domestic appliances; non-electric, (other than cookers and plate warmers), for solid fuel and fuels other than gas or liquid, of iron or steel","Stoves, ranges, grates, cookers (those with subsidiary boilers for central heating), barbecues, braziers, gas-rings, plate warmers and similar non-electric domestic appliances and parts, of iron or steel"
732190,Metals,"Domestic appliances; non-electric, parts thereof, of iron or steel","Stoves, ranges, grates, cookers (those with subsidiary boilers for central heating), barbecues, braziers, gas-rings, plate warmers and similar non-electric domestic appliances and parts, of iron or steel"
732211,Metals,"Radiators and parts thereof; for central heating, (not electrically heated), of cast iron","Radiators for central heating, not electrically heated and parts thereof, of iron or steel; air heaters, hot air distributors not electrically heated, with motor fan or blower"
732219,Metals,"Radiators and parts thereof; for central heating, (not electrically heated), of iron or steel other than cast iron","Radiators for central heating, not electrically heated and parts thereof, of iron or steel; air heaters, hot air distributors not electrically heated, with motor fan or blower"
732310,Metals,"Iron or steel; wool, pot scourers and scouring or polishing pads, gloves and the like","Table, kitchen, other household articles and parts, of iron or steel; iron or steel wool; pot scourers and scouring or polishing pads, gloves and the like, of iron or steel"
732391,Metals,"Cast iron; table, kitchen and other household articles and parts thereof, of cast iron, not enamelled","Table, kitchen, other household articles and parts, of iron or steel; iron or steel wool; pot scourers and scouring or polishing pads, gloves and the like, of iron or steel"
732392,Metals,"Cast iron; table, kitchen and other household articles and parts thereof, of cast iron, enamelled","Table, kitchen, other household articles and parts, of iron or steel; iron or steel wool; pot scourers and scouring or polishing pads, gloves and the like, of iron or steel"
732394,Metals,"Iron (excluding cast) or steel; table, kitchen and other household articles and parts thereof, enamelled","Table, kitchen, other household articles and parts, of iron or steel; iron or steel wool; pot scourers and scouring or polishing pads, gloves and the like, of iron or steel"
732421,Metals,"Cast iron, baths, whether or not enamelled","Sanitary ware and parts thereof, of iron or steel"
732429,Metals,Iron (other than cast) or steel; baths,"Sanitary ware and parts thereof, of iron or steel"
732591,Metals,"Iron; grinding balls and similar articles for mills, other than of non-malleable cast iron",Iron or steel; cast articles
732611,Metals,"Iron or steel; grinding balls and similar articles for mills, forged or stamped, but not further worked","Iron or steel; articles, n.e.c. in chapter 73"
740100,Metals,Copper mattes; cement copper (precipitated copper),Copper mattes; cement copper (precipitated copper)
740200,Metals,"Copper; unrefined, copper anodes for electrolytic refining","Copper; unrefined, copper anodes for electrolytic refining"
740311,Metals,"Copper; refined, unwrought, cathodes and sections of cathodes","Copper; refined and copper alloys, unwrought"
740312,Metals,"Copper; refined, unwrought, wire-bars","Copper; refined and copper alloys, unwrought"
740313,Metals,"Copper; refined, unwrought, billets","Copper; refined and copper alloys, unwrought"
740319,Metals,"Copper; refined, unwrought, n.e.c. in item no. 7403.1","Copper; refined and copper alloys, unwrought"
740321,Metals,Copper; copper-zinc base alloys (brass) unwrought,"Copper; refined and copper alloys, unwrought"
740322,Metals,Copper; copper-tin base alloys (bronze) unwrought,"Copper; refined and copper alloys, unwrought"
740329,Metals,Copper; copper alloys n.e.c. in heading no. 7403 (other than master alloys of heading no. 7405),"Copper; refined and copper alloys, unwrought"
740500,Metals,Copper; master alloys of copper,Copper; master alloys
740610,Metals,Copper; powders of non-lamellar structure,Copper; powders and flakes
740620,Metals,"Copper; powders of lamellar structure, flakes",Copper; powders and flakes
740710,Metals,"Copper; bars, rods and profiles, of refined copper","Copper; bars, rods and profiles"
740729,Metals,"Copper; bars, rods and profiles, of copper alloys (other than copper-zinc base alloys)","Copper; bars, rods and profiles"
740811,Metals,"Copper; wire, of refined copper, of which the maximum cross-sectional dimension exceeds 6mm",Copper wire
740821,Metals,"Copper; wire, of copper-zinc base alloys (brass)",Copper wire
740822,Metals,"Copper; wire, of copper-nickel base alloys (cupro-nickel) or copper-nickel-zinc base alloys (nickel silver)",Copper wire
740829,Metals,"Copper; wire, of copper alloys (other than copper-zinc base alloys, copper-nickel base alloys or copper-nickel-zinc base alloys)",Copper wire
740911,Metals,"Copper; strip, of a thickness exceeding 0.15mm, of refined copper, in coils","Copper plates, sheets and strip; of a thickness exceeding 0.15mm"
740919,Metals,"Copper; plates and sheets, of a thickness exceeding 0.15mm, of refined copper, not in coils","Copper plates, sheets and strip; of a thickness exceeding 0.15mm"
740921,Metals,"Copper; strip, of a thickness exceeding 0.15mm, of copper-zinc base alloys (brass), in coils","Copper plates, sheets and strip; of a thickness exceeding 0.15mm"
740929,Metals,"Copper; plates and sheets, of a thickness exceeding 0.15mm, of copper-zinc base alloys (brass), not in coils","Copper plates, sheets and strip; of a thickness exceeding 0.15mm"
740931,Metals,"Copper; strip, of a thickness exceeding 0.15mm, of copper-tin base alloys (bronze), in coils","Copper plates, sheets and strip; of a thickness exceeding 0.15mm"
740939,Metals,"Copper; plates and sheets, of a thickness exceeding 0.15mm, of copper-tin base alloys, not in coils","Copper plates, sheets and strip; of a thickness exceeding 0.15mm"
740940,Metals,"Copper; plates, sheets and strip, of a thickness exceeding 0.15mm, of copper-nickel base alloys (cupro-nickel) or copper-nickel-zinc base alloys (nickel silver)","Copper plates, sheets and strip; of a thickness exceeding 0.15mm"
740990,Metals,"Copper; plates, sheets and strip, of a thickness exceeding 0.15mm, of copper alloys (other than copper-zinc base alloys, copper-tin base alloys, copper-nickel base alloys or copper-nickel-zinc base alloys)","Copper plates, sheets and strip; of a thickness exceeding 0.15mm"
741012,Metals,"Copper; foil, not backed, of a thickness not exceeding 0.15mm, of copper alloys","Copper foil (whether or not printed or backed with paper, paperboard, plastics or similar backing materials) of a thickness (excluding any backing) not exceeding 0.15mm"
741022,Metals,"Copper; foil, backed with paper, paperboard, plastics or similar backing material, of a thickness (excluding any backing) not exceeding 0.15mm, of copper alloys","Copper foil (whether or not printed or backed with paper, paperboard, plastics or similar backing materials) of a thickness (excluding any backing) not exceeding 0.15mm"
741122,Metals,"Copper; tubes and pipes, of copper-nickel base alloys (cupro-nickel) or copper-nickel-zinc base alloys (nickel silver)",Copper tubes and pipes
741129,Metals,"Copper; tubes and pipes, of copper alloys (other than copper-zinc, copper-nickel base alloys (cupro-nickel) or copper-nickel-zinc base alloys (nickel-silver))",Copper tubes and pipes
741210,Metals,"Copper; tube or pipe fittings (e.g. couplings, elbows, sleeves) of refined copper","Copper; tube or pipe fittings (e.g. couplings, elbows, sleeves)"
741220,Metals,"Copper; tube or pipe fittings (e.g. couplings, elbows, sleeves) of copper alloys","Copper; tube or pipe fittings (e.g. couplings, elbows, sleeves)"
741510,Metals,"Copper; nails and tacks, drawing pins, staples and similar articles of copper, or of iron or steel with copper heads","Copper, nails, tacks, drawing pins, staples (not those of heading no. 8305) and the like, of copper or iron or steel with heads of copper; screws bolts, nuts, screws hooks, rivets, cotters, washers"
741521,Metals,"Copper; washers, (including spring washers), not threaded","Copper, nails, tacks, drawing pins, staples (not those of heading no. 8305) and the like, of copper or iron or steel with heads of copper; screws bolts, nuts, screws hooks, rivets, cotters, washers"
741529,Metals,"Copper; rivets, cotters, cotter-pins and similar articles, not threaded","Copper, nails, tacks, drawing pins, staples (not those of heading no. 8305) and the like, of copper or iron or steel with heads of copper; screws bolts, nuts, screws hooks, rivets, cotters, washers"
741533,Metals,"Copper; screws, bolts and nuts, threaded","Copper, nails, tacks, drawing pins, staples (not those of heading no. 8305) and the like, of copper or iron or steel with heads of copper; screws bolts, nuts, screws hooks, rivets, cotters, washers"
741539,Metals,Copper; articles n.e.c. in heading no. 7415,"Copper, nails, tacks, drawing pins, staples (not those of heading no. 8305) and the like, of copper or iron or steel with heads of copper; screws bolts, nuts, screws hooks, rivets, cotters, washers"
750110,Metals,Nickel; nickel mattes,Nickel mattes; nickel oxide sinters and other intermediate products of nickel metallurgy
750120,Metals,Nickel; oxide sinters and other intermediate products of nickel metallurgy,Nickel mattes; nickel oxide sinters and other intermediate products of nickel metallurgy
750210,Metals,"Nickel; unwrought, not alloyed",Nickel; unwrought
750220,Metals,"Nickel; unwrought, alloys",Nickel; unwrought
750400,Metals,Nickel; powders and flakes,Nickel; powders and flakes
750511,Metals,"Nickel; bars, rods and profiles, not alloyed","Nickel; bars, rods, profiles and wire"
750512,Metals,"Nickel; bars, rods and profiles, of nickel alloys","Nickel; bars, rods, profiles and wire"
750521,Metals,"Nickel; wire, not alloyed","Nickel; bars, rods, profiles and wire"
750522,Metals,"Nickel; wire, of nickel alloys","Nickel; bars, rods, profiles and wire"
750610,Metals,"Nickel; plates, sheets, strip and foil, not alloyed","Nickel; plates, sheets, strip and foil"
750711,Metals,"Nickel; tubes and pipes, not alloyed","Nickel; tubes, pipes and tube or pipe fittings (e.g. couplings, elbows, sleeves)"
750712,Metals,"Nickel; tubes and pipes, of nickel alloys","Nickel; tubes, pipes and tube or pipe fittings (e.g. couplings, elbows, sleeves)"
750720,Metals,Nickel; tube and pipe fittings,"Nickel; tubes, pipes and tube or pipe fittings (e.g. couplings, elbows, sleeves)"
750810,Metals,"Nickel; cloth, grill and netting, of nickel wire",Nickel; articles thereof n.e.c. in chapter 75
750890,Metals,Nickel; articles thereof n.e.c. in item no. 7508.1,Nickel; articles thereof n.e.c. in chapter 75
760310,Metals,Aluminium; powders of non-lamellar structure,Aluminium; powders and flakes
760320,Metals,"Aluminium; powders of lamellar structure, flakes",Aluminium; powders and flakes
760421,Metals,"Aluminium; alloys, hollow profiles","Aluminium; bars, rods and profiles"
760511,Metals,"Aluminium; (not alloyed), wire, maximum cross-sectional dimension exceeds 7mm",Aluminium wire
760529,Metals,"Aluminium; alloys, wire, maximum cross-sectional dimension is 7mm or less",Aluminium wire
761010,Metals,"Aluminium; structures (excluding prefabricated buildings of heading no. 9406) and parts of structures, doors, windows and their frames and thresholds for doors","Aluminium; structures (excluding prefabricated buildings of heading no. 9406) and parts (e.g. bridges and sections, towers, lattice masts, etc) plates, rods, profiles and tubes for structures"
761100,Metals,"Aluminium; reservoirs, tanks, vats and similar containers, for material (not compressed or liquefied gas), of a capacity over 300l, whether or not lined, not fitted with mechanical/thermal equipment","Aluminium; reservoirs, tanks, vats and the like for material (not compressed or liquefied gas) of capacity over 300l, whether or not lined, heat-insulated, not fitted with mechanical, thermal equipment"
761210,Metals,"Aluminium; collapsible tubular containers, for any material, (not compressed or liquefied gas), 300l capacity or less, whether or not lined, not fitted with mechanical/thermal equipment","Aluminium casks, drums, cans, boxes etc (including rigid, collapsible tubular containers), for materials other than compressed, liquefied gas, 300l capacity or less, lined, heat-insulated or not"
761410,Metals,"Aluminium; stranded wire, cables, plaited bands and the like, (not electrically insulated), with steel core","Aluminium; stranded wire, cables, plaited bands and the like, (not electrically insulated)"
761490,Metals,"Aluminium; stranded wire, cables, plaited bands and the like, (not electrically insulated), other than steel core","Aluminium; stranded wire, cables, plaited bands and the like, (not electrically insulated)"
761520,Metals,Aluminium; sanitary ware and parts thereof,"Aluminium; table, kitchen or other household articles and parts thereof, pot scourers and scouring or polishing pads, gloves and the like, sanitary ware and parts thereof"
761691,Metals,"Aluminium; cloth, grill, netting and fencing, of aluminium wire",Aluminium; articles n.e.c. in chapter 76
780110,Metals,"Lead; unwrought, refined",Lead; unwrought
780200,Metals,Lead; waste and scrap,Lead; waste and scrap
780411,Metals,"Lead; sheets, strip and foil, of a thickness (excluding any backing) not exceeding 0.2mm","Lead; plates, sheets, strip and foil, lead powders and flakes"
780419,Metals,"Lead; plates, sheets, strip and foil, of a thickness (excluding any backing) exceeding 0.2mm","Lead; plates, sheets, strip and foil, lead powders and flakes"
780420,Metals,Lead; powders and flakes,"Lead; plates, sheets, strip and foil, lead powders and flakes"
790111,Metals,"Zinc; unwrought, (not alloyed), containing by weight 99.99% or more of zinc",Zinc; unwrought
790120,Metals,"Zinc; unwrought, alloys",Zinc; unwrought
790200,Metals,Zinc; waste and scrap,Zinc; waste and scrap
790310,Metals,Zinc dust,"Zinc; dust, powders and flakes"
790390,Metals,Zinc; powders and flakes,"Zinc; dust, powders and flakes"
790400,Metals,"Zinc; bars, rods, profiles and wire","Zinc; bars, rods, profiles and wire"
790500,Metals,"Zinc; plates, sheets, strip and foil","Zinc; plates, sheets, strip and foil"
800110,Metals,"Tin; unwrought, not alloyed",Tin; unwrought
800120,Metals,"Tin; unwrought, alloys",Tin; unwrought
800200,Metals,Tin; waste and scrap,Tin; waste and scrap
800300,Metals,"Tin; bars, rods, profiles and wire","Tin; bars, rods, profiles and wire"
810110,Metals,"Tungsten (wolfram); articles thereof, including waste and scrap, powders","Tungsten (wolfram); articles thereof, including waste and scrap"
810194,Metals,"Tungsten (wolfram); unwrought, including bars and rods obtained simply by sintering","Tungsten (wolfram); articles thereof, including waste and scrap"
810197,Metals,Tungsten (wolfram); waste and scrap,"Tungsten (wolfram); articles thereof, including waste and scrap"
810294,Metals,"Molybdenum; unwrought, including bars and rods obtained simply by sintering","Molybdenum; articles thereof, including waste and scrap"
810295,Metals,"Molybdenum; bars and rods, other than those obtained simply by sintering, profiles, plates, sheets, strip and foil","Molybdenum; articles thereof, including waste and scrap"
810297,Metals,Molybdenum; waste and scrap,"Molybdenum; articles thereof, including waste and scrap"
810299,Metals,Molybdenum; articles n.e.c. in heading no. 8102,"Molybdenum; articles thereof, including waste and scrap"
810320,Metals,"Tantalum; unwrought, including bars and rods obtained simply by sintering, powders","Tantalum; articles thereof, including waste and scrap"
810330,Metals,Tantalum; waste and scrap,"Tantalum; articles thereof, including waste and scrap"
810391,Metals,Tantalum; crucibles,"Tantalum; articles thereof, including waste and scrap"
810411,Metals,"Magnesium; unwrought, containing at least 99.8% by weight of magnesium","Magnesium; articles thereof, including waste and scrap"
810419,Metals,"Magnesium; unwrought, containing less than 99.8% by weight of magnesium","Magnesium; articles thereof, including waste and scrap"
810420,Metals,Magnesium; waste and scrap,"Magnesium; articles thereof, including waste and scrap"
810490,Metals,Magnesium; articles n.e.c. in heading no. 8104,"Magnesium; articles thereof, including waste and scrap"
810520,Metals,"Cobalt; mattes and other intermediate products of cobalt metallurgy, unwrought cobalt, powders","Cobalt; mattes and other intermediate products of cobalt metallurgy, cobalt and articles thereof, including waste and scrap"
810530,Metals,Cobalt; waste and scrap,"Cobalt; mattes and other intermediate products of cobalt metallurgy, cobalt and articles thereof, including waste and scrap"
810590,Metals,Cobalt; articles n.e.c. in heading no. 8105,"Cobalt; mattes and other intermediate products of cobalt metallurgy, cobalt and articles thereof, including waste and scrap"
810921,Metals,"Zirconium; unwrought, powders, containing less than 1 part hafnium to 500 parts zirconium by weight","Zirconium; articles thereof, including waste and scrap"
810931,Metals,"Zirconium; waste and scrap, containing less than 1 part hafnium to 500 parts zirconium by weight","Zirconium; articles thereof, including waste and scrap"
810939,Metals,"Zirconium; waste and scrap, containing not less than 1 part hafnium to 500 parts zirconium by weight","Zirconium; articles thereof, including waste and scrap"
810991,Metals,"Zirconium; other than unwrought, n.e.c. in heading no. 8109, containing less than 1 part hafnium to 500 parts zirconium by weight","Zirconium; articles thereof, including waste and scrap"
810999,Metals,"Zirconium; other than unwrought, n.e.c. in heading no. 8109, containing not less than 1 part hafnium to 500 parts zirconium by weight","Zirconium; articles thereof, including waste and scrap"
811020,Metals,Antimony; waste and scrap,"Antimony; articles thereof, including waste and scrap"
811212,Metals,"Beryllium and articles thereof; unwrought beryllium, powders","Beryllium, chromium, hafnium, rhenium, thallium, cadmium, germanium, vanadium, gallium, indium and niobium (columbium), articles of these metals, including waste and scrap"
811213,Metals,Beryllium; waste and scrap,"Beryllium, chromium, hafnium, rhenium, thallium, cadmium, germanium, vanadium, gallium, indium and niobium (columbium), articles of these metals, including waste and scrap"
811219,Metals,Beryllium and articles thereof; wrought other than waste and scrap,"Beryllium, chromium, hafnium, rhenium, thallium, cadmium, germanium, vanadium, gallium, indium and niobium (columbium), articles of these metals, including waste and scrap"
811222,Metals,Chromium; waste and scrap,"Beryllium, chromium, hafnium, rhenium, thallium, cadmium, germanium, vanadium, gallium, indium and niobium (columbium), articles of these metals, including waste and scrap"
811229,Metals,Chromium and articles thereof; wrought other than waste and scrap,"Beryllium, chromium, hafnium, rhenium, thallium, cadmium, germanium, vanadium, gallium, indium and niobium (columbium), articles of these metals, including waste and scrap"
811231,Metals,"Hafnium and articles thereof; unwrought, powders, waste and scrap","Beryllium, chromium, hafnium, rhenium, thallium, cadmium, germanium, vanadium, gallium, indium and niobium (columbium), articles of these metals, including waste and scrap"
811239,Metals,"Hafnium and articles thereof; wrought, other than powders, waste and scrap","Beryllium, chromium, hafnium, rhenium, thallium, cadmium, germanium, vanadium, gallium, indium and niobium (columbium), articles of these metals, including waste and scrap"
811249,Metals,"Rhenium and articles thereof; wrought, other than powders, waste and scrap","Beryllium, chromium, hafnium, rhenium, thallium, cadmium, germanium, vanadium, gallium, indium and niobium (columbium), articles of these metals, including waste and scrap"
811251,Metals,"Thallium and articles thereof; unwrought thallium, powders","Beryllium, chromium, hafnium, rhenium, thallium, cadmium, germanium, vanadium, gallium, indium and niobium (columbium), articles of these metals, including waste and scrap"
811252,Metals,Thallium; waste and scrap,"Beryllium, chromium, hafnium, rhenium, thallium, cadmium, germanium, vanadium, gallium, indium and niobium (columbium), articles of these metals, including waste and scrap"
811259,Metals,"Thallium and articles thereof; other than unwrought thallium, powders or waste and scrap","Beryllium, chromium, hafnium, rhenium, thallium, cadmium, germanium, vanadium, gallium, indium and niobium (columbium), articles of these metals, including waste and scrap"
811261,Metals,Cadmium; waste and scrap,"Beryllium, chromium, hafnium, rhenium, thallium, cadmium, germanium, vanadium, gallium, indium and niobium (columbium), articles of these metals, including waste and scrap"
820110,Metals,"Tools, hand; spades and shovels","Tools, hand; spades, shovels, mattocks, picks, hoes, forks, rakes; axes, bill hooks etc; secateurs and pruners of any kind; scythes, sickles, hay knives, hedge shears, timber wedges and other tools used in agriculture, horticulture, forestry"
820130,Metals,"Tools, hand; mattocks, picks, hoes and rakes","Tools, hand; spades, shovels, mattocks, picks, hoes, forks, rakes; axes, bill hooks etc; secateurs and pruners of any kind; scythes, sickles, hay knives, hedge shears, timber wedges and other tools used in agriculture, horticulture, forestry"
820140,Metals,"Tools, hand; axes, bill hooks and similar hewing tools, of a kind used in agriculture, horticulture or forestry","Tools, hand; spades, shovels, mattocks, picks, hoes, forks, rakes; axes, bill hooks etc; secateurs and pruners of any kind; scythes, sickles, hay knives, hedge shears, timber wedges and other tools used in agriculture, horticulture, forestry"
820150,Metals,"Tools, hand; one-handed secateurs (including poultry shears)","Tools, hand; spades, shovels, mattocks, picks, hoes, forks, rakes; axes, bill hooks etc; secateurs and pruners of any kind; scythes, sickles, hay knives, hedge shears, timber wedges and other tools used in agriculture, horticulture, forestry"
820160,Metals,"Tools, hand; hedge shears, two-handed pruning shears and similar two-handed shears","Tools, hand; spades, shovels, mattocks, picks, hoes, forks, rakes; axes, bill hooks etc; secateurs and pruners of any kind; scythes, sickles, hay knives, hedge shears, timber wedges and other tools used in agriculture, horticulture, forestry"
820190,Metals,"Tools, hand; forks, scythes, sickles, hay knives, timber wedges, and other hand tools of a kind used in agriculture, horticulture or forestry n.e.c. in heading 8201","Tools, hand; spades, shovels, mattocks, picks, hoes, forks, rakes; axes, bill hooks etc; secateurs and pruners of any kind; scythes, sickles, hay knives, hedge shears, timber wedges and other tools used in agriculture, horticulture, forestry"
820210,Metals,"Tools, hand; hand saws","Tools, hand; saws and blades for saws of all kinds (including slitting, slotting or toothless saw blades)"
820220,Metals,"Tools, hand; band saw blades","Tools, hand; saws and blades for saws of all kinds (including slitting, slotting or toothless saw blades)"
820231,Metals,"Tools, hand; circular saw blades (including slitting or slotting saw blades), with working part of steel","Tools, hand; saws and blades for saws of all kinds (including slitting, slotting or toothless saw blades)"
820239,Metals,"Tools, hand; circular saw blades (including slitting or slotting saw blades), with working part of materials (other than steel)","Tools, hand; saws and blades for saws of all kinds (including slitting, slotting or toothless saw blades)"
820240,Metals,"Tools, hand; chain saw blades","Tools, hand; saws and blades for saws of all kinds (including slitting, slotting or toothless saw blades)"
820291,Metals,"Tools, hand; straight saw blades, for working metal","Tools, hand; saws and blades for saws of all kinds (including slitting, slotting or toothless saw blades)"
820310,Metals,"Tools, hand; files, rasps and similar tools","Tools, hand; files, rasps, pliers (including cutting pliers), pincers, tweezers, metal cutting shears, pipe cutters, bolt croppers, perforating punches and similar"
820320,Metals,"Tools, hand; pliers (including cutting pliers), pincers, tweezers and similar tools","Tools, hand; files, rasps, pliers (including cutting pliers), pincers, tweezers, metal cutting shears, pipe cutters, bolt croppers, perforating punches and similar"
820330,Metals,"Tools, hand; metal cutting shears and similar tools","Tools, hand; files, rasps, pliers (including cutting pliers), pincers, tweezers, metal cutting shears, pipe cutters, bolt croppers, perforating punches and similar"
820340,Metals,"Tools, hand; pipe-cutters, bolt croppers, perforating punches and similar tools","Tools, hand; files, rasps, pliers (including cutting pliers), pincers, tweezers, metal cutting shears, pipe cutters, bolt croppers, perforating punches and similar"
820411,Metals,"Tools, hand; hand-operated spanners and wrenches (including torque meter wrenches but not including tap wrenches), non-adjustable","Tools, hand; hand-operated spanners and wrenches (including torque meter wrenches but not including tap wrenches), interchangeable spanner sockets, with or without handles"
820412,Metals,"Tools, hand; hand-operated spanners and wrenches (including torque meter wrenches but not including tap wrenches), adjustable","Tools, hand; hand-operated spanners and wrenches (including torque meter wrenches but not including tap wrenches), interchangeable spanner sockets, with or without handles"
820420,Metals,"Tools, hand; interchangeable spanner sockets, with or without handles","Tools, hand; hand-operated spanners and wrenches (including torque meter wrenches but not including tap wrenches), interchangeable spanner sockets, with or without handles"
820510,Metals,"Tools, hand; drilling, threading or tapping tools","Tools, hand; (including glaziers' diamonds) n.e.c.; blow lamps; vices, clamps etc, other than accessories for and parts of, machine-tools or water-jet cutting machines; anvils; portable forges; hand or pedal operated grinding wheels with frameworks"
820520,Metals,"Tools, hand; hammers and sledge hammers","Tools, hand; (including glaziers' diamonds) n.e.c.; blow lamps; vices, clamps etc, other than accessories for and parts of, machine-tools or water-jet cutting machines; anvils; portable forges; hand or pedal operated grinding wheels with frameworks"
820530,Metals,"Tools, hand; planes, chisels, gauges and similar cutting tools for working wood","Tools, hand; (including glaziers' diamonds) n.e.c.; blow lamps; vices, clamps etc, other than accessories for and parts of, machine-tools or water-jet cutting machines; anvils; portable forges; hand or pedal operated grinding wheels with frameworks"
820540,Metals,"Tools, hand; screwdrivers","Tools, hand; (including glaziers' diamonds) n.e.c.; blow lamps; vices, clamps etc, other than accessories for and parts of, machine-tools or water-jet cutting machines; anvils; portable forges; hand or pedal operated grinding wheels with frameworks"
820551,Metals,"Tools, hand; household tools","Tools, hand; (including glaziers' diamonds) n.e.c.; blow lamps; vices, clamps etc, other than accessories for and parts of, machine-tools or water-jet cutting machines; anvils; portable forges; hand or pedal operated grinding wheels with frameworks"
820560,Metals,"Tools, hand; blow lamps","Tools, hand; (including glaziers' diamonds) n.e.c.; blow lamps; vices, clamps etc, other than accessories for and parts of, machine-tools or water-jet cutting machines; anvils; portable forges; hand or pedal operated grinding wheels with frameworks"
820570,Metals,"Tools, hand; vices, clamps and the like","Tools, hand; (including glaziers' diamonds) n.e.c.; blow lamps; vices, clamps etc, other than accessories for and parts of, machine-tools or water-jet cutting machines; anvils; portable forges; hand or pedal operated grinding wheels with frameworks"
820600,Metals,"Tools, hand; two or more of heading no. 8202 to 8205, put up in sets for retail sale","Tools, hand; two or more of heading no. 8202 to 8205, put up in sets for retail sale"
820713,Metals,"Tools, interchangeable; rock drilling or earth boring tools, with working part of cermets, whether or not power operated","Tools, interchangeable; for hand tools, whether or not power-operated, or for machine tools (pressing, stamping, punching, drilling etc), including dies for drawing or extruding metal, and rock drilling or earth boring tools"
820810,Metals,"Tools; knives and cutting blades, for machines or for mechanical appliances, for metal working","Knives and cutting blades, for machines or for mechanical appliances"
820820,Metals,"Tools; knives and cutting blades, for wood working machines or mechanical appliances","Knives and cutting blades, for machines or for mechanical appliances"
820830,Metals,"Tools; knives and cutting blades, for kitchen appliances or for machines used by the food industry","Knives and cutting blades, for machines or for mechanical appliances"
820840,Metals,"Tools; knives and cutting blades, for agricultural, horticultural or forestry machines or mechanical appliances","Knives and cutting blades, for machines or for mechanical appliances"
820890,Metals,"Tools; knives and cutting blades, for machines or mechanical appliances, n.e.c. in heading no. 8208","Knives and cutting blades, for machines or for mechanical appliances"
821000,Metals,"Tools; hand-operated mechanical appliances, weighing 10kg or less, used in the preparation, conditioning or serving of food or drink","Tools; hand-operated mechanical appliances, weighing 10kg or less, used in the preparation, conditioning or serving of food or drink"
821110,Metals,"Knives; with cutting blades, serrated or not (including pruning knives), sets of assorted articles, excluding knives and blades of heading no. 8208","Knives; with cutting blades, serrated or not (including pruning knives), other than knives of heading no. 8208, and blades therefore"
821191,Metals,"Knives; table knives, having fixed cutting blades, serrated or not, excluding knives and blades of heading no. 8208","Knives; with cutting blades, serrated or not (including pruning knives), other than knives of heading no. 8208, and blades therefore"
821192,Metals,"Knives; having fixed cutting blades, (other than table knives), serrated or not, excluding knives and blades of heading no. 8208","Knives; with cutting blades, serrated or not (including pruning knives), other than knives of heading no. 8208, and blades therefore"
821193,Metals,"Knives; with cutting blades, (having other than fixed blades), serrated or not, excluding knives and blades of heading no. 8208","Knives; with cutting blades, serrated or not (including pruning knives), other than knives of heading no. 8208, and blades therefore"
821194,Metals,"Blades; cutting, serrated or not, excluding those of heading no. 8208","Knives; with cutting blades, serrated or not (including pruning knives), other than knives of heading no. 8208, and blades therefore"
821195,Metals,Knives; with handles of base metal,"Knives; with cutting blades, serrated or not (including pruning knives), other than knives of heading no. 8208, and blades therefore"
821220,Metals,"Razors; safety razor blades, including razor blade blanks in strips",Razors and razor blades; (including razor blade blanks in strips)
821290,Metals,Razors; parts n.e.c. in heading no. 8212,Razors and razor blades; (including razor blade blanks in strips)
821300,Metals,"Scissors; tailors' shears, similar shears and blades therefore","Scissors; tailors' shears and similar shears, and blades therefore"
821410,Metals,"Cutlery; paper knives, letter openers, erasing knives, pencil sharpeners and blades therefore","Cutlery; other articles, (e.g. hair clippers, butchers' or kitchen cleavers, choppers and mincing knives, paper knives), manicure or pedicure sets and instruments (including nail files)"
821420,Metals,Manicure or pedicure sets and instruments; (including nail files),"Cutlery; other articles, (e.g. hair clippers, butchers' or kitchen cleavers, choppers and mincing knives, paper knives), manicure or pedicure sets and instruments (including nail files)"
821490,Metals,Cutlery; hair clippers and mincing knives,"Cutlery; other articles, (e.g. hair clippers, butchers' or kitchen cleavers, choppers and mincing knives, paper knives), manicure or pedicure sets and instruments (including nail files)"
821591,Metals,"Cutlery; (e.g. spoons, forks, ladles, skimmers, cake-servers, fish-knives, butter-knives, sugar tongs and similar), plated with precious metal, not in sets","Cutlery; spoons, forks, ladles, skimmers, cake-servers, fish-knives, butter knives, sugar tongs and similar kitchen or tableware"
830110,Metals,"Padlocks; (key, combination or electrically operated), of base metal","Padlocks and locks (key, combination, electrically operated) of base metal; clasps and frames with clasps incorporating locks, of base metal, keys for any or the foregoing articles, of base metal"
830120,Metals,"Locks; of a kind used for motor vehicles (key, combination or electrically operated), of base metal","Padlocks and locks (key, combination, electrically operated) of base metal; clasps and frames with clasps incorporating locks, of base metal, keys for any or the foregoing articles, of base metal"
830130,Metals,"Locks; of a kind used for furniture (key, combination or electrically operated), of base metal","Padlocks and locks (key, combination, electrically operated) of base metal; clasps and frames with clasps incorporating locks, of base metal, keys for any or the foregoing articles, of base metal"
830150,Metals,"Clasps and frames with clasps; incorporating locks, of base metal","Padlocks and locks (key, combination, electrically operated) of base metal; clasps and frames with clasps incorporating locks, of base metal, keys for any or the foregoing articles, of base metal"
830170,Metals,"Keys; presented separately, of base metal","Padlocks and locks (key, combination, electrically operated) of base metal; clasps and frames with clasps incorporating locks, of base metal, keys for any or the foregoing articles, of base metal"
830250,Metals,"Hat-racks, hat-pegs, brackets and similar fixtures, of base metal","Base metal mountings, fittings and similar articles for furniture, doors, staircases, windows, trunks, chests etc, castors with mountings of base metal, automatic door closers of base metal"
830400,Metals,"Office equipment; filing cabinets, card-index cabinets, paper trays, paper rests, pen trays, office-stamp stands and similar office or desk equipment, of base metal, other than office furniture of heading no. 9403","Office equipment; filing cabinets, card-index cabinets, paper trays and rests, pen trays, office-stamp stands and the like, of base metal, other than office furniture of heading no. 9403"
830520,Metals,"Stationery; staples in strips, (e.g. for offices, upholstery, packaging), of base metal","Stationery; fittings for loose-leaf binders or files, letter clips, letter corners, paper clips, indexing tags and the like, staples in strips (for offices, upholstery, packaging), of base metal"
830590,Metals,"Stationery; letter clips, letter corners, paper clips, indexing tags and similar office articles, including parts, of base metal","Stationery; fittings for loose-leaf binders or files, letter clips, letter corners, paper clips, indexing tags and the like, staples in strips (for offices, upholstery, packaging), of base metal"
830610,Metals,"Bells, gongs and the like; non-electric, of base metal","Bells, gongs and the like; non-electric, statuettes, other ornaments, photograph, picture, similar frames, mirrors, of base metal"
830621,Metals,Statuettes and other ornaments; of base metal plated with precious metal,"Bells, gongs and the like; non-electric, statuettes, other ornaments, photograph, picture, similar frames, mirrors, of base metal"
830629,Metals,Statuettes and other ornaments; of base metal other than plated with precious metal,"Bells, gongs and the like; non-electric, statuettes, other ornaments, photograph, picture, similar frames, mirrors, of base metal"
830630,Metals,"Photograph, picture or similar frames, mirrors; of base metal","Bells, gongs and the like; non-electric, statuettes, other ornaments, photograph, picture, similar frames, mirrors, of base metal"
830810,Metals,"Hooks, eyes and eyelets; of base metal, of a kind used for clothing, footwear, awnings, handbags, travel goods or other made up articles","Clasps, frames with clasps, buckles, buckle-clasps, hooks, eyes, eyelets etc for clothing & accessories, footwear, jewellery, wrist-watches, books, awnings, leather goods, travel goods, saddlery etc, tubular etc rivets, beads, spangles, of base metal"
830910,Metals,"Stoppers; corks, of base metal","Stoppers, caps, lids (including crown corks, screw caps, pouring stoppers); capsules for bottles, threaded bungs, bung covers, seals and other packaging accessories, of base metal"
831000,Metals,"Sign plates, name-plates, address-plates and similar plates, numbers, letters and other symbols; of base metal, excluding those of heading no. 9405","Sign plates, name plates, address plates and similar plates, numbers, letters and other symbols, of base metal, excluding those of heading no. 9405"
831110,Metals,"Electrodes; coated, of base metal, for electric arc-welding","Wires, rods, tubes, plates, electrodes of base metal or metal carbides; of a kind used for soldering, brazing, welding; wires and rods for metal spraying"
831120,Metals,"Wire; cored, of base metal, for electric arc-welding","Wires, rods, tubes, plates, electrodes of base metal or metal carbides; of a kind used for soldering, brazing, welding; wires and rods for metal spraying"
831130,Metals,"Rods and wire; coated rods and cored wire, of base metal, for soldering, brazing or welding by flame","Wires, rods, tubes, plates, electrodes of base metal or metal carbides; of a kind used for soldering, brazing, welding; wires and rods for metal spraying"
831190,Metals,"Wires, rods, tubes, plates, electrodes of base metal or metal carbides; of a kind used for soldering, brazing, welding; wires and rods for metal spraying; n.e.c. in item no. 8311","Wires, rods, tubes, plates, electrodes of base metal or metal carbides; of a kind used for soldering, brazing, welding; wires and rods for metal spraying"
840110,Machinery,Nuclear reactors,"Nuclear reactors; fuel elements (cartridges), non-irradiated, for nuclear reactors, machinery and apparatus for isotopic separation"
840120,Machinery,"Machinery and apparatus; for isotopic separation, and parts thereof","Nuclear reactors; fuel elements (cartridges), non-irradiated, for nuclear reactors, machinery and apparatus for isotopic separation"
840211,Machinery,Boilers; watertube boilers with a steam production exceeding 45t per hour,"Boilers; steam or other vapour generating (other than central heating hot water boilers, capable also of producing low pressure steam), super heated water boilers"
840212,Machinery,Boilers; watertube boilers with a steam production not exceeding 45t per hour,"Boilers; steam or other vapour generating (other than central heating hot water boilers, capable also of producing low pressure steam), super heated water boilers"
840220,Machinery,Boilers; super-heated water boilers,"Boilers; steam or other vapour generating (other than central heating hot water boilers, capable also of producing low pressure steam), super heated water boilers"
840290,Machinery,Boilers; parts of steam or other vapour generating boilers,"Boilers; steam or other vapour generating (other than central heating hot water boilers, capable also of producing low pressure steam), super heated water boilers"
840410,Machinery,"Boilers; auxiliary plant, for use with boilers of heading no. 8402 or 8403 (e.g. economisers, super-heaters, soot removers, gas recoverers)","Auxiliary plant for use with boilers of heading no. 8402 or 8403; e.g. economisers, super-heaters, soot removers, gas recoverers), condensers for steam or other vapour power units"
840420,Machinery,"Boilers; condensers, for steam or other vapour power units","Auxiliary plant for use with boilers of heading no. 8402 or 8403; e.g. economisers, super-heaters, soot removers, gas recoverers), condensers for steam or other vapour power units"
840490,Machinery,"Boilers; parts of auxiliary plant, for use with boilers of heading no. 8402 and 8403 and parts of condensers for steam or other vapour power units","Auxiliary plant for use with boilers of heading no. 8402 or 8403; e.g. economisers, super-heaters, soot removers, gas recoverers), condensers for steam or other vapour power units"
840510,Machinery,"Generators; producer gas, water gas, acetylene gas and similar water process gas generators, with or without their purifiers","Generators for producer or water gas with or without their purifiers acetylene gas generators and similar water process gas generators, with or without their purifiers"
840590,Machinery,"Generators; parts of producer gas, water gas, acetylene gas and similar water process gas generators, with or without their purifiers","Generators for producer or water gas with or without their purifiers acetylene gas generators and similar water process gas generators, with or without their purifiers"
840610,Machinery,"Turbines; steam and other vapour turbines, for marine propulsion",Turbines; steam and other vapour turbines
840729,Machinery,"Engines; for marine propulsion, (other than outboard motors), spark-ignition reciprocating or rotary internal combustion piston engines",Reciprocating or rotary internal combustion piston engines
840731,Machinery,"Engines; reciprocating piston engines, of a kind used for the propulsion of vehicles of chapter 87, of a cylinder capacity not exceeding 50cc",Reciprocating or rotary internal combustion piston engines
841011,Machinery,"Turbines; hydraulic turbines and water wheels, of a power not exceeding 1000kW",Turbines; hydraulic water wheels and regulators therefor
841012,Machinery,"Turbines; hydraulic turbines and water wheels, of a power exceeding 1000kW but not exceeding 10000kW",Turbines; hydraulic water wheels and regulators therefor
841013,Machinery,"Turbines; hydraulic turbines and water wheels, of a power exceeding 10000kW",Turbines; hydraulic water wheels and regulators therefor
841311,Machinery,"Pumps; fitted or designed to be fitted with a measuring device, for dispensing fuel or lubricants, of the type used in filling-stations or in garages","Pumps; for liquids, whether or not fitted with measuring device, liquid elevators"
841340,Machinery,Pumps; concrete pumps,"Pumps; for liquids, whether or not fitted with measuring device, liquid elevators"
841382,Machinery,Liquid elevators,"Pumps; for liquids, whether or not fitted with measuring device, liquid elevators"
841392,Machinery,Liquid elevators; parts thereof,"Pumps; for liquids, whether or not fitted with measuring device, liquid elevators"
841460,Machinery,"Hoods; ventilating or recycling hoods incorporating a fan, whether or not fitted with filters, having a maximum horizontal side not exceeding 120cm","Air or vacuum pumps, air or other gas compressors and fans; ventilating or recycling hoods incorporating a fan; gas-tight biological safety cabinets whether or not fitted with filters"
841470,Machinery,"Gas-tight biological safety cabinets; whether or not fitted with filters, having a maximum horizontal side not exceeding 120cm","Air or vacuum pumps, air or other gas compressors and fans; ventilating or recycling hoods incorporating a fan; gas-tight biological safety cabinets whether or not fitted with filters"
841630,Machinery,"Furnace accessories; mechanical stokers, mechanical grates, mechanical ash dischargers and similar appliances","Furnace burners for liquid fuel, for pulverised solid fuel or for gas; mechanical grates, mechanical ash dischargers and similar appliances"
841690,Machinery,"Furnaces; parts of furnace burners, for liquid fuel, pulverized solid fuel or gas, mechanical stokers, grates, ash dischargers and the like","Furnace burners for liquid fuel, for pulverised solid fuel or for gas; mechanical grates, mechanical ash dischargers and similar appliances"
841710,Machinery,"Furnaces and ovens; non-electric, for the roasting, melting or other heat-treatment of ores, pyrites or of metals, for industrial or laboratory use","Furnaces and ovens; industrial or laboratory, including incinerators, non-electric"
841790,Machinery,"Furnaces and ovens; parts of non-electric furnaces and ovens (including incinerators), of industrial or laboratory use","Furnaces and ovens; industrial or laboratory, including incinerators, non-electric"
841891,Machinery,"Refrigerating or freezing equipment; parts, furniture designed to receive refrigerating or freezing equipment","Refrigerators, freezers and other refrigerating or freezing equipment, electric or other; heat pumps other than air conditioning machines of heading no. 8415"
841911,Machinery,"Heaters; instantaneous gas water heaters, for domestic or other purposes","Machinery, plant (not domestic), or laboratory equipment; electrically heated or not, (excluding items in 85.14) for the treatment of materials by a process involving change of temperature; including instantaneous or non electric storage water heaters"
841912,Machinery,"Heaters; solar water heaters, non-electric","Machinery, plant (not domestic), or laboratory equipment; electrically heated or not, (excluding items in 85.14) for the treatment of materials by a process involving change of temperature; including instantaneous or non electric storage water heaters"
841919,Machinery,"Heaters; instantaneous or storage water heaters, non-electric, (other than instantaneous gas or solar water heaters)","Machinery, plant (not domestic), or laboratory equipment; electrically heated or not, (excluding items in 85.14) for the treatment of materials by a process involving change of temperature; including instantaneous or non electric storage water heaters"
841920,Machinery,"Sterilizers; for medical, surgical or laboratory use, not used for domestic purposes","Machinery, plant (not domestic), or laboratory equipment; electrically heated or not, (excluding items in 85.14) for the treatment of materials by a process involving change of temperature; including instantaneous or non electric storage water heaters"
841933,Machinery,"Dryers; lyophilisation apparatus, freeze drying units and spray dryers, not used for domestic purposes","Machinery, plant (not domestic), or laboratory equipment; electrically heated or not, (excluding items in 85.14) for the treatment of materials by a process involving change of temperature; including instantaneous or non electric storage water heaters"
841934,Machinery,"Dryers; for agricultural products, not used for domestic purposes","Machinery, plant (not domestic), or laboratory equipment; electrically heated or not, (excluding items in 85.14) for the treatment of materials by a process involving change of temperature; including instantaneous or non electric storage water heaters"
841935,Machinery,"Dryers; for wood, paper pulp, paper or paperboard, not used for domestic purposes","Machinery, plant (not domestic), or laboratory equipment; electrically heated or not, (excluding items in 85.14) for the treatment of materials by a process involving change of temperature; including instantaneous or non electric storage water heaters"
841939,Machinery,"Dryers; for products n.e.c. in heading no. 8419, not used for domestic purposes","Machinery, plant (not domestic), or laboratory equipment; electrically heated or not, (excluding items in 85.14) for the treatment of materials by a process involving change of temperature; including instantaneous or non electric storage water heaters"
841940,Machinery,Distilling or rectifying plant; not used for domestic purposes,"Machinery, plant (not domestic), or laboratory equipment; electrically heated or not, (excluding items in 85.14) for the treatment of materials by a process involving change of temperature; including instantaneous or non electric storage water heaters"
841960,Machinery,"Machinery; for liquefying air or gas, not used for domestic purposes","Machinery, plant (not domestic), or laboratory equipment; electrically heated or not, (excluding items in 85.14) for the treatment of materials by a process involving change of temperature; including instantaneous or non electric storage water heaters"
842099,Machinery,"Machines; parts, (other than cylinders), for calendering or other rolling machines, for other than metal or glass","Machines; calendering or other rolling machines, for other than metal or glass and cylinders therefor"
842111,Machinery,Centrifuges; cream separators,"Centrifuges, including centrifugal dryers; filtering or purifying machinery and apparatus for liquids or gases"
842112,Machinery,Centrifuges; clothes-dryers,"Centrifuges, including centrifugal dryers; filtering or purifying machinery and apparatus for liquids or gases"
842122,Machinery,Machinery; for filtering or purifying beverages other than water,"Centrifuges, including centrifugal dryers; filtering or purifying machinery and apparatus for liquids or gases"
842191,Machinery,"Centrifuges; parts thereof, including parts for centrifugal dryers","Centrifuges, including centrifugal dryers; filtering or purifying machinery and apparatus for liquids or gases"
842211,Machinery,Dish washing machines; of the household type,"Dish washing machines; machinery for cleaning, drying, filling, closing, sealing, capsuling or labelling bottles, cans, boxes, bags, etc, machinery for aerating beverages"
842219,Machinery,Dish washing machines; of other than household type,"Dish washing machines; machinery for cleaning, drying, filling, closing, sealing, capsuling or labelling bottles, cans, boxes, bags, etc, machinery for aerating beverages"
842220,Machinery,Machinery; for cleaning or drying bottles or other containers,"Dish washing machines; machinery for cleaning, drying, filling, closing, sealing, capsuling or labelling bottles, cans, boxes, bags, etc, machinery for aerating beverages"
842230,Machinery,"Machinery; for filling, closing, sealing, capsuling or labelling bottles, cans, bags or other containers, machinery for aerating beverages","Dish washing machines; machinery for cleaning, drying, filling, closing, sealing, capsuling or labelling bottles, cans, boxes, bags, etc, machinery for aerating beverages"
842240,Machinery,Machinery; for packing or wrapping,"Dish washing machines; machinery for cleaning, drying, filling, closing, sealing, capsuling or labelling bottles, cans, boxes, bags, etc, machinery for aerating beverages"
842420,Machinery,Spray guns and similar appliances,"Mechanical appliances for projecting, dispersing or spraying liquids or powders; fire extinguishers, spray guns, steam, sand blasting machines"
842441,Machinery,Mechanical appliances; agricultural or horticultural sprayers; portable sprayers,"Mechanical appliances for projecting, dispersing or spraying liquids or powders; fire extinguishers, spray guns, steam, sand blasting machines"
842511,Machinery,Pulley tackle and hoists; powered by an electric motor (excluding skip hoists or hoists of a kind used for raising vehicles),Pulley tackle and hoists other than skip hoists; winches and capstans; jacks
842519,Machinery,Pulley tackle and hoists; not powered by an electric motor (excluding skip hoists or hoists of a kind used for raising vehicles),Pulley tackle and hoists other than skip hoists; winches and capstans; jacks
842531,Machinery,Winches; capstans; powered by an electric motor,Pulley tackle and hoists other than skip hoists; winches and capstans; jacks
842539,Machinery,Winches; capstans; not powered by an electric motor,Pulley tackle and hoists other than skip hoists; winches and capstans; jacks
842541,Machinery,"Jacks; built-in jacking systems of a type used in garages, for raising vehicles",Pulley tackle and hoists other than skip hoists; winches and capstans; jacks
842542,Machinery,"Jacks and hoists; hydraulic, of a kind used for raising vehicles",Pulley tackle and hoists other than skip hoists; winches and capstans; jacks
842549,Machinery,"Jacks and hoists; (other than hydraulic), of a kind used for raising vehicles",Pulley tackle and hoists other than skip hoists; winches and capstans; jacks
842611,Machinery,Cranes; overhead travelling cranes on fixed support,"Derricks, cranes, including cable cranes, mobile lifting frames, straddle carriers and works trucks fitted with a crane"
842612,Machinery,Cranes; mobile lifting frames on tyres and straddle carriers,"Derricks, cranes, including cable cranes, mobile lifting frames, straddle carriers and works trucks fitted with a crane"
842619,Machinery,"Cranes; transporter, gantry and bridge cranes","Derricks, cranes, including cable cranes, mobile lifting frames, straddle carriers and works trucks fitted with a crane"
842620,Machinery,Cranes; tower cranes,"Derricks, cranes, including cable cranes, mobile lifting frames, straddle carriers and works trucks fitted with a crane"
842630,Machinery,Cranes; portal or pedestal jib cranes,"Derricks, cranes, including cable cranes, mobile lifting frames, straddle carriers and works trucks fitted with a crane"
842641,Machinery,"Cranes; self-propelled derricks and cranes, on tyres, n.e.c. in heading no. 8426","Derricks, cranes, including cable cranes, mobile lifting frames, straddle carriers and works trucks fitted with a crane"
842699,Machinery,"Cranes and derricks; for other than mounting on road vehicles, n.e.c. in heading no. 8426","Derricks, cranes, including cable cranes, mobile lifting frames, straddle carriers and works trucks fitted with a crane"
842831,Machinery,"Elevators and conveyors; continuous-action, for goods and materials, specially designed for underground use, n.e.c. in item no. 8428.20","Lifting, handling, loading or unloading machinery; n.e.c. in heading no. 8425, 8426 or 8427 (e.g. lifts, escalators, conveyors, teleferics)"
842832,Machinery,"Elevators and conveyors; continuous-action, for goods or materials, bucket type, n.e.c. in item no. 8428.20 or 8428.31","Lifting, handling, loading or unloading machinery; n.e.c. in heading no. 8425, 8426 or 8427 (e.g. lifts, escalators, conveyors, teleferics)"
842833,Machinery,"Elevators and conveyors; continuous-action, for goods or materials, belt type, n.e.c. in item no. 8428.20 or 8428.31","Lifting, handling, loading or unloading machinery; n.e.c. in heading no. 8425, 8426 or 8427 (e.g. lifts, escalators, conveyors, teleferics)"
842840,Machinery,Escalators and moving walkways,"Lifting, handling, loading or unloading machinery; n.e.c. in heading no. 8425, 8426 or 8427 (e.g. lifts, escalators, conveyors, teleferics)"
842860,Machinery,"Teleferics, chair-lifts, ski-draglines, traction mechanisms for funiculars","Lifting, handling, loading or unloading machinery; n.e.c. in heading no. 8425, 8426 or 8427 (e.g. lifts, escalators, conveyors, teleferics)"
842870,Machinery,Industrial robots,"Lifting, handling, loading or unloading machinery; n.e.c. in heading no. 8425, 8426 or 8427 (e.g. lifts, escalators, conveyors, teleferics)"
842911,Machinery,"Bulldozers and angledozers; self-propelled, track laying","Bulldozers, graders, levellers, scrapers, angledozers, mechanical shovels, excavators, shovel loaders, tamping machines and road rollers, self-propelled"
842919,Machinery,"Bulldozers and angledozers; self-propelled, other than track laying","Bulldozers, graders, levellers, scrapers, angledozers, mechanical shovels, excavators, shovel loaders, tamping machines and road rollers, self-propelled"
842920,Machinery,Graders and levellers,"Bulldozers, graders, levellers, scrapers, angledozers, mechanical shovels, excavators, shovel loaders, tamping machines and road rollers, self-propelled"
842930,Machinery,Scrapers; self-propelled,"Bulldozers, graders, levellers, scrapers, angledozers, mechanical shovels, excavators, shovel loaders, tamping machines and road rollers, self-propelled"
842959,Machinery,"Mechanical shovels, excavators and shovel loaders; n.e.c. in item no. 8429.50","Bulldozers, graders, levellers, scrapers, angledozers, mechanical shovels, excavators, shovel loaders, tamping machines and road rollers, self-propelled"
843010,Machinery,Pile-drivers and pile-extractors,"Moving, grading, levelling, scraping, excavating, tamping, compacting, extracting or boring machinery, for earth, minerals, or ores; pile drivers and extractors; snow ploughs and snow blowers"
843020,Machinery,Snow-ploughs and snow-blowers,"Moving, grading, levelling, scraping, excavating, tamping, compacting, extracting or boring machinery, for earth, minerals, or ores; pile drivers and extractors; snow ploughs and snow blowers"
843031,Machinery,Coal or rock cutters and tunnelling machinery; self-propelled,"Moving, grading, levelling, scraping, excavating, tamping, compacting, extracting or boring machinery, for earth, minerals, or ores; pile drivers and extractors; snow ploughs and snow blowers"
843039,Machinery,Coal or rock cutters and tunnelling machinery; not self-propelled,"Moving, grading, levelling, scraping, excavating, tamping, compacting, extracting or boring machinery, for earth, minerals, or ores; pile drivers and extractors; snow ploughs and snow blowers"
843041,Machinery,"Boring or sinking machinery; self-propelled, n.e.c. in heading no. 8430","Moving, grading, levelling, scraping, excavating, tamping, compacting, extracting or boring machinery, for earth, minerals, or ores; pile drivers and extractors; snow ploughs and snow blowers"
843049,Machinery,Boring and sinking machinery; not self-propelled,"Moving, grading, levelling, scraping, excavating, tamping, compacting, extracting or boring machinery, for earth, minerals, or ores; pile drivers and extractors; snow ploughs and snow blowers"
843050,Machinery,"Machinery; for handling earth, minerals or ores, self-propelled, n.e.c. in heading no. 8430","Moving, grading, levelling, scraping, excavating, tamping, compacting, extracting or boring machinery, for earth, minerals, or ores; pile drivers and extractors; snow ploughs and snow blowers"
843061,Machinery,"Machinery; for tamping or compacting, not self-propelled","Moving, grading, levelling, scraping, excavating, tamping, compacting, extracting or boring machinery, for earth, minerals, or ores; pile drivers and extractors; snow ploughs and snow blowers"
843069,Machinery,"Machinery; for moving, levelling, scraping, grading, excavating earth minerals or ores; not self propelled n.e.c in 84.30","Moving, grading, levelling, scraping, excavating, tamping, compacting, extracting or boring machinery, for earth, minerals, or ores; pile drivers and extractors; snow ploughs and snow blowers"
843110,Machinery,Machinery; parts of the machinery of heading no. 8425,Machinery parts; used solely or principally with the machinery of heading no. 8425 to 8430
843131,Machinery,"Lifts, skip hoists or escalators; parts thereof",Machinery parts; used solely or principally with the machinery of heading no. 8425 to 8430
843142,Machinery,Machinery parts; bulldozer or angledozer blades,Machinery parts; used solely or principally with the machinery of heading no. 8425 to 8430
843210,Machinery,Ploughs; for soil preparation,"Agricultural, horticultural or forestry machinery for soil preparation or cultivation; lawn or sports-ground rollers"
843221,Machinery,Harrows; disc harrows,"Agricultural, horticultural or forestry machinery for soil preparation or cultivation; lawn or sports-ground rollers"
843231,Machinery,"Seeders, planters and transplanters; no-till direct seeders, planters and transplanters","Agricultural, horticultural or forestry machinery for soil preparation or cultivation; lawn or sports-ground rollers"
843241,Machinery,"Spreaders and distributors; for manure and fertilizers, for agricultural, horticultural or forestry use; manure spreaders","Agricultural, horticultural or forestry machinery for soil preparation or cultivation; lawn or sports-ground rollers"
843242,Machinery,"Spreaders and distributors; for manure and fertilizers, for agricultural, horticultural or forestry use; fertiliser distributors","Agricultural, horticultural or forestry machinery for soil preparation or cultivation; lawn or sports-ground rollers"
843280,Machinery,Rollers; for lawns or sports-grounds,"Agricultural, horticultural or forestry machinery for soil preparation or cultivation; lawn or sports-ground rollers"
843290,Machinery,Machinery; parts of machinery for soil preparation or cultivation or for rollers for lawns or sports-grounds,"Agricultural, horticultural or forestry machinery for soil preparation or cultivation; lawn or sports-ground rollers"
843330,Machinery,Haymaking machinery,"Harvesting and threshing machinery, straw and fodder balers, grass or hay mowers; machines for cleaning, sorting or grading eggs, fruit or other agricultural produce, other than machinery of heading no 8437"
843340,Machinery,"Balers; straw or fodder balers, including pick-up balers","Harvesting and threshing machinery, straw and fodder balers, grass or hay mowers; machines for cleaning, sorting or grading eggs, fruit or other agricultural produce, other than machinery of heading no 8437"
843351,Machinery,Combine harvester-threshers,"Harvesting and threshing machinery, straw and fodder balers, grass or hay mowers; machines for cleaning, sorting or grading eggs, fruit or other agricultural produce, other than machinery of heading no 8437"
843352,Machinery,Threshing machinery; other than combine harvester-threshers,"Harvesting and threshing machinery, straw and fodder balers, grass or hay mowers; machines for cleaning, sorting or grading eggs, fruit or other agricultural produce, other than machinery of heading no 8437"
843360,Machinery,"Machines; for cleaning, sorting or grading eggs, fruit or other agricultural produce","Harvesting and threshing machinery, straw and fodder balers, grass or hay mowers; machines for cleaning, sorting or grading eggs, fruit or other agricultural produce, other than machinery of heading no 8437"
843390,Machinery,"Harvesting machinery; parts, including parts of threshing machinery, straw or fodder balers and grass or hay mowers","Harvesting and threshing machinery, straw and fodder balers, grass or hay mowers; machines for cleaning, sorting or grading eggs, fruit or other agricultural produce, other than machinery of heading no 8437"
843410,Machinery,Milking machines,Milking machines and dairy machinery
843420,Machinery,Dairy machinery,Milking machines and dairy machinery
843490,Machinery,Milking machines and dairy machinery; parts thereof,Milking machines and dairy machinery
843510,Machinery,"Presses, crushers and similar machinery; used in the manufacture of wine, cider, fruit juices or similar beverages","Presses, crushers and similar machinery; used in the manufacture of wine, cider, fruit juices or similar beverages"
843590,Machinery,"Presses, crushers and similar machinery; parts, used in the manufacture of wine, cider, fruit juices or similar beverages","Presses, crushers and similar machinery; used in the manufacture of wine, cider, fruit juices or similar beverages"
843610,Machinery,Machinery; for preparing animal feeding stuffs,"Agricultural, horticultural, forestry, poultry-keeping, bee-keeping machinery; including germination plant fitted with mechanical or thermal equipment; poultry incubators and brooders"
843621,Machinery,Poultry incubators and brooders,"Agricultural, horticultural, forestry, poultry-keeping, bee-keeping machinery; including germination plant fitted with mechanical or thermal equipment; poultry incubators and brooders"
843629,Machinery,Poultry-keeping machinery; other than incubators and brooders,"Agricultural, horticultural, forestry, poultry-keeping, bee-keeping machinery; including germination plant fitted with mechanical or thermal equipment; poultry incubators and brooders"
843691,Machinery,Machinery; parts of poultry-keeping machinery or poultry incubators and brooders,"Agricultural, horticultural, forestry, poultry-keeping, bee-keeping machinery; including germination plant fitted with mechanical or thermal equipment; poultry incubators and brooders"
843710,Machinery,"Machines; for cleaning, sorting or grading seed, grain or dried leguminous vegetables","Machines for cleaning, sorting, grading seed, grain, dried leguminous vegetables; machinery used in the milling industry for the working of cereals or dried leguminous vegetables, not farm type machinery"
843780,Machinery,"Machinery; for use in the milling industry or for the working of cereals or dried leguminous vegetables, other than farm-type machinery","Machines for cleaning, sorting, grading seed, grain, dried leguminous vegetables; machinery used in the milling industry for the working of cereals or dried leguminous vegetables, not farm type machinery"
843790,Machinery,"Machines; parts of those for cleaning, sorting or grading seed, grain or dried leguminous vegetables or for milling or working cereals or dried leguminous vegetables (not farm-type machinery)","Machines for cleaning, sorting, grading seed, grain, dried leguminous vegetables; machinery used in the milling industry for the working of cereals or dried leguminous vegetables, not farm type machinery"
843820,Machinery,"Machinery; industrial, for the manufacture of confectionery, cocoa or chocolate","Machinery n.e.c. in this chapter, for the industrial preparation or manufacture of food or drink; other than machinery for extraction or preparation of animal or fixed vegetable or microbial fats or oils"
843830,Machinery,"Machinery; industrial, for sugar manufacture","Machinery n.e.c. in this chapter, for the industrial preparation or manufacture of food or drink; other than machinery for extraction or preparation of animal or fixed vegetable or microbial fats or oils"
843840,Machinery,"Machinery; industrial, brewery machinery","Machinery n.e.c. in this chapter, for the industrial preparation or manufacture of food or drink; other than machinery for extraction or preparation of animal or fixed vegetable or microbial fats or oils"
843850,Machinery,"Machinery; industrial, for the preparation of meat or poultry","Machinery n.e.c. in this chapter, for the industrial preparation or manufacture of food or drink; other than machinery for extraction or preparation of animal or fixed vegetable or microbial fats or oils"
843860,Machinery,"Machinery; industrial, for the preparation of fruits, nuts or vegetables","Machinery n.e.c. in this chapter, for the industrial preparation or manufacture of food or drink; other than machinery for extraction or preparation of animal or fixed vegetable or microbial fats or oils"
843890,Machinery,Machinery; parts of those machines used in the industrial preparation or manufacture of food or drink,"Machinery n.e.c. in this chapter, for the industrial preparation or manufacture of food or drink; other than machinery for extraction or preparation of animal or fixed vegetable or microbial fats or oils"
843910,Machinery,Machinery; for making pulp of fibrous cellulosic material,"Machinery; for making pulp of fibrous cellulosic material, or for making or finishing paper or paperboard"
843920,Machinery,Machinery; for making paper or paperboard,"Machinery; for making pulp of fibrous cellulosic material, or for making or finishing paper or paperboard"
843930,Machinery,Machinery; for finishing paper or paperboard,"Machinery; for making pulp of fibrous cellulosic material, or for making or finishing paper or paperboard"
843991,Machinery,Machinery; parts of machinery for making pulp of fibrous cellulosic material,"Machinery; for making pulp of fibrous cellulosic material, or for making or finishing paper or paperboard"
844090,Machinery,"Book-binding machinery; including book-sewing machines, parts thereof",Book-binding machinery; including book-sewing machines
844120,Machinery,"Machines; for making bags, sacks or envelopes of paper pulp, paper or paperboard","Machines; for making up paper pulp, paper or paperboard, including cutting machines of all kinds"
844130,Machinery,"Machines; for making cartons, boxes, cases, tubes, drums or similar containers (other than by moulding), of paper pulp, paper or paperboard","Machines; for making up paper pulp, paper or paperboard, including cutting machines of all kinds"
844140,Machinery,"Machines; for moulding articles, in paper pulp, paper or paperboard","Machines; for making up paper pulp, paper or paperboard, including cutting machines of all kinds"
844180,Machinery,"Machinery; n.e.c. in heading no. 8441, for making up paper pulp, paper or paperboard","Machines; for making up paper pulp, paper or paperboard, including cutting machines of all kinds"
844230,Machinery,"Machinery, apparatus and equipment (excluding machines of heading no. 8456 to 8465) for preparing or making printing components","Machinery, apparatus and equipment (excluding machines of headings 8456 to 8465) for preparing or making printing components; plates, cylinders and other printing components; lithographic stones prepared for printing purposes"
844240,Machinery,"Machinery, apparatus and equipment (excluding machines of heading no. 8456 to 8465) for preparing or making printing components; parts thereof","Machinery, apparatus and equipment (excluding machines of headings 8456 to 8465) for preparing or making printing components; plates, cylinders and other printing components; lithographic stones prepared for printing purposes"
844250,Machinery,"Plates, cylinders and other printing components; lithographic stones prepared for printing purposes (for example, planed, grained or polished)","Machinery, apparatus and equipment (excluding machines of headings 8456 to 8465) for preparing or making printing components; plates, cylinders and other printing components; lithographic stones prepared for printing purposes"
844311,Machinery,"Printing machinery; offset, reel-fed","Printing machinery; used for printing by means of plates, cylinders and other printing components of heading 84.42; other printers, copying machines and facsimile machines, whether or not combined; parts and accessories thereof"
844312,Machinery,"Printing machinery; offset, sheet-fed, office type (sheet size not exceeding 22 x 36cm in the unfolded state)","Printing machinery; used for printing by means of plates, cylinders and other printing components of heading 84.42; other printers, copying machines and facsimile machines, whether or not combined; parts and accessories thereof"
844314,Machinery,"Printing machinery; letterpress, reel-fed, excluding flexographic printing","Printing machinery; used for printing by means of plates, cylinders and other printing components of heading 84.42; other printers, copying machines and facsimile machines, whether or not combined; parts and accessories thereof"
844315,Machinery,"Printing machinery; letterpress, other than reel-fed, excluding flexographic printing","Printing machinery; used for printing by means of plates, cylinders and other printing components of heading 84.42; other printers, copying machines and facsimile machines, whether or not combined; parts and accessories thereof"
844316,Machinery,Printing machinery; flexographic,"Printing machinery; used for printing by means of plates, cylinders and other printing components of heading 84.42; other printers, copying machines and facsimile machines, whether or not combined; parts and accessories thereof"
844317,Machinery,Printing machinery; gravure,"Printing machinery; used for printing by means of plates, cylinders and other printing components of heading 84.42; other printers, copying machines and facsimile machines, whether or not combined; parts and accessories thereof"
844331,Machinery,"Printing, copying, and facsimile machines; machines which perform two or more of the functions of printing, copying or facsimile transmission, capable of connecting to an automatic data processing machine or to a network","Printing machinery; used for printing by means of plates, cylinders and other printing components of heading 84.42; other printers, copying machines and facsimile machines, whether or not combined; parts and accessories thereof"
844339,Machinery,"Printing, copying, and facsimile machines; single-function printing, copying or facsimile machines, not capable of connecting to an automatic data processing machine or to a network","Printing machinery; used for printing by means of plates, cylinders and other printing components of heading 84.42; other printers, copying machines and facsimile machines, whether or not combined; parts and accessories thereof"
844511,Machinery,Textile machinery; carding machines for preparing textile fibres,"Textile machinery; spinning, doubling, twisting machines, textile reeling or winding machines and machines for preparing textile yarns for use on machines of heading no. 8446 and 8447"
844512,Machinery,Textile machinery; combing machines for preparing textile fibres,"Textile machinery; spinning, doubling, twisting machines, textile reeling or winding machines and machines for preparing textile yarns for use on machines of heading no. 8446 and 8447"
844513,Machinery,Textile machinery; drawing or roving machines for preparing textile fibres,"Textile machinery; spinning, doubling, twisting machines, textile reeling or winding machines and machines for preparing textile yarns for use on machines of heading no. 8446 and 8447"
844519,Machinery,"Textile machinery; n.e.c. in heading no. 8445, for preparing textile fibres","Textile machinery; spinning, doubling, twisting machines, textile reeling or winding machines and machines for preparing textile yarns for use on machines of heading no. 8446 and 8447"
844520,Machinery,Textile machinery; spinning machines,"Textile machinery; spinning, doubling, twisting machines, textile reeling or winding machines and machines for preparing textile yarns for use on machines of heading no. 8446 and 8447"
844530,Machinery,Textile machinery; doubling or twisting machines,"Textile machinery; spinning, doubling, twisting machines, textile reeling or winding machines and machines for preparing textile yarns for use on machines of heading no. 8446 and 8447"
844540,Machinery,Textile machinery; winding (including weft-winding) or reeling machines,"Textile machinery; spinning, doubling, twisting machines, textile reeling or winding machines and machines for preparing textile yarns for use on machines of heading no. 8446 and 8447"
844590,Machinery,Textile machinery; involved in textile fibre or textile yarn preparation and n.e.c. in heading no. 8445,"Textile machinery; spinning, doubling, twisting machines, textile reeling or winding machines and machines for preparing textile yarns for use on machines of heading no. 8446 and 8447"
844610,Machinery,Weaving machines (looms); for weaving fabrics of a width 30cm or less,Weaving machines (looms)
844621,Machinery,"Weaving machines (looms); for weaving fabrics of a width exceeding 30cm, shuttle type, power looms",Weaving machines (looms)
844629,Machinery,"Weaving machines (looms); for weaving fabrics of a width exceeding 30cm, shuttle type, other than power looms",Weaving machines (looms)
844630,Machinery,"Weaving machines (looms); for weaving fabrics of a width exceeding 30cm, shuttleless type",Weaving machines (looms)
844711,Machinery,"Knitting machines; circular, with cylinder diameter not exceeding 165mm","Knitting machines, stitch-bonding machines and machines for making gimped yarn, tulle, lace, embroidery, trimmings, braid or net and machines for tufting"
844712,Machinery,"Knitting machines; circular, with cylinder diameter exceeding 165mm","Knitting machines, stitch-bonding machines and machines for making gimped yarn, tulle, lace, embroidery, trimmings, braid or net and machines for tufting"
844790,Machinery,"Machines; for making gimped yarn, tulle, lace, embroidery, trimmings, braid or net and machines for tufting","Knitting machines, stitch-bonding machines and machines for making gimped yarn, tulle, lace, embroidery, trimmings, braid or net and machines for tufting"
844811,Machinery,"Machinery, auxiliary; dobbies and jacquards, card reducing, copying, punching or assembling machines for use therewith","Machinery, auxiliary; for use with machines of heading no. 8444 to 8447 (e.g. dobbies, jacquards, automatic stop motions, shuttle changing mechanisms) parts, accessories for machines of heading no. 8444, 8447"
844819,Machinery,"Machinery, auxiliary; for machines of heading no. 8444, 8445, 8446 or 8447, n.e.c. in item no. 8448.11","Machinery, auxiliary; for use with machines of heading no. 8444 to 8447 (e.g. dobbies, jacquards, automatic stop motions, shuttle changing mechanisms) parts, accessories for machines of heading no. 8444, 8447"
844820,Machinery,Machines; parts and accessories of machines or auxiliary machinery of heading no. 8444,"Machinery, auxiliary; for use with machines of heading no. 8444 to 8447 (e.g. dobbies, jacquards, automatic stop motions, shuttle changing mechanisms) parts, accessories for machines of heading no. 8444, 8447"
844831,Machinery,"Machines, card clothing; parts and accessories","Machinery, auxiliary; for use with machines of heading no. 8444 to 8447 (e.g. dobbies, jacquards, automatic stop motions, shuttle changing mechanisms) parts, accessories for machines of heading no. 8444, 8447"
844832,Machinery,"Machines; parts and accessories of machines or auxiliary machinery for preparing textile fibres, other than card clothing","Machinery, auxiliary; for use with machines of heading no. 8444 to 8447 (e.g. dobbies, jacquards, automatic stop motions, shuttle changing mechanisms) parts, accessories for machines of heading no. 8444, 8447"
844833,Machinery,"Machines; parts and accessories of machines or auxiliary machinery, spindles, spindle flyers, spinning rings and ring travellers","Machinery, auxiliary; for use with machines of heading no. 8444 to 8447 (e.g. dobbies, jacquards, automatic stop motions, shuttle changing mechanisms) parts, accessories for machines of heading no. 8444, 8447"
844839,Machinery,"Machines; parts and accessories of machines or auxiliary machinery of heading no. 8445, n.e.c. in item no. 8448.3","Machinery, auxiliary; for use with machines of heading no. 8444 to 8447 (e.g. dobbies, jacquards, automatic stop motions, shuttle changing mechanisms) parts, accessories for machines of heading no. 8444, 8447"
844842,Machinery,"Weaving machines (looms); parts including their auxiliary machinery, and accessories thereof, reeds for looms, healds and heald-frames","Machinery, auxiliary; for use with machines of heading no. 8444 to 8447 (e.g. dobbies, jacquards, automatic stop motions, shuttle changing mechanisms) parts, accessories for machines of heading no. 8444, 8447"
844849,Machinery,"Weaving machines (looms); parts including their auxiliary machinery, and accessories thereof n.e.c. in item no. 8448.4","Machinery, auxiliary; for use with machines of heading no. 8444 to 8447 (e.g. dobbies, jacquards, automatic stop motions, shuttle changing mechanisms) parts, accessories for machines of heading no. 8444, 8447"
844859,Machinery,"Machines; parts and accessories of machines or auxiliary machinery of heading no. 8447, other than sinkers, needles and other articles used in forming stitches","Machinery, auxiliary; for use with machines of heading no. 8444 to 8447 (e.g. dobbies, jacquards, automatic stop motions, shuttle changing mechanisms) parts, accessories for machines of heading no. 8444, 8447"
844900,Machinery,"Machinery; for manufacture or finishing felt or non-wovens in the piece or in shapes, including machinery for making felt hats, blocks for making hats","Machinery; for manufacture or finishing felt or non-wovens in the piece or in shapes, including machinery for making felt hats, blocks for making hats"
845012,Machinery,"Washing machines; household or laundry-type, with built-in centrifugal drier, (not fully-automatic), of a dry linen capacity not exceeding 10kg",Household or laundry-type washing machines; including machines which both wash and dry
845019,Machinery,"Washing machines; household or laundry-type, not fully-automatic, without built-in centrifugal drier, of a dry linen capacity not exceeding 10kg",Household or laundry-type washing machines; including machines which both wash and dry
845020,Machinery,"Washing machines; household or laundry-type, of a dry linen capacity exceeding 10kg",Household or laundry-type washing machines; including machines which both wash and dry
845090,Machinery,Washing machines; parts for household or laundry-type,Household or laundry-type washing machines; including machines which both wash and dry
845110,Machinery,Dry-cleaning machines,"Machinery (not of heading no. 8450) for washing, cleaning, wringing, drying, ironing, pressing, bleaching, dyeing, dressing, finishing, coating or impregnating textile yarn, fabrics or made up articles"
845121,Machinery,Drying machines; of a dry linen capacity not exceeding 10kg,"Machinery (not of heading no. 8450) for washing, cleaning, wringing, drying, ironing, pressing, bleaching, dyeing, dressing, finishing, coating or impregnating textile yarn, fabrics or made up articles"
845129,Machinery,Drying machines; of a dry linen capacity exceeding 10kg,"Machinery (not of heading no. 8450) for washing, cleaning, wringing, drying, ironing, pressing, bleaching, dyeing, dressing, finishing, coating or impregnating textile yarn, fabrics or made up articles"
845130,Machinery,Ironing machines and presses (including fusing presses),"Machinery (not of heading no. 8450) for washing, cleaning, wringing, drying, ironing, pressing, bleaching, dyeing, dressing, finishing, coating or impregnating textile yarn, fabrics or made up articles"
845140,Machinery,"Machines; for washing, bleaching or dyeing","Machinery (not of heading no. 8450) for washing, cleaning, wringing, drying, ironing, pressing, bleaching, dyeing, dressing, finishing, coating or impregnating textile yarn, fabrics or made up articles"
845150,Machinery,"Machines; for reeling, unreeling, folding, cutting or pinking textile fabrics","Machinery (not of heading no. 8450) for washing, cleaning, wringing, drying, ironing, pressing, bleaching, dyeing, dressing, finishing, coating or impregnating textile yarn, fabrics or made up articles"
845190,Machinery,"Machinery; parts, of the machinery of heading no. 8451","Machinery (not of heading no. 8450) for washing, cleaning, wringing, drying, ironing, pressing, bleaching, dyeing, dressing, finishing, coating or impregnating textile yarn, fabrics or made up articles"
845221,Machinery,"Sewing machines; (not household type), automatic units","Sewing machines; other than book-sewing machines of heading no. 8440; furniture, bases and covers specially designed for sewing machines; sewing machine needles"
845229,Machinery,Sewing machines; not household or automatic unit type,"Sewing machines; other than book-sewing machines of heading no. 8440; furniture, bases and covers specially designed for sewing machines; sewing machine needles"
845230,Machinery,Sewing machine needles,"Sewing machines; other than book-sewing machines of heading no. 8440; furniture, bases and covers specially designed for sewing machines; sewing machine needles"
845290,Machinery,"Sewing machines; furniture, bases and covers for sewing machines and parts thereof, and other parts of sewing machines","Sewing machines; other than book-sewing machines of heading no. 8440; furniture, bases and covers specially designed for sewing machines; sewing machine needles"
845310,Machinery,"Machinery; for preparing, tanning or working hides, skins or leather, other than sewing machines","Machinery for preparing, tanning or working hides, skins or leather or for making or repairing footwear or other articles of hides, skins or leather, other than sewing machines"
845320,Machinery,"Machinery; for making or repairing footwear, other than sewing machines","Machinery for preparing, tanning or working hides, skins or leather or for making or repairing footwear or other articles of hides, skins or leather, other than sewing machines"
845380,Machinery,"Machinery; for making or repairing articles of hides, skins or leather, other than sewing machines","Machinery for preparing, tanning or working hides, skins or leather or for making or repairing footwear or other articles of hides, skins or leather, other than sewing machines"
845390,Machinery,"Machinery; parts of those for preparing, tanning or working hides, skins or leather, for making or repairing footwear or other articles of hides, skin or leather, other than sewing machines","Machinery for preparing, tanning or working hides, skins or leather or for making or repairing footwear or other articles of hides, skins or leather, other than sewing machines"
845410,Machinery,Converters; of a type used in metallurgy or in metal foundries,"Converters, ladles, ingot moulds and casting machines; of a kind used metallurgy or in metal foundries"
845420,Machinery,Ingot moulds and ladles; of a kind used in metallurgy or in metal foundries,"Converters, ladles, ingot moulds and casting machines; of a kind used metallurgy or in metal foundries"
845490,Machinery,"Machines; parts of converters, ladles, ingot moulds and casting machines, of a kind used in metallurgy or in metal foundries","Converters, ladles, ingot moulds and casting machines; of a kind used metallurgy or in metal foundries"
845510,Machinery,Metal-rolling mills; tube mills,Metal-rolling mills and rolls therefor
845521,Machinery,Metal-rolling mills; hot or combination hot and cold rolling mills,Metal-rolling mills and rolls therefor
845522,Machinery,Metal-rolling mills; cold,Metal-rolling mills and rolls therefor
845590,Machinery,Metal-rolling mills; parts thereof,Metal-rolling mills and rolls therefor
845620,Machinery,"Machine-tools; for working any material by removal of material, operated by ultrasonic processes","Machine-tools; for working any material by removal of material, by laser or other light or photon beam, ultrasonic, electro-discharge, electro-chemical, electron beam, ionic-beam, or plasma arc processes; water-jet cutting machines"
845640,Machinery,Machine tools; for working any material by removal of material; operated by plasma arc processes;,"Machine-tools; for working any material by removal of material, by laser or other light or photon beam, ultrasonic, electro-discharge, electro-chemical, electron beam, ionic-beam, or plasma arc processes; water-jet cutting machines"
845650,Machinery,Machine tools; for working any material by removal of material; operated by water-jet cutting machines,"Machine-tools; for working any material by removal of material, by laser or other light or photon beam, ultrasonic, electro-discharge, electro-chemical, electron beam, ionic-beam, or plasma arc processes; water-jet cutting machines"
845690,Machinery,Machine tools; for working any material by removal of material; operated by other processes n.e.c. in heading 8456,"Machine-tools; for working any material by removal of material, by laser or other light or photon beam, ultrasonic, electro-discharge, electro-chemical, electron beam, ionic-beam, or plasma arc processes; water-jet cutting machines"
845720,Machinery,"Machines; unit construction machines (single station), for working metal","Machining centres, unit construction machines (single station) and multi-station transfer machines for working metal"
845819,Machinery,"Lathes; for removing metal, horizontal, other than numerically controlled",Lathes for removing metal
845899,Machinery,"Lathes; for removing metal, other than horizontal or numerically controlled lathes",Lathes for removing metal
845910,Machinery,"Machine-tools; way-type unit head machines, for drilling, boring, milling, threading or tapping by removing metal, other than lathes of heading no. 8458","Machine-tools; (including way-type unit head machines) for drilling, boring, milling, threading or tapping by removing metal, other than lathes of heading no. 8458"
845921,Machinery,"Machine-tools; for drilling by removing metal, numerically controlled","Machine-tools; (including way-type unit head machines) for drilling, boring, milling, threading or tapping by removing metal, other than lathes of heading no. 8458"
845929,Machinery,"Machine-tools; for drilling by removing metal, other than numerically controlled","Machine-tools; (including way-type unit head machines) for drilling, boring, milling, threading or tapping by removing metal, other than lathes of heading no. 8458"
845931,Machinery,"Machine-tools; for boring-milling by removing metal, numerically controlled","Machine-tools; (including way-type unit head machines) for drilling, boring, milling, threading or tapping by removing metal, other than lathes of heading no. 8458"
845939,Machinery,"Machine-tools; for boring-milling by removing metal, other than numerically controlled","Machine-tools; (including way-type unit head machines) for drilling, boring, milling, threading or tapping by removing metal, other than lathes of heading no. 8458"
845941,Machinery,"Machine-tools; for boring by removing metal, numerically controlled boring machines, n.e.c. in heading 8459","Machine-tools; (including way-type unit head machines) for drilling, boring, milling, threading or tapping by removing metal, other than lathes of heading no. 8458"
845949,Machinery,"Machine-tools; for boring by removing metal, not numerically controlled boring machines, n.e.c. in heading 8459","Machine-tools; (including way-type unit head machines) for drilling, boring, milling, threading or tapping by removing metal, other than lathes of heading no. 8458"
845951,Machinery,"Machine-tools; for milling by removing metal, knee-type, numerically controlled","Machine-tools; (including way-type unit head machines) for drilling, boring, milling, threading or tapping by removing metal, other than lathes of heading no. 8458"
845959,Machinery,"Machine-tools; for milling by removing metal, knee-type, other than numerically controlled","Machine-tools; (including way-type unit head machines) for drilling, boring, milling, threading or tapping by removing metal, other than lathes of heading no. 8458"
845970,Machinery,Machine-tools; for threading or tapping by removing metal,"Machine-tools; (including way-type unit head machines) for drilling, boring, milling, threading or tapping by removing metal, other than lathes of heading no. 8458"
846012,Machinery,"Machine-tools; flat-surface grinding machines, numerically controlled","Machine-tools; for deburring, sharpening, grinding, honing, lapping, polishing or otherwise finishing metal, sintered metal carbides or cermets by means of grinding stones, abrasives or polishing products"
846019,Machinery,"Machine-tools; flat-surface grinding machines, other than numerically controlled","Machine-tools; for deburring, sharpening, grinding, honing, lapping, polishing or otherwise finishing metal, sintered metal carbides or cermets by means of grinding stones, abrasives or polishing products"
846022,Machinery,"Machine-tools; grinding machines (excluding flat-surface), centreless, numerically controlled","Machine-tools; for deburring, sharpening, grinding, honing, lapping, polishing or otherwise finishing metal, sintered metal carbides or cermets by means of grinding stones, abrasives or polishing products"
846023,Machinery,"Machine-tools; cylindrical grinding machines (excluding flat-surface and centreless), numerically controlled","Machine-tools; for deburring, sharpening, grinding, honing, lapping, polishing or otherwise finishing metal, sintered metal carbides or cermets by means of grinding stones, abrasives or polishing products"
846024,Machinery,"Machine-tools; grinding machines (excluding flat-surface, cylindrical and centreless), numerically controlled","Machine-tools; for deburring, sharpening, grinding, honing, lapping, polishing or otherwise finishing metal, sintered metal carbides or cermets by means of grinding stones, abrasives or polishing products"
846031,Machinery,"Machine-tools; sharpening (tool or cutter grinding) machines, numerically controlled","Machine-tools; for deburring, sharpening, grinding, honing, lapping, polishing or otherwise finishing metal, sintered metal carbides or cermets by means of grinding stones, abrasives or polishing products"
846039,Machinery,"Machine-tools; sharpening (tool or cutter grinding) machines, other than numerically controlled","Machine-tools; for deburring, sharpening, grinding, honing, lapping, polishing or otherwise finishing metal, sintered metal carbides or cermets by means of grinding stones, abrasives or polishing products"
846090,Machinery,"Machine-tools; for deburring, grinding, polishing or otherwise finishing metal, sintered metal carbides or cermets by means of grinding stones, abrasives or polishing products, n.e.c. in heading no. 8460","Machine-tools; for deburring, sharpening, grinding, honing, lapping, polishing or otherwise finishing metal, sintered metal carbides or cermets by means of grinding stones, abrasives or polishing products"
846120,Machinery,"Machine-tools; shaping or slotting machines, working by removing metal, sintered metal carbides or cermets","Machine-tools; for planing, shaping, slotting, broaching, gear cutting and grinding, finishing, sawing, cutting off and other tools working by removing metal, sintered metal carbides or cermets n.e.c."
846190,Machinery,"Machine-tools; planing machines, and other machine-tools n.e.c. in heading no. 8461; working by removing metal, sinistered metal carbides or cerments.","Machine-tools; for planing, shaping, slotting, broaching, gear cutting and grinding, finishing, sawing, cutting off and other tools working by removing metal, sintered metal carbides or cermets n.e.c."
846223,Machinery,"Machine-tools; bending, folding, straightening or flattening machines (including presses), for working metal, numerically controlled press brakes","Machine-tools (including presses) for working metal by forging, hammering or die forging (excluding rolling mills); machine-tools (including presses, slitting lines and cut-to-length lines) for working metal by bending, folding, straightening, flattening,"
846224,Machinery,"Machine-tools; bending, folding, straightening or flattening machines (including presses), for working metal, numerically controlled panel benders","Machine-tools (including presses) for working metal by forging, hammering or die forging (excluding rolling mills); machine-tools (including presses, slitting lines and cut-to-length lines) for working metal by bending, folding, straightening, flattening,"
846225,Machinery,"Machine-tools; bending, folding, straightening or flattening machines (including presses), for working metal, numerically controlled roll forming machines","Machine-tools (including presses) for working metal by forging, hammering or die forging (excluding rolling mills); machine-tools (including presses, slitting lines and cut-to-length lines) for working metal by bending, folding, straightening, flattening,"
846226,Machinery,"Machine-tools; bending, folding, straightening or flattening machines (including presses), for working metal, numerically controlled bending, folding, straightening or fattening machines (not press brakes, panel benders or roll forming machines)","Machine-tools (including presses) for working metal by forging, hammering or die forging (excluding rolling mills); machine-tools (including presses, slitting lines and cut-to-length lines) for working metal by bending, folding, straightening, flattening,"
846229,Machinery,"Machine-tools; bending, folding, straightening or flattening machines (including press brakes), for working metal, numerically controlled n.e.c. in item 84.62.2","Machine-tools (including presses) for working metal by forging, hammering or die forging (excluding rolling mills); machine-tools (including presses, slitting lines and cut-to-length lines) for working metal by bending, folding, straightening, flattening,"
846233,Machinery,"Machine-tools; shearing machines (excluding presses) for flat products, numerically controlled, other than combined punching and shearing machines, for working metal","Machine-tools (including presses) for working metal by forging, hammering or die forging (excluding rolling mills); machine-tools (including presses, slitting lines and cut-to-length lines) for working metal by bending, folding, straightening, flattening,"
846239,Machinery,"Machine-tools; shearing machines (excluding presses) for flat products, other than numerically controlled, other than combined punching and shearing machines, for working metal","Machine-tools (including presses) for working metal by forging, hammering or die forging (excluding rolling mills); machine-tools (including presses, slitting lines and cut-to-length lines) for working metal by bending, folding, straightening, flattening,"
846242,Machinery,"Machine-tools; punching, notching or nibbling machines (excluding presses) for flat products including combined punching and shearing machines, numerically controlled, for working metal","Machine-tools (including presses) for working metal by forging, hammering or die forging (excluding rolling mills); machine-tools (including presses, slitting lines and cut-to-length lines) for working metal by bending, folding, straightening, flattening,"
846249,Machinery,"Machine-tools; punching, notching or nibbling machines (excluding presses) for flat products including combined punching and shearing machines, other than numerically controlled, for working metal","Machine-tools (including presses) for working metal by forging, hammering or die forging (excluding rolling mills); machine-tools (including presses, slitting lines and cut-to-length lines) for working metal by bending, folding, straightening, flattening,"
846251,Machinery,"Machine-tools; for working tube, pipe, hollow section and bar (excluding presses), for working metal, numerically controlled","Machine-tools (including presses) for working metal by forging, hammering or die forging (excluding rolling mills); machine-tools (including presses, slitting lines and cut-to-length lines) for working metal by bending, folding, straightening, flattening,"
846259,Machinery,"Machine-tools; for working tube, pipe, hollow section and bar (excluding presses), for working metal, not numerically controlled","Machine-tools (including presses) for working metal by forging, hammering or die forging (excluding rolling mills); machine-tools (including presses, slitting lines and cut-to-length lines) for working metal by bending, folding, straightening, flattening,"
846320,Machinery,"Machine-tools; for working metal, sintered metal carbides or cermets, without removing material, thread rolling machines","Machine-tools; n.e.c. for working metal, sintered metal carbides or cermets without removing material"
846330,Machinery,"Machine-tools; machines for working wire, without removing material","Machine-tools; n.e.c. for working metal, sintered metal carbides or cermets without removing material"
846390,Machinery,"Machine-tools; for working metal, sintered metal carbides or cermets, without removing material, n.e.c. in heading no. 8463","Machine-tools; n.e.c. for working metal, sintered metal carbides or cermets without removing material"
846410,Machinery,"Machine-tools; sawing machines, for working stone, ceramics, concrete, asbestos-cement or like mineral materials or for cold working glass","Machine-tools; for working stone, ceramics, concrete, asbestos-cement or like mineral materials or for cold working glass"
846490,Machinery,"Machine-tools; for working stone, ceramics, concrete, asbestos-cement or like mineral materials or for cold working glass, (other than sawing, grinding or polishing machines)","Machine-tools; for working stone, ceramics, concrete, asbestos-cement or like mineral materials or for cold working glass"
846520,Machinery,"Machine-tools; for working wood, cork, bone, hard rubber, hard plastics or similar hard materials; machining centres","Machine-tools; (including machines for nailing, stapling, glueing or otherwise assembling) for working wood, cork, bone, hard plastics or rubber or similar hard materials"
846592,Machinery,"Machine-tools; for working wood, cork, bone, hard rubber, hard plastics or similar hard materials; planing, milling or moulding (by cutting) machines","Machine-tools; (including machines for nailing, stapling, glueing or otherwise assembling) for working wood, cork, bone, hard plastics or rubber or similar hard materials"
846593,Machinery,"Machine-tools; for working wood, cork, bone, hard rubber, hard plastics or similar hard materials; grinding, sanding or polishing machines","Machine-tools; (including machines for nailing, stapling, glueing or otherwise assembling) for working wood, cork, bone, hard plastics or rubber or similar hard materials"
846594,Machinery,"Machine-tools; for working wood, cork, bone, hard rubber, hard plastics or similar hard materials; bending or assembling machines","Machine-tools; (including machines for nailing, stapling, glueing or otherwise assembling) for working wood, cork, bone, hard plastics or rubber or similar hard materials"
846595,Machinery,"Machine-tools; for working wood, cork, bone, hard rubber, hard plastics or similar hard materials; drilling or morticing machines","Machine-tools; (including machines for nailing, stapling, glueing or otherwise assembling) for working wood, cork, bone, hard plastics or rubber or similar hard materials"
846596,Machinery,"Machine-tools; for working wood, cork, bone, hard rubber, hard plastics or similar hard materials; splitting, slicing or paring machines","Machine-tools; (including machines for nailing, stapling, glueing or otherwise assembling) for working wood, cork, bone, hard plastics or rubber or similar hard materials"
846599,Machinery,"Machine-tools; for working wood, cork, bone, hard rubber, hard plastics or similar hard materials; n.e.c. in heading no. 8465","Machine-tools; (including machines for nailing, stapling, glueing or otherwise assembling) for working wood, cork, bone, hard plastics or rubber or similar hard materials"
846630,Machinery,Parts & accessories suited for use solely/principally with machines of headings 8456-8465; dividing heads and other special attachments for machines,"Parts & accessories suited for use only/mainly with machines of headings 8456-8465, including work/tool holders, self-opening dieheads, dividing heads & other special attachments for the machines; tool holders for any type of tool for working in the hand"
846694,Machinery,"Machine-tools; parts and accessories, for the machines of heading no. 8462 or 8463, n.e.c. in heading no. 8466","Parts & accessories suited for use only/mainly with machines of headings 8456-8465, including work/tool holders, self-opening dieheads, dividing heads & other special attachments for the machines; tool holders for any type of tool for working in the hand"
846719,Machinery,"Tools; for working in the hand, pneumatic, other than rotary type","Tools; for working in the hand, pneumatic, hydraulic or with self-contained electric or non-electric motor"
846781,Machinery,"Tools; for working in the hand, chain saws with self-contained non-electric motor","Tools; for working in the hand, pneumatic, hydraulic or with self-contained electric or non-electric motor"
846789,Machinery,"Tools; for working in the hand, (other than chain saws), hydraulic or with self-contained non-electric motor, (not pneumatic)","Tools; for working in the hand, pneumatic, hydraulic or with self-contained electric or non-electric motor"
846791,Machinery,"Tools; for working in the hand, parts of chain saws, with self-contained non-electric motor","Tools; for working in the hand, pneumatic, hydraulic or with self-contained electric or non-electric motor"
846792,Machinery,"Tools; for working in the hand, parts of pneumatic tools","Tools; for working in the hand, pneumatic, hydraulic or with self-contained electric or non-electric motor"
846810,Machinery,"Machinery and apparatus; hand-held blow pipes for soldering, brazing or welding, whether or not capable of cutting","Machinery and apparatus for soldering, brazing, welding, whether or not capable of cutting, other than those of heading no. 8515; gas-operated surface tempering machines and appliances"
846820,Machinery,"Machinery and apparatus; gas operated machinery and apparatus n.e.c. in item no. 8468.10, for soldering, brazing or welding, whether or not capable of cutting","Machinery and apparatus for soldering, brazing, welding, whether or not capable of cutting, other than those of heading no. 8515; gas-operated surface tempering machines and appliances"
846880,Machinery,"Machinery and apparatus; for soldering, brazing or welding, whether or not capable of cutting, n.e.c. in heading no. 8468","Machinery and apparatus for soldering, brazing, welding, whether or not capable of cutting, other than those of heading no. 8515; gas-operated surface tempering machines and appliances"
846890,Machinery,"Machinery and apparatus; parts, soldering, brazing or welding, whether or not capable of cutting, parts thereof","Machinery and apparatus for soldering, brazing, welding, whether or not capable of cutting, other than those of heading no. 8515; gas-operated surface tempering machines and appliances"
847010,Machinery,"Calculating machines; electronic calculators capable of operation without an external source of electric power and pocket-size data recording, reproducing and displaying machines with calculating functions","Calculating machines and pocket-size data recording, reproducing and displaying machines with calculating functions; accounting machines, postage-franking machines, ticket-issuing machines and similar, incorporating a calculating device; cash registers"
847021,Machinery,"Calculating machines; electronic, incorporating a printing device, needing an external source of power","Calculating machines and pocket-size data recording, reproducing and displaying machines with calculating functions; accounting machines, postage-franking machines, ticket-issuing machines and similar, incorporating a calculating device; cash registers"
847029,Machinery,"Calculating machines; electronic, (not incorporating a printing device), needing an external power source","Calculating machines and pocket-size data recording, reproducing and displaying machines with calculating functions; accounting machines, postage-franking machines, ticket-issuing machines and similar, incorporating a calculating device; cash registers"
847030,Machinery,Calculating machines; non-electronic,"Calculating machines and pocket-size data recording, reproducing and displaying machines with calculating functions; accounting machines, postage-franking machines, ticket-issuing machines and similar, incorporating a calculating device; cash registers"
847050,Machinery,Cash registers,"Calculating machines and pocket-size data recording, reproducing and displaying machines with calculating functions; accounting machines, postage-franking machines, ticket-issuing machines and similar, incorporating a calculating device; cash registers"
847090,Machinery,Machines incorporating a calculating device; n.e.c. in heading no. 8470,"Calculating machines and pocket-size data recording, reproducing and displaying machines with calculating functions; accounting machines, postage-franking machines, ticket-issuing machines and similar, incorporating a calculating device; cash registers"
847130,Machinery,"Automatic data processing machines; portable, weighing not more than 10kg, consisting of at least a central processing unit, a keyboard and a display","Automatic data processing machines and units thereof, magnetic or optical readers, machines for transcribing data onto data media in coded form and machines for processing such data, not elsewhere specified or included"
847141,Machinery,"Automatic data processing machines; comprising in the same housing at least a central processing unit and an input and output unit, whether or not combined, n.e.c. in item no. 8471.30","Automatic data processing machines and units thereof, magnetic or optical readers, machines for transcribing data onto data media in coded form and machines for processing such data, not elsewhere specified or included"
847149,Machinery,"Automatic data processing machines; presented in the form of systems, n.e.c. in item no. 8471.30 or 8471.41","Automatic data processing machines and units thereof, magnetic or optical readers, machines for transcribing data onto data media in coded form and machines for processing such data, not elsewhere specified or included"
847150,Machinery,"Units of automatic data processing machines; processing units other than those of item no. 8471.41 or 8471.49, whether or not containing in the same housing one or two of the following types of unit: storage units, input units or output units","Automatic data processing machines and units thereof, magnetic or optical readers, machines for transcribing data onto data media in coded form and machines for processing such data, not elsewhere specified or included"
847180,Machinery,"Units of automatic data processing machines; n.e.c. in item no. 8471.50, 8471.60 or 8471.70","Automatic data processing machines and units thereof, magnetic or optical readers, machines for transcribing data onto data media in coded form and machines for processing such data, not elsewhere specified or included"
847190,Machinery,"Magnetic or optical readers, machines for transcribing data onto data media in coded form and machines for processing such data, not elsewhere specified or included","Automatic data processing machines and units thereof, magnetic or optical readers, machines for transcribing data onto data media in coded form and machines for processing such data, not elsewhere specified or included"
847210,Machinery,Office machines; duplicating machines,Office machines; not elsewhere classified
847230,Machinery,"Office machines; for sorting or folding mail or for inserting mail in envelopes or bands, machines for opening, closing or sealing mail and machines for affixing or cancelling postage stamps",Office machines; not elsewhere classified
847410,Machinery,"Machines; for sorting, screening, separating or washing earth, stone, ores or other mineral substances","Machinery for sorting, screening, separating, washing, crushing, grinding, mixing or kneading earth, stone, ores in solid form, shaping, moulding machinery for solid mineral fuels"
847420,Machinery,"Machines; for crushing or grinding earth, stone, ores or other mineral substances","Machinery for sorting, screening, separating, washing, crushing, grinding, mixing or kneading earth, stone, ores in solid form, shaping, moulding machinery for solid mineral fuels"
847431,Machinery,Machines; concrete or mortar mixers,"Machinery for sorting, screening, separating, washing, crushing, grinding, mixing or kneading earth, stone, ores in solid form, shaping, moulding machinery for solid mineral fuels"
847432,Machinery,Machines; for mixing mineral substances with bitumen,"Machinery for sorting, screening, separating, washing, crushing, grinding, mixing or kneading earth, stone, ores in solid form, shaping, moulding machinery for solid mineral fuels"
847439,Machinery,"Machines; for mixing or kneading mineral substances, excluding concrete mixers and machines for mixing mineral substances with bitumen","Machinery for sorting, screening, separating, washing, crushing, grinding, mixing or kneading earth, stone, ores in solid form, shaping, moulding machinery for solid mineral fuels"
847510,Machinery,"Machines; for assembling electric or electronic lamps, tubes, valves or flashbulbs, in glass envelopes","Machines; for assembling electric or electronic lamps, tubes, valves, flashbulbs, in glass envelopes, machines for manufacturing or hot working glass or glassware"
847521,Machinery,"Machines; for manufacturing or hot working glass or glassware, for making optical fibres and preforms thereof","Machines; for assembling electric or electronic lamps, tubes, valves, flashbulbs, in glass envelopes, machines for manufacturing or hot working glass or glassware"
847529,Machinery,"Machines; for manufacturing or hot working glass or glassware, not for making optical fibres and preforms thereof","Machines; for assembling electric or electronic lamps, tubes, valves, flashbulbs, in glass envelopes, machines for manufacturing or hot working glass or glassware"
847621,Machinery,"Machines; automatic beverage-vending machines, incorporating heating or refrigerating devices","Automatic goods-vending machines (e.g. postage stamp, cigarette, food or beverage machines), including money-changing machines"
847629,Machinery,"Machines; automatic beverage-vending machines, not incorporating heating or refrigerating devices","Automatic goods-vending machines (e.g. postage stamp, cigarette, food or beverage machines), including money-changing machines"
847681,Machinery,"Machines; automatic goods-vending machines, (e.g. postage stamp, cigarette, food or money-changing machines, excluding beverage-vending machines), incorporating heating or refrigerating devices","Automatic goods-vending machines (e.g. postage stamp, cigarette, food or beverage machines), including money-changing machines"
847710,Machinery,"Machinery; injection-moulding machines, for working rubber or plastics or for the manufacture of products from these materials","Machinery; for working rubber or plastics or for the manufacture of products from these materials, n.e.c. in this chapter"
847720,Machinery,"Machinery; extruders, for working rubber or plastics or for the manufacture of products from these materials","Machinery; for working rubber or plastics or for the manufacture of products from these materials, n.e.c. in this chapter"
847730,Machinery,"Machinery; blow moulding machines, for working rubber or plastics or for the manufacture of products from these materials","Machinery; for working rubber or plastics or for the manufacture of products from these materials, n.e.c. in this chapter"
847740,Machinery,"Machinery; vacuum moulding machines and other thermoforming machines, for working rubber or plastics or for the manufacture of products from these materials","Machinery; for working rubber or plastics or for the manufacture of products from these materials, n.e.c. in this chapter"
847751,Machinery,Machinery; for moulding or retreading pneumatic tyres or for moulding or otherwise forming inner tubes,"Machinery; for working rubber or plastics or for the manufacture of products from these materials, n.e.c. in this chapter"
847810,Machinery,"Machinery; for preparing or making up tobacco, n.e.c. in this chapter","Machinery; for preparing or making up tobacco, n.e.c. in this chapter"
847890,Machinery,"Machinery; parts of those for preparing or making up tobacco, n.e.c. in this chapter","Machinery; for preparing or making up tobacco, n.e.c. in this chapter"
847910,Machinery,"Machinery and mechanical appliances; for public works, building or the like","Machinery and mechanical appliances; having individual functions, n.e.c. in this chapter"
847920,Machinery,Machinery; for the extraction or preparation of animal or fixed vegetable or microbial fats or oils,"Machinery and mechanical appliances; having individual functions, n.e.c. in this chapter"
847940,Machinery,Machines; for making rope or cable,"Machinery and mechanical appliances; having individual functions, n.e.c. in this chapter"
847950,Machinery,"Machinery and mechanical appliances; industrial robots, n.e.c. or included","Machinery and mechanical appliances; having individual functions, n.e.c. in this chapter"
847960,Machinery,Machinery and mechanical appliances; evaporative air coolers,"Machinery and mechanical appliances; having individual functions, n.e.c. in this chapter"
847971,Machinery,"Machinery and mechanical appliances; passenger boarding bridges, of a kind used in airports","Machinery and mechanical appliances; having individual functions, n.e.c. in this chapter"
847979,Machinery,"Machinery and mechanical appliances; passenger boarding bridges, other than of a kind used in airports","Machinery and mechanical appliances; having individual functions, n.e.c. in this chapter"
847981,Machinery,"Machines and mechanical appliances; for treating metal, including electric wire coil-winders","Machinery and mechanical appliances; having individual functions, n.e.c. in this chapter"
847982,Machinery,"Machines; for mixing, kneading, crushing, grinding, screening, sifting, homogenising, emulsifying or stirring","Machinery and mechanical appliances; having individual functions, n.e.c. in this chapter"
847983,Machinery,Machines and mechanical appliances; cold isostatic presses,"Machinery and mechanical appliances; having individual functions, n.e.c. in this chapter"
848010,Machinery,Moulding boxes; for metal foundry,"Moulding boxes for metal foundry, moulding patterns, moulds for metals (excluding ingot moulds), metal carbides, glass, mineral materials, rubber or plastics"
848020,Machinery,"Mould bases; for metal, metal carbides, glass, mineral materials, rubber or plastics","Moulding boxes for metal foundry, moulding patterns, moulds for metals (excluding ingot moulds), metal carbides, glass, mineral materials, rubber or plastics"
848041,Machinery,"Moulds; for metal or metal carbides, injection or compression types","Moulding boxes for metal foundry, moulding patterns, moulds for metals (excluding ingot moulds), metal carbides, glass, mineral materials, rubber or plastics"
848049,Machinery,"Moulds; for metal or metal carbides, other than injection or compression types","Moulding boxes for metal foundry, moulding patterns, moulds for metals (excluding ingot moulds), metal carbides, glass, mineral materials, rubber or plastics"
848050,Machinery,Moulds; for glass,"Moulding boxes for metal foundry, moulding patterns, moulds for metals (excluding ingot moulds), metal carbides, glass, mineral materials, rubber or plastics"
848060,Machinery,Moulds; for mineral materials,"Moulding boxes for metal foundry, moulding patterns, moulds for metals (excluding ingot moulds), metal carbides, glass, mineral materials, rubber or plastics"
848071,Machinery,"Moulds; for rubber or plastics, injection or compression types","Moulding boxes for metal foundry, moulding patterns, moulds for metals (excluding ingot moulds), metal carbides, glass, mineral materials, rubber or plastics"
848079,Machinery,"Moulds; for rubber or plastics, other than injection or compression types","Moulding boxes for metal foundry, moulding patterns, moulds for metals (excluding ingot moulds), metal carbides, glass, mineral materials, rubber or plastics"
848220,Machinery,"Bearings; tapered roller bearings, including cone and tapered roller assemblies",Ball or roller bearings
848230,Machinery,Bearings; spherical roller bearings,Ball or roller bearings
848240,Machinery,"Bearings; needle roller bearings, including cage and needle roller assemblies",Ball or roller bearings
848320,Machinery,"Bearing housings, incorporating ball or roller bearings",Transmission shafts (including cam and crank) and cranks; bearing housings and plain shaft bearings; gears and gearing; ball or roller screws; gear boxes and other speed changers; flywheels and pulleys; clutches and shaft couplings
848510,Machinery,Machines for additive manufacturing; by metal deposit,Machines for additive manufacturing
848520,Machinery,Machines for additive manufacturing; by plastic or rubber deposit,Machines for additive manufacturing
848610,Machinery,Machines and apparatus of a kind used solely or principally for the manufacture of semiconductor boules or wafers,"Machines and apparatus of a kind used solely or principally for the manufacture of semiconductor boules or wafers, semiconductor devices, electronic integrated circuits or flat panel displays; machines & apparatus specified in note 11 (C) to this Chapter"
848620,Machinery,Machines and apparatus of a kind used solely or principally for the manufacture of semiconductor devices or of electronic integrated circuits,"Machines and apparatus of a kind used solely or principally for the manufacture of semiconductor boules or wafers, semiconductor devices, electronic integrated circuits or flat panel displays; machines & apparatus specified in note 11 (C) to this Chapter"
848630,Machinery,Machines and apparatus of a kind used solely or principally for the manufacture of flat panel displays,"Machines and apparatus of a kind used solely or principally for the manufacture of semiconductor boules or wafers, semiconductor devices, electronic integrated circuits or flat panel displays; machines & apparatus specified in note 11 (C) to this Chapter"
848640,Machinery,"Machines and apparatus of a kind used solely or principally for the manufacture or repair of masks and reticles, assembling semiconductor devices or electronic integrated circuits, or for lifting, handling, loading or unloading items of heading 8486","Machines and apparatus of a kind used solely or principally for the manufacture of semiconductor boules or wafers, semiconductor devices, electronic integrated circuits or flat panel displays; machines & apparatus specified in note 11 (C) to this Chapter"
848690,Machinery,Machines and apparatus of heading 8486; parts and accessories,"Machines and apparatus of a kind used solely or principally for the manufacture of semiconductor boules or wafers, semiconductor devices, electronic integrated circuits or flat panel displays; machines & apparatus specified in note 11 (C) to this Chapter"
850164,Electronics,"Electric generators; AC generators, (alternators), other than photovoltaic generators, of an output exceeding 750kVA",Electric motors and generators (excluding generating sets)
850171,Electronics,"Electric generators; photovoltaic DC generators, of an output not exceeding 50W",Electric motors and generators (excluding generating sets)
850172,Electronics,"Electric generators; photovoltaic DC generators, of an output exceeding 50W",Electric motors and generators (excluding generating sets)
850180,Electronics,"Electric generators; (excluding generating sets), photovoltaic AC generators (alternators)",Electric motors and generators (excluding generating sets)
850421,Electronics,"Electrical transformers; liquid dielectric, having a power handling capacity not exceeding 650kVA","Electric transformers, static converters (e.g. rectifiers) and inductors"
850423,Electronics,"Electrical transformers; liquid dielectric, having a power handling capacity exceeding 10,000kVA","Electric transformers, static converters (e.g. rectifiers) and inductors"
850434,Electronics,"Transformers; n.e.c. in item no. 8504.2, having a power handling capacity exceeding 500kVA","Electric transformers, static converters (e.g. rectifiers) and inductors"
850450,Electronics,Electrical inductors; n.e.c. in heading no. 8504,"Electric transformers, static converters (e.g. rectifiers) and inductors"
850630,Electronics,"Cells and batteries; primary, mercuric oxide",Cells and batteries; primary
850640,Electronics,"Cells and batteries; primary, silver oxide",Cells and batteries; primary
850660,Electronics,"Cells and batteries; primary, air-zinc",Cells and batteries; primary
850690,Electronics,"Cells and batteries; primary, parts thereof",Cells and batteries; primary
850811,Electronics,"Vacuum cleaners, with self-contained electric motor, of a power not exceeding 1,500 W and having a dust bag or other receptacle capacity not exceeding 20L",Vacuum cleaners
850819,Electronics,"Vacuum cleaners, with self-contained electric motor, n.e.c. in item no. 8508.1",Vacuum cleaners
850860,Electronics,"Vacuum cleaners, other than with a self-contained electric motor",Vacuum cleaners
850870,Electronics,Parts of vacuum cleaners,Vacuum cleaners
850940,Electronics,"Electro-mechanical domestic appliances; food grinders and mixers, fruit or vegetable juice extractors, with self-contained electric motor","Electro-mechanical domestic appliances; with self-contained electric motor, other than vacuum cleaners of heading 85.08."
850980,Electronics,"Electro-mechanical domestic appliances; with self-contained electric motor, other than vacuum cleaners of heading 85.08, n.e.c. in heading no. 8509","Electro-mechanical domestic appliances; with self-contained electric motor, other than vacuum cleaners of heading 85.08."
850990,Electronics,Electro-mechanical domestic appliances; parts for the appliances of heading no. 8509,"Electro-mechanical domestic appliances; with self-contained electric motor, other than vacuum cleaners of heading 85.08."
851010,Electronics,Shavers; with self-contained electric motor,"Shavers, hair clippers and hair removing appliances, with self-contained electric motor"
851020,Electronics,Hair clippers; with a self-contained electric motor,"Shavers, hair clippers and hair removing appliances, with self-contained electric motor"
851030,Electronics,Hair-removing appliances; with self-contained electric motor,"Shavers, hair clippers and hair removing appliances, with self-contained electric motor"
851090,Electronics,Shavers and hair clippers; parts of those with self-contained electric motor,"Shavers, hair clippers and hair removing appliances, with self-contained electric motor"
851210,Electronics,"Lighting or visual signalling equipment; electrical, of a kind used on bicycles, excluding articles of heading no. 8539","Lighting or visual signalling equipment (excluding articles of heading no. 8539), windscreen wipers, defrosters and demisters; electrical, of a kind used for cycles or motor vehicles"
851310,Electronics,"Lamps; portable, electric, designed to function by their own source of energy (excluding lighting equipment of heading no. 8512)","Lamps; portable, electric, designed to function by their own source of energy (e.g. dry batteries, accumulators, magnetos), excluding lighting equipment of heading no. 8512"
851390,Electronics,"Lamps; parts of portable, electric lamps of heading no. 8513, designed to function by their own source of energy","Lamps; portable, electric, designed to function by their own source of energy (e.g. dry batteries, accumulators, magnetos), excluding lighting equipment of heading no. 8512"
851411,Electronics,"Furnaces and ovens; electric, for industrial or laboratory use, resistance heated; hot isostatic presses",Industrial or laboratory electric furnaces and ovens (including those functioning by induction or dielectric loss); other industrial or laboratory equipment for the heat treatment of materials by induction or dielectric loss
851440,Electronics,"Heating equipment; for the heat treatment of materials by induction or dielectric loss, industrial or laboratory, other than furnaces and ovens",Industrial or laboratory electric furnaces and ovens (including those functioning by induction or dielectric loss); other industrial or laboratory equipment for the heat treatment of materials by induction or dielectric loss
851511,Electronics,"Brazing or soldering machines and apparatus; soldering irons and guns, whether or not capable of cutting","Electric (electrically heated gas) soldering, brazing, welding machines and apparatus, capable or not of cutting, electric machines and apparatus for hot spraying of metals or sintered carbides"
851521,Electronics,"Welding machines and apparatus; for resistance welding of metal, fully or partly automatic, whether or not capable of cutting","Electric (electrically heated gas) soldering, brazing, welding machines and apparatus, capable or not of cutting, electric machines and apparatus for hot spraying of metals or sintered carbides"
851529,Electronics,"Welding machines and apparatus; for resistance welding of metal, other than fully or partly automatic, whether or not capable of cutting","Electric (electrically heated gas) soldering, brazing, welding machines and apparatus, capable or not of cutting, electric machines and apparatus for hot spraying of metals or sintered carbides"
851531,Electronics,"Welding machines and apparatus; for arc (including plasma arc) welding of metals, fully or partly automatic, whether or not capable of cutting","Electric (electrically heated gas) soldering, brazing, welding machines and apparatus, capable or not of cutting, electric machines and apparatus for hot spraying of metals or sintered carbides"
851621,Electronics,Heating apparatus; electric storage heating radiators,"Electric water, space, soil heaters; electro-thermic hair-dressing apparatus; hand dryers, irons; electro-thermic appliances for domestic purposes; electro heating resistors, not of heading no. 8545"
851631,Electronics,Hair-dressing apparatus; electro-thermic hair dryers,"Electric water, space, soil heaters; electro-thermic hair-dressing apparatus; hand dryers, irons; electro-thermic appliances for domestic purposes; electro heating resistors, not of heading no. 8545"
851632,Electronics,"Hair-dressing apparatus; electro-thermic, other than hair dryers","Electric water, space, soil heaters; electro-thermic hair-dressing apparatus; hand dryers, irons; electro-thermic appliances for domestic purposes; electro heating resistors, not of heading no. 8545"
851633,Electronics,Hand-drying apparatus; electro-thermic,"Electric water, space, soil heaters; electro-thermic hair-dressing apparatus; hand dryers, irons; electro-thermic appliances for domestic purposes; electro heating resistors, not of heading no. 8545"
851640,Electronics,Smoothing irons; electric,"Electric water, space, soil heaters; electro-thermic hair-dressing apparatus; hand dryers, irons; electro-thermic appliances for domestic purposes; electro heating resistors, not of heading no. 8545"
851650,Electronics,"Ovens; microwave, of a kind used for domestic purposes","Electric water, space, soil heaters; electro-thermic hair-dressing apparatus; hand dryers, irons; electro-thermic appliances for domestic purposes; electro heating resistors, not of heading no. 8545"
851671,Electronics,"Electro-thermic appliances; coffee or tea makers, of a kind used for domestic purposes","Electric water, space, soil heaters; electro-thermic hair-dressing apparatus; hand dryers, irons; electro-thermic appliances for domestic purposes; electro heating resistors, not of heading no. 8545"
851672,Electronics,"Electro-thermic appliances; toasters, of a kind used for domestic purposes","Electric water, space, soil heaters; electro-thermic hair-dressing apparatus; hand dryers, irons; electro-thermic appliances for domestic purposes; electro heating resistors, not of heading no. 8545"
851711,Electronics,Line telephone sets with cordless handsets,"Telephone sets, including smartphones and other telephones for cellular/wireless networks; other apparatus for the transmission or reception of voice, images or other data (including wired/wireless networks), excluding items of 8443, 8525, 8527, or 8528"
851713,Electronics,Telephone sets; smartphones for cellular or other wireless networks,"Telephone sets, including smartphones and other telephones for cellular/wireless networks; other apparatus for the transmission or reception of voice, images or other data (including wired/wireless networks), excluding items of 8443, 8525, 8527, or 8528"
851714,Electronics,"Telephone sets; other than smartphones, for cellular or other wireless networks","Telephone sets, including smartphones and other telephones for cellular/wireless networks; other apparatus for the transmission or reception of voice, images or other data (including wired/wireless networks), excluding items of 8443, 8525, 8527, or 8528"
851718,Electronics,Telephone sets n.e.c. in item no. 8517.1,"Telephone sets, including smartphones and other telephones for cellular/wireless networks; other apparatus for the transmission or reception of voice, images or other data (including wired/wireless networks), excluding items of 8443, 8525, 8527, or 8528"
851761,Electronics,Base stations,"Telephone sets, including smartphones and other telephones for cellular/wireless networks; other apparatus for the transmission or reception of voice, images or other data (including wired/wireless networks), excluding items of 8443, 8525, 8527, or 8528"
851762,Electronics,"Communication apparatus (excluding telephone sets or base stations); machines for the reception, conversion and transmission or regeneration of voice, images or other data, including switching and routing apparatus","Telephone sets, including smartphones and other telephones for cellular/wireless networks; other apparatus for the transmission or reception of voice, images or other data (including wired/wireless networks), excluding items of 8443, 8525, 8527, or 8528"
851771,Electronics,"Communication apparatus; parts, aerials and aerial reflectors of all kinds, part suitable for use therewith","Telephone sets, including smartphones and other telephones for cellular/wireless networks; other apparatus for the transmission or reception of voice, images or other data (including wired/wireless networks), excluding items of 8443, 8525, 8527, or 8528"
851779,Electronics,"Communication apparatus; parts, other than aerials and aerial reflectors of all kinds","Telephone sets, including smartphones and other telephones for cellular/wireless networks; other apparatus for the transmission or reception of voice, images or other data (including wired/wireless networks), excluding items of 8443, 8525, 8527, or 8528"
851821,Electronics,"Loudspeakers; single, mounted in their enclosures","Microphones and their stands; loudspeakers, mounted or not in their enclosures; headphones and earphones, combined or not with a microphone, and sets of a microphone and one or more loudspeakers; audio-frequency and electric sound amplifiers and sets"
851890,Electronics,"Microphones, headphones, earphones, amplifier equipment; parts of the equipment of heading no. 8518","Microphones and their stands; loudspeakers, mounted or not in their enclosures; headphones and earphones, combined or not with a microphone, and sets of a microphone and one or more loudspeakers; audio-frequency and electric sound amplifiers and sets"
851930,Electronics,Sound recording or reproducing apparatus; turntables (record-decks),Sound recording or reproducing apparatus
851989,Electronics,Sound recording or reproducing apparatus; n.e.c. in heading no 8519,Sound recording or reproducing apparatus
852110,Electronics,Video recording or reproducing apparatus; magnetic tape-type,Video recording or reproducing apparatus
852190,Electronics,Video recording or reproducing apparatus; other than magnetic tape-type,Video recording or reproducing apparatus
852210,Electronics,"Sound recording or reproducing apparatus; parts and accessories thereof, pick-up cartridges",Sound or video recording apparatus; parts and accessories suitable for use solely or principally with the apparatus of heading 8519 or 8521
852321,Electronics,"Magnetic media; cards incorporating a magnetic stripe, whether or not recorded, excluding products of Chapter 37","Discs, tapes, solid-state non-volatile storage devices, smart cards and other media for the recording of sound or of other phenomena, whether or not recorded, including matrices and masters for the production of discs, excluding products of Chapter 37"
852352,Electronics,"Semiconductor media; smart cards, whether or not recorded, excluding products of Chapter 37","Discs, tapes, solid-state non-volatile storage devices, smart cards and other media for the recording of sound or of other phenomena, whether or not recorded, including matrices and masters for the production of discs, excluding products of Chapter 37"
852411,Electronics,"Flat panel display modules, whether or not incorporating touch-sensitive screens; of liquid crystals, without drivers or control circuits","Flat panel display modules, whether or not incorporating touch-sensitive screens"
852412,Electronics,"Flat panel display modules, whether or not incorporating touch-sensitive screens; of organic light-emitting diodes (OLED), without drivers or control circuits","Flat panel display modules, whether or not incorporating touch-sensitive screens"
852419,Electronics,"Flat panel display modules, whether or not incorporating touch-sensitive screens; of other than liquid crystals or organic light-emitting diodes (OLED), without drivers or control circuits","Flat panel display modules, whether or not incorporating touch-sensitive screens"
852491,Electronics,"Flat panel display modules, whether or not incorporating touch-sensitive screens; of liquid crystals, with drivers or control circuits","Flat panel display modules, whether or not incorporating touch-sensitive screens"
852492,Electronics,"Flat panel display modules, whether or not incorporating touch-sensitive screens; of organic light-emitting diodes (OLED), with drivers or control circuits","Flat panel display modules, whether or not incorporating touch-sensitive screens"
852499,Electronics,"Flat panel display modules, whether or not incorporating touch-sensitive screens; of other than liquid crystals or organic light-emitting diodes (OLED), with drivers or control circuits","Flat panel display modules, whether or not incorporating touch-sensitive screens"
852550,Electronics,"Transmission apparatus for radio-broadcasting or television, whether or not incorporating sound recording or reproducing apparatus, not incorporating reception apparatus","Transmission apparatus for radio-broadcasting or television, whether or not incorporating reception apparatus or sound recording or reproducing apparatus; television cameras, digital cameras and video camera recorders"
852560,Electronics,"Transmission apparatus for radio-broadcasting or television, whether or not incorporating sound recording or reproducing apparatus, incorporating reception apparatus","Transmission apparatus for radio-broadcasting or television, whether or not incorporating reception apparatus or sound recording or reproducing apparatus; television cameras, digital cameras and video camera recorders"
852581,Electronics,"Television cameras, digital cameras and video camera recorders; high-speed goods as specified in subheading note 1 to this chapter","Transmission apparatus for radio-broadcasting or television, whether or not incorporating reception apparatus or sound recording or reproducing apparatus; television cameras, digital cameras and video camera recorders"
852582,Electronics,"Television cameras, digital cameras and video camera recorders; radiation-hardened or radiation-tolerant goods as specified in subheading note 2 to this chapter","Transmission apparatus for radio-broadcasting or television, whether or not incorporating reception apparatus or sound recording or reproducing apparatus; television cameras, digital cameras and video camera recorders"
852583,Electronics,"Television cameras, digital cameras and video camera recorders; night vision goods as specified in subheading note 3 to this chapter","Transmission apparatus for radio-broadcasting or television, whether or not incorporating reception apparatus or sound recording or reproducing apparatus; television cameras, digital cameras and video camera recorders"
852589,Electronics,Television cameras; n.e.c. in item no 8525.8,"Transmission apparatus for radio-broadcasting or television, whether or not incorporating reception apparatus or sound recording or reproducing apparatus; television cameras, digital cameras and video camera recorders"
852712,Electronics,Radio broadcast receivers capable of operating without an external power source; pocket-size radio cassette-players,"Reception apparatus for radio-broadcasting, whether or not combined, in the same housing, with sound recording or reproducing apparatus or a clock."
852713,Electronics,"Radio broadcast receivers capable of operating without an external power source; apparatus (other than pocket-size radio cassette-players), combined with sound recording or reproducing apparatus","Reception apparatus for radio-broadcasting, whether or not combined, in the same housing, with sound recording or reproducing apparatus or a clock."
852719,Electronics,Radio broadcast receivers capable of operating without an external power source; n.e.c. in item no. 8527.1,"Reception apparatus for radio-broadcasting, whether or not combined, in the same housing, with sound recording or reproducing apparatus or a clock."
852729,Electronics,"Radio-broadcast receivers not capable of operating without an external source of power, of a kind used in motor vehicles; not combined with sound recording or reproducing apparatus","Reception apparatus for radio-broadcasting, whether or not combined, in the same housing, with sound recording or reproducing apparatus or a clock."
852791,Electronics,Radio-broadcast receivers n.e.c. in heading no. 8527; combined with sound recording or reproducing apparatus,"Reception apparatus for radio-broadcasting, whether or not combined, in the same housing, with sound recording or reproducing apparatus or a clock."
852792,Electronics,Radio-broadcast receivers n.e.c. in heading no. 8527; not combined with sound recording or reproducing apparatus but combined with a clock,"Reception apparatus for radio-broadcasting, whether or not combined, in the same housing, with sound recording or reproducing apparatus or a clock."
852799,Electronics,Radio-broadcast receivers n.e.c. in heading no. 8527; not combined with sound recording or reproducing apparatus and not combined with a clock,"Reception apparatus for radio-broadcasting, whether or not combined, in the same housing, with sound recording or reproducing apparatus or a clock."
852842,Electronics,"Monitors; cathode-ray tube, capable of directly connecting to and designed for use with an automatic data processing machine of heading 84.71","Monitors and projectors, not incorporating television reception apparatus; reception apparatus for television, whether or not incorporating radio-broadcast receivers or sound or video recording or reproducing apparatus"
852849,Electronics,"Monitors; cathode-ray tube, n.e.c. in subheading 8528.42, whether or not colour","Monitors and projectors, not incorporating television reception apparatus; reception apparatus for television, whether or not incorporating radio-broadcast receivers or sound or video recording or reproducing apparatus"
852862,Electronics,Projectors; capable of directly connecting to and designed for use with an automatic data processing machine of heading 84.71,"Monitors and projectors, not incorporating television reception apparatus; reception apparatus for television, whether or not incorporating radio-broadcast receivers or sound or video recording or reproducing apparatus"
852871,Electronics,"Reception apparatus for television, whether or not incorporating radio-broadcast receivers or sound or video recording or reproducing apparatus; not designed to incorporate a video display or screen","Monitors and projectors, not incorporating television reception apparatus; reception apparatus for television, whether or not incorporating radio-broadcast receivers or sound or video recording or reproducing apparatus"
852873,Electronics,"Reception apparatus for television, whether or not incorporating radio-broadcast receivers or sound or video recording or reproducing apparatus; incorporating a monochrome video display or screen","Monitors and projectors, not incorporating television reception apparatus; reception apparatus for television, whether or not incorporating radio-broadcast receivers or sound or video recording or reproducing apparatus"
853010,Electronics,"Signalling, safety or traffic control equipment; for railways or tramways (excluding those of heading no. 8608)","Signalling, safety or traffic control equipment; for railways, tramways, roads, inland waterways, parking facilities, port installations, airfields, excluding those of heading no. 8608"
853080,Electronics,"Signalling, safety or traffic control equipment; for roads, inland waterways, parking facilities, port installations or airfields (excluding those of heading no. 8608)","Signalling, safety or traffic control equipment; for railways, tramways, roads, inland waterways, parking facilities, port installations, airfields, excluding those of heading no. 8608"
853090,Electronics,"Signalling apparatus; parts of safety, traffic control equipment for railways, tramways, roads, inland waterways, airfields, parking facilities, port instalments (excluding those of heading no. 8608)","Signalling, safety or traffic control equipment; for railways, tramways, roads, inland waterways, parking facilities, port installations, airfields, excluding those of heading no. 8608"
853190,Electronics,"Signalling apparatus; parts of the electric, sound or visual apparatus of heading no. 8531","Signalling apparatus; electric sound or visual (e.g. bells, sirens, indicator panels, burglar or fire alarms), excluding those of heading no. 8512 or 8530"
853210,Electronics,"Electrical capacitors; fixed, designed for use in 50/60 Hz circuits and having a reactive power handling capacity of not less than 0.5 kvar (power capacitors)","Electrical capacitors; fixed, variable or adjustable (pre-set)"
853221,Electronics,"Electrical capacitors; fixed, tantalum","Electrical capacitors; fixed, variable or adjustable (pre-set)"
853222,Electronics,"Electrical capacitors; fixed, aluminium electrolytic","Electrical capacitors; fixed, variable or adjustable (pre-set)"
853223,Electronics,"Electrical capacitors; fixed, ceramic dielectric, single layer","Electrical capacitors; fixed, variable or adjustable (pre-set)"
853224,Electronics,"Electrical capacitors; fixed, ceramic dielectric, multilayer","Electrical capacitors; fixed, variable or adjustable (pre-set)"
853225,Electronics,"Electrical capacitors; fixed, dielectric of paper or plastics","Electrical capacitors; fixed, variable or adjustable (pre-set)"
853229,Electronics,"Electrical capacitors; fixed, n.e.c. in heading no. 8532","Electrical capacitors; fixed, variable or adjustable (pre-set)"
853230,Electronics,Electrical capacitors; variable or adjustable (pre-set) capacitors,"Electrical capacitors; fixed, variable or adjustable (pre-set)"
853290,Electronics,Electrical capacitors; parts of the capacitors of heading no. 8532,"Electrical capacitors; fixed, variable or adjustable (pre-set)"
853310,Electronics,"Electrical resistors; fixed carbon resistors, composition or film types (including rheostats and potentiometers but excluding heating resistors)","Electrical resistors (including rheostats and potentiometers), excluding heating resistors"
853321,Electronics,"Electrical resistors; fixed, for a power handling capacity not exceeding 20W (including rheostats and potentiometers but excluding heating resistors and carbon resistors)","Electrical resistors (including rheostats and potentiometers), excluding heating resistors"
853329,Electronics,"Electrical resistors; fixed, for a power handling capacity exceeding 20W (including rheostats and potentiometers but excluding heating resistors and carbon resistors)","Electrical resistors (including rheostats and potentiometers), excluding heating resistors"
853331,Electronics,"Electrical resistors; wirewound variable, including rheostats and potentiometers, for a power handling capacity not exceeding 20W (excluding heating)","Electrical resistors (including rheostats and potentiometers), excluding heating resistors"
853339,Electronics,"Electrical resistors; wirewound variable, including rheostats and potentiometers, for a power handling capacity exceeding 20W (excluding heating)","Electrical resistors (including rheostats and potentiometers), excluding heating resistors"
853390,Electronics,Resistors; parts of the resistors of heading no. 8533,"Electrical resistors (including rheostats and potentiometers), excluding heating resistors"
853810,Electronics,"Electrical apparatus; parts (e.g. boards, panels, consoles, desks, cabinets, other bases), for goods of heading no. 8537, not equipped with their apparatus","Electrical apparatus; parts suitable for use solely or principally with the apparatus of heading no. 8535, 8536 and 8537"
853941,Electronics,Lamps; arc-lamps,"Lamps; electric filament or discharge lamps, including sealed beam lamp units and ultra-violet or infra-red lamps, arc lamps, light-emitting diode (LED) light sources"
853949,Electronics,"Lamps; ultra-violet or infra-red lamps, (excluding arc-lamps)","Lamps; electric filament or discharge lamps, including sealed beam lamp units and ultra-violet or infra-red lamps, arc lamps, light-emitting diode (LED) light sources"
853951,Electronics,"Lamps; light-emitting diode (LED) light sources, light-emitting diode (LED) modules","Lamps; electric filament or discharge lamps, including sealed beam lamp units and ultra-violet or infra-red lamps, arc lamps, light-emitting diode (LED) light sources"
853952,Electronics,"Lamps; light-emitting diode (LED) light sources, light-emitting diode (LED) lamps","Lamps; electric filament or discharge lamps, including sealed beam lamp units and ultra-violet or infra-red lamps, arc lamps, light-emitting diode (LED) light sources"
854110,Electronics,"Electrical apparatus; diodes, other than photosensitive or light-emitting diodes (LED)","Semiconductor devices (e.g. diodes, transistors, semiconductor based transducers); including photovoltaic cells assembled or not in modules or panels, light-emitting diodes (LED) assembled with other LEDs or not, mounted piezo-electric crystals"
854121,Electronics,"Electrical apparatus; transistors, (other than photosensitive), with a dissipation rate of less than 1W","Semiconductor devices (e.g. diodes, transistors, semiconductor based transducers); including photovoltaic cells assembled or not in modules or panels, light-emitting diodes (LED) assembled with other LEDs or not, mounted piezo-electric crystals"
854129,Electronics,"Electrical apparatus; transistors, (other than photosensitive), with a dissipation rate of 1W or more","Semiconductor devices (e.g. diodes, transistors, semiconductor based transducers); including photovoltaic cells assembled or not in modules or panels, light-emitting diodes (LED) assembled with other LEDs or not, mounted piezo-electric crystals"
854130,Electronics,"Electrical apparatus; thyristors, diacs and triacs, other than photosensitive devices","Semiconductor devices (e.g. diodes, transistors, semiconductor based transducers); including photovoltaic cells assembled or not in modules or panels, light-emitting diodes (LED) assembled with other LEDs or not, mounted piezo-electric crystals"
854141,Electronics,"Electrical apparatus; photosensitive semiconductor devices, light emitting diodes (LED)","Semiconductor devices (e.g. diodes, transistors, semiconductor based transducers); including photovoltaic cells assembled or not in modules or panels, light-emitting diodes (LED) assembled with other LEDs or not, mounted piezo-electric crystals"
854142,Electronics,"Electrical apparatus; photosensitive semiconductor devices, photovoltaic cells not assembled in modules or made up into panels","Semiconductor devices (e.g. diodes, transistors, semiconductor based transducers); including photovoltaic cells assembled or not in modules or panels, light-emitting diodes (LED) assembled with other LEDs or not, mounted piezo-electric crystals"
854143,Electronics,"Electrical apparatus; photosensitive semiconductor devices, photovoltaic cells assembled in modules or made up into panels","Semiconductor devices (e.g. diodes, transistors, semiconductor based transducers); including photovoltaic cells assembled or not in modules or panels, light-emitting diodes (LED) assembled with other LEDs or not, mounted piezo-electric crystals"
854149,Electronics,"Electrical apparatus; photosensitive semiconductor devices, diodes other than light emitting diodes and photovoltaic cells whether or not assembled in modules or made up into panels","Semiconductor devices (e.g. diodes, transistors, semiconductor based transducers); including photovoltaic cells assembled or not in modules or panels, light-emitting diodes (LED) assembled with other LEDs or not, mounted piezo-electric crystals"
854151,Electronics,"Electrical apparatus; photosensitive semiconductor devices, semiconductor-based transducers","Semiconductor devices (e.g. diodes, transistors, semiconductor based transducers); including photovoltaic cells assembled or not in modules or panels, light-emitting diodes (LED) assembled with other LEDs or not, mounted piezo-electric crystals"
854159,Electronics,Electrical apparatus; photosensitive semiconductor devices n.e.c. in heading no. 8541,"Semiconductor devices (e.g. diodes, transistors, semiconductor based transducers); including photovoltaic cells assembled or not in modules or panels, light-emitting diodes (LED) assembled with other LEDs or not, mounted piezo-electric crystals"
854160,Electronics,Crystals; mounted piezo-electric,"Semiconductor devices (e.g. diodes, transistors, semiconductor based transducers); including photovoltaic cells assembled or not in modules or panels, light-emitting diodes (LED) assembled with other LEDs or not, mounted piezo-electric crystals"
854190,Electronics,"Electrical apparatus; parts for diodes, transistors and similar semiconductor devices and photosensitive semiconductor devices","Semiconductor devices (e.g. diodes, transistors, semiconductor based transducers); including photovoltaic cells assembled or not in modules or panels, light-emitting diodes (LED) assembled with other LEDs or not, mounted piezo-electric crystals"
854290,Electronics,Parts of electronic integrated circuits,Electronic integrated circuits
854310,Electronics,Electrical machines and apparatus; particle accelerators,"Electrical machines and apparatus; having individual functions, not specified or included elsewhere in this chapter"
854320,Electronics,Electrical machines and apparatus; signal generators,"Electrical machines and apparatus; having individual functions, not specified or included elsewhere in this chapter"
854340,Electronics,Electrical machines and apparatus; electronic cigarettes and similar personal electric vaporising devices,"Electrical machines and apparatus; having individual functions, not specified or included elsewhere in this chapter"
854419,Electronics,"Insulated electric conductors; winding wire, (of other than copper)","Insulated wire, cable and other electric conductors, connector fitted or not; optical fibre cables of individually sheathed fibres, whether or not assembled with electric conductors or fitted with connectors"
854519,Electronics,"Carbon electrodes; with or without metal, of a kind used for other than furnaces","Carbon electrodes, carbon brushes, lamp carbons, battery carbons and other articles of graphite or other carbon; with or without metal, of a kind used for electrical purposes"
854520,Electronics,"Carbon brushes; with or without metal, used for electrical purposes","Carbon electrodes, carbon brushes, lamp carbons, battery carbons and other articles of graphite or other carbon; with or without metal, of a kind used for electrical purposes"
854610,Electronics,Electrical insulators; of glass,Electrical insulators of any material
854620,Electronics,Electrical insulators; of ceramics,Electrical insulators of any material
854710,Electronics,"Insulating fittings; of ceramics, for electrical machines, of insulating material only (except minor assembly parts), excluding those of heading no. 8546","Insulating fittings; for electrical machines, appliances, equipment, excluding insulators of heading no. 8546, electrical conduit tubing and joints therefore"
854720,Electronics,"Insulating fittings; of plastics, for electrical machines, of insulating material only (except minor assembly parts), excluding those of heading no. 8546","Insulating fittings; for electrical machines, appliances, equipment, excluding insulators of heading no. 8546, electrical conduit tubing and joints therefore"
854921,Electronics,"Electrical and electronic waste and scrap; of a kind used principally for the recovery of precious metal, containing primary cells and batteries, electric accumulators, mercury-switches, glass from cathode ray tubes or other activated glass, or electrical",Electrical and electronic waste and scrap
854929,Electronics,Waste and scrap; of a kind used principally for the recovery of precious metal n.e.c. in item no 8549.21,Electrical and electronic waste and scrap
854931,Electronics,"Electrical and electronic waste and scrap; electrical and electronic assemblies and printed circuit boards, other than those used principally for the recovery of precious metal, containing primary cells and batteries, electric accumulators, mercury-switch",Electrical and electronic waste and scrap
854939,Electronics,"Waste and scrap; electrical and electronic assemblies and printed circuit boards, other than those used principally for the recovery of precious metal n.e.c. in item no 8549.31",Electrical and electronic waste and scrap
854991,Electronics,Waste and scrap; n.e.c. in heading no 8549,Electrical and electronic waste and scrap
854999,Electronics,Waste and scrap; n.e.c. in item no 8549.91,Electrical and electronic waste and scrap
860110,Transport,Rail locomotives; powered from an external source of electricity,Rail locomotives; powered from an external source of electricity or by electric accumulators
860120,Transport,Rail locomotives; powered by electric accumulators,Rail locomotives; powered from an external source of electricity or by electric accumulators
860210,Transport,Rail locomotives; diesel-electric powered,"Rail locomotives; (other than those of heading no. 8601), locomotive tenders"
860290,Transport,Rail locomotives and locomotive tenders; other than diesel-electric powered,"Rail locomotives; (other than those of heading no. 8601), locomotive tenders"
860310,Transport,"Railway or tramway coaches, vans and trucks; self-propelled, powered from an external source of electricity (excluding those of heading no. 8604)","Railway or tramway coaches, vans and trucks; self-propelled tenders, other than those of heading no. 8604"
860390,Transport,"Railway or tramway coaches, vans and trucks; self-propelled, powered other than from an external source of electricity (excluding those of heading no. 8604)","Railway or tramway coaches, vans and trucks; self-propelled tenders, other than those of heading no. 8604"
860400,Transport,"Railway or tramway maintenance or service vehicles; whether or not self-propelled (e.g. workshops, cranes, ballast tampers, trackliners, testing coaches and track inspection vehicles)","Railway or tramway maintenance or service vehicles; whether or not self-propelled (e.g. workshops, cranes, ballast tampers, trackliners, testing coaches and track inspection vehicles)"
860500,Transport,"Railway or tramway coaches; passenger coaches, luggage vans, post office coaches and other special purpose railway or tramway coaches, not self-propelled (excluding those of heading no. 8604)","Railway or tramway coaches; passenger coaches, luggage vans, post office coaches and other special purpose railway or tramway coaches, not self-propelled (excluding those of heading no. 8604)"
860610,Transport,"Railway or tramway goods vans and wagons; tank wagons and the like, not self-propelled",Railway or tramway goods vans and wagons; not self-propelled
860630,Transport,"Railway or tramway goods vans and wagons; self-discharging, not self-propelled, excluding those of item no. 8606.10",Railway or tramway goods vans and wagons; not self-propelled
860692,Transport,"Railway or tramway goods vans and wagons; open, with non-removable sides of a height exceeding 60cm, not self-propelled",Railway or tramway goods vans and wagons; not self-propelled
860699,Transport,"Railway or tramway goods vans and wagons; n.e.c. in heading no. 8606, not self-propelled",Railway or tramway goods vans and wagons; not self-propelled
860711,Transport,"Railway or tramway locomotives or rolling stock; parts, driving bogies and bissel-bogies",Railway or tramway locomotives or rolling stock; parts thereof
860712,Transport,"Railway or tramway locomotives or rolling stock; parts, bogies and bissel-bogies (excluding driving bogies and bissel-bogies)",Railway or tramway locomotives or rolling stock; parts thereof
860729,Transport,"Railway or tramway locomotives or rolling stock; parts, brakes (other than air brakes) and parts thereof",Railway or tramway locomotives or rolling stock; parts thereof
860730,Transport,"Railway or tramway locomotives or rolling stock; parts, hooks and other coupling devices, buffers and parts thereof",Railway or tramway locomotives or rolling stock; parts thereof
860800,Transport,"Railway or tramway track fixtures and fittings; mechanical (including electro-mechanical) signalling, safety or traffic control equipment for railways, tramways, roads, inland waterways, parking facilities, port installations or airfields; parts thereof","Railway or tramway track fixtures and fittings; mechanical (including electro-mechanical) signalling, safety or traffic control equipment for railways, tramways, roads, inland waterways, parking facilities, port installations or airfields; parts thereof"
870110,Automotive,Tractors; single axle,Tractors; (other than tractors of heading no 8709)
870129,Automotive,"Tractors; road tractors for semi-trailers, with other propulsion methods n.e.c. in item no 8701.2",Tractors; (other than tractors of heading no 8709)
870130,Automotive,Tractors; track-laying,Tractors; (other than tractors of heading no 8709)
870240,Automotive,"Vehicles; public transport type (carries 10 or more persons, including driver), with only electric motor for propulsion, new or used",Vehicles; public transport passenger type
870350,Automotive,"Vehicles; with both compression-ignition internal combustion piston engine (diesel or semi-diesel) and electric motor for propulsion, incapable of being charged by plugging to external source of electric power","Motor cars and other motor vehicles; principally designed for the transport of persons (other than those of heading no. 8702), including station wagons and racing cars"
870370,Automotive,"Vehicles; with both compression-ignition internal combustion piston engine (diesel or semi-diesel) and electric motor for propulsion, capable of being charged by plugging to external source of electric power","Motor cars and other motor vehicles; principally designed for the transport of persons (other than those of heading no. 8702), including station wagons and racing cars"
870390,Automotive,Vehicles; for transport of persons (other than those of heading no. 8702) n.e.c. in heading no. 8703,"Motor cars and other motor vehicles; principally designed for the transport of persons (other than those of heading no. 8702), including station wagons and racing cars"
870460,Automotive,Vehicles; with only electric motor for propulsion,Vehicles; for the transport of goods
870490,Automotive,"Vehicles; for transport of goods, n.e.c. in heading no. 8704",Vehicles; for the transport of goods
870520,Automotive,Vehicles; mobile drilling derricks,"Special purpose motor vehicles; not those for the transport of persons or goods (e.g. breakdown lorries, road sweeper lorries, spraying lorries, mobile workshops, mobile radiological units etc)"
870530,Automotive,Vehicles; fire fighting vehicles,"Special purpose motor vehicles; not those for the transport of persons or goods (e.g. breakdown lorries, road sweeper lorries, spraying lorries, mobile workshops, mobile radiological units etc)"
870540,Automotive,Vehicles; concrete-mixer lorries,"Special purpose motor vehicles; not those for the transport of persons or goods (e.g. breakdown lorries, road sweeper lorries, spraying lorries, mobile workshops, mobile radiological units etc)"
870990,Automotive,Vehicles; parts of the vehicles of heading no. 8709,"Works trucks, self-propelled, (not fitted with lifting or handling equipment), for factories, warehouses etc, for short distance transport of goods, tractors used on railway station platforms; parts thereof"
871000,Automotive,"Tanks and other armoured fighting vehicles; motorised, whether or not fitted with weapons, and parts of such vehicles","Tanks and other armoured fighting vehicles; motorised, whether or not fitted with weapons, and parts of such vehicles"
871110,Automotive,"Motorcycles (including mopeds) and cycles; fitted with an auxiliary motor, with internal combustion piston engine of a cylinder capacity not exceeding 50cc, with or without side-cars; side-cars","Motorcycles (including mopeds) and cycles; fitted with an auxiliary motor, with or without side-cars; side-cars"
871140,Automotive,"Motorcycles (including mopeds) and cycles; fitted with auxiliary motor, internal combustion piston engine of cylinder capacity exceeding 500cc but not exceeding 800cc, with or without sidecars; side-cars","Motorcycles (including mopeds) and cycles; fitted with an auxiliary motor, with or without side-cars; side-cars"
871150,Automotive,"Motorcycles (including mopeds) and cycles; fitted with auxiliary motor, with internal combustion piston engine of a cylinder capacity exceeding 800cc, with or without side-cars; side-cars","Motorcycles (including mopeds) and cycles; fitted with an auxiliary motor, with or without side-cars; side-cars"
871190,Automotive,"Motorcycles (including mopeds) and cycles; n.e.c. in heading no. 8711, fitted with auxiliary motor, with or without side-cars; side-cars","Motorcycles (including mopeds) and cycles; fitted with an auxiliary motor, with or without side-cars; side-cars"
871310,Automotive,Carriages for disabled persons; not mechanically propelled,Carriages for disabled persons; whether or not motorised or otherwise mechanically propelled
871390,Automotive,Carriages for disabled persons; mechanically propelled,Carriages for disabled persons; whether or not motorised or otherwise mechanically propelled
871420,Automotive,Carriages for disabled persons; parts and accessories thereof,Vehicles; parts and accessories of heading no. 8711 to 8713
871495,Automotive,"Cycles; parts thereof, saddles",Vehicles; parts and accessories of heading no. 8711 to 8713
871620,Automotive,"Trailers and semi-trailers; self-loading or self-unloading, for agricultural purposes","Trailers and semi-trailers; other vehicles, not mechanically propelled; parts thereof"
871631,Automotive,Tanker trailers and tanker semi-trailers,"Trailers and semi-trailers; other vehicles, not mechanically propelled; parts thereof"
871640,Automotive,Trailers and semi-trailers; n.e.c. in item no. 8716.3,"Trailers and semi-trailers; other vehicles, not mechanically propelled; parts thereof"
871680,Automotive,Vehicles; n.e.c. in heading no. 8716,"Trailers and semi-trailers; other vehicles, not mechanically propelled; parts thereof"
880400,Transport,Parachutes (including dirigible parachutes and paragliders) and rotochutes; parts thereof and accessories thereto,Parachutes (including dirigible parachutes and paragliders) and rotochutes; parts thereof and accessories thereto
880521,Transport,Ground flying trainers and parts thereof; air combat simulators and parts thereof,"Aircraft launching gear, deck-arrestor or similar gear, ground flying trainers; parts of the foregoing articles"
880529,Transport,Ground flying trainers and parts thereof; other than air combat simulators and parts thereof,"Aircraft launching gear, deck-arrestor or similar gear, ground flying trainers; parts of the foregoing articles"
890311,Transport,"Yachts and other vessels; for pleasure or sports, inflatable (including rigid hull inflatable), fitted or designed to be fitted with a motor, unladen (net) weight (excluding the motor) not exceeding 100kg","Yachts and other vessels; for pleasure or sports, rowing boats and canoes"
890312,Transport,"Yachts and other vessels; for pleasure or sports, inflatable (including rigid hull inflatable), not designed to be used with a motor and unladen (net) weight not exceeding 100kg","Yachts and other vessels; for pleasure or sports, rowing boats and canoes"
890319,Transport,"Yachts and other vessels; for pleasure or sports, inflatable (including rigid hull inflatable), unladen (net) weight exceeding 100kg","Yachts and other vessels; for pleasure or sports, rowing boats and canoes"
890321,Transport,"Sailboats; (other than inflatable) with or without auxiliary motor, for pleasure or sports, of a length not exceeding 7.5m","Yachts and other vessels; for pleasure or sports, rowing boats and canoes"
890331,Transport,"Motorboats; (other than outboard motorboats), for pleasure or sports, other than inflatable, of a length not exceeding 7.5m","Yachts and other vessels; for pleasure or sports, rowing boats and canoes"
890520,Transport,Floating or submersible drilling or production platforms,"Light-vessels, fire-floats, dredgers, floating cranes, other vessels; the navigability of which is subsidiary to main function; floating docks, floating, submersible drilling, production platforms"
890610,Transport,Vessels; warships,"Vessels; other, including warships and lifeboats, other than rowing boats"
890710,Transport,Rafts; inflatable,"Boats, floating structures, other (for e.g. rafts, tanks, coffer-dams, landing stages, buoys and beacons)"
890790,Transport,"Floating structures; tanks, coffer-dams, landing stages, buoys and beacons","Boats, floating structures, other (for e.g. rafts, tanks, coffer-dams, landing stages, buoys and beacons)"
890800,Transport,Vessels and other floating structures; for breaking up,Vessels and other floating structures; for breaking up
900120,Instruments,"Optical elements; polarising material, sheets and plates thereof","Optical fibres and optical fibre bundles; optical fibre cables not of heading no. 8544; sheets, plates of polarising material; lenses, prisms, mirrors, of any material; unmounted; not non optical glass"
900130,Instruments,"Lenses, contact; unmounted, of any material, excluding elements of glass not optically worked","Optical fibres and optical fibre bundles; optical fibre cables not of heading no. 8544; sheets, plates of polarising material; lenses, prisms, mirrors, of any material; unmounted; not non optical glass"
900219,Instruments,"Lenses; objective, (other than for cameras, projectors or photographic enlargers or reducers), mounted, of any material (excluding elements of glass not optically worked)","Lenses, prisms, mirrors and other optical elements, of any material, mounted, being parts or fittings for instruments or apparatus, other than such elements of glass not optically worked"
900220,Instruments,"Filters; mounted as parts or fittings for instruments or apparatus, of any material (excluding elements of glass not optically worked)","Lenses, prisms, mirrors and other optical elements, of any material, mounted, being parts or fittings for instruments or apparatus, other than such elements of glass not optically worked"
900290,Instruments,"Optical elements; n.e.c. in heading no. 9002 (e.g. prisms and mirrors), mounted, being parts or fittings for instruments or apparatus, of any material (excluding elements of glass not optically worked)","Lenses, prisms, mirrors and other optical elements, of any material, mounted, being parts or fittings for instruments or apparatus, other than such elements of glass not optically worked"
900311,Instruments,"Frames and mountings; for spectacles, goggles or the like, of plastics","Frames and mountings; for spectacles, goggles or the like, and parts"
900510,Instruments,Binoculars,"Binoculars, monoculars, other optical telescopes, mountings therefore; other astronomical instruments, mountings therefore, but not including instruments for radio-astronomy"
900580,Instruments,"Monoculars; other optical telescopes and astronomical instruments, excluding instruments for radio-astronomy","Binoculars, monoculars, other optical telescopes, mountings therefore; other astronomical instruments, mountings therefore, but not including instruments for radio-astronomy"
900590,Instruments,"Binoculars, monoculars, other optical telescopes, astronomical instruments (excluding those of radio-astronomy); parts and accessories (including mountings)","Binoculars, monoculars, other optical telescopes, mountings therefore; other astronomical instruments, mountings therefore, but not including instruments for radio-astronomy"
900630,Instruments,"Cameras, photographic (excluding cinematographic); specially designed for underwater use, aerial survey, medical or surgical examination of internal organs; comparison cameras for forensic or criminological use","Cameras, photographic (excluding cinematographic); photographic flashlight apparatus and flashbulbs other than discharge lamps of heading no. 8539"
900640,Instruments,"Cameras, photographic (excluding cinematographic); instant print cameras","Cameras, photographic (excluding cinematographic); photographic flashlight apparatus and flashbulbs other than discharge lamps of heading no. 8539"
900659,Instruments,"Cameras, photographic (excluding cinematographic); n.e.c. in heading no 9006","Cameras, photographic (excluding cinematographic); photographic flashlight apparatus and flashbulbs other than discharge lamps of heading no. 8539"
900661,Instruments,Photographic flashlight apparatus; discharge lamp (electronic),"Cameras, photographic (excluding cinematographic); photographic flashlight apparatus and flashbulbs other than discharge lamps of heading no. 8539"
900669,Instruments,Photographic flashlight apparatus; n.e.c. in heading no. 9006,"Cameras, photographic (excluding cinematographic); photographic flashlight apparatus and flashbulbs other than discharge lamps of heading no. 8539"
900691,Instruments,"Cameras, photographic (excluding cinematographic); parts and accessories","Cameras, photographic (excluding cinematographic); photographic flashlight apparatus and flashbulbs other than discharge lamps of heading no. 8539"
900699,Instruments,"Photographic flashlight apparatus; parts and accessories, for other than cameras","Cameras, photographic (excluding cinematographic); photographic flashlight apparatus and flashbulbs other than discharge lamps of heading no. 8539"
900710,Instruments,"Cameras, cinematographic; whether or not incorporating sound recording apparatus","Cinematographic cameras and projectors, whether or not incorporating sound recording or reproducing apparatus"
900791,Instruments,"Cameras, cinematographic; parts and accessories, whether or not incorporating sound recording apparatus","Cinematographic cameras and projectors, whether or not incorporating sound recording or reproducing apparatus"
900850,Instruments,"Image projectors, photographic enlargers and reducers, excluding cinematographic","Image projectors, other than cinematographic; photographic (other than cinematographic) enlargers and reducers"
900890,Instruments,"Photographic (other than cinematographic) image projectors, enlargers, and reducers; parts and accessories","Image projectors, other than cinematographic; photographic (other than cinematographic) enlargers and reducers"
901010,Instruments,Photographic laboratory apparatus and equipment; for automatically developing photographic (including cinematographic) film or paper in rolls or for automatically exposing developed film to rolls of paper,"Photographic (including cinematographic) laboratory apparatus and equipment, n.e.c. in chapter 90; negatoscopes; projection screens"
901050,Instruments,"Photographic laboratory apparatus and equipment; n.e.c. in item no. 9010.10, for photographic (including cinematographic) laboratories; negatoscopes","Photographic (including cinematographic) laboratory apparatus and equipment, n.e.c. in chapter 90; negatoscopes; projection screens"
901060,Instruments,Photographic laboratory apparatus and equipment (including cinematographic); projection screens,"Photographic (including cinematographic) laboratory apparatus and equipment, n.e.c. in chapter 90; negatoscopes; projection screens"
901110,Instruments,"Microscopes, compound optical; stereoscopic microscopes","Microscopes, compound optical; including those for photomicrography, cinephotomicrography or microprojection"
901180,Instruments,"Microscopes, compound optical; (other than stereoscopic and microscopes for photomicrography, cinephotomicrography or microprojection)","Microscopes, compound optical; including those for photomicrography, cinephotomicrography or microprojection"
901190,Instruments,"Microscopes, compound optical; parts and accessories (including those for photomicrography, cinephotomicrography or microprojection)","Microscopes, compound optical; including those for photomicrography, cinephotomicrography or microprojection"
901210,Instruments,Microscopes (excluding optical microscopes); diffraction apparatus,Microscopes (excluding optical microscopes); diffraction apparatus
901290,Instruments,Microscopes (excluding optical microscopes); diffraction apparatus; parts and accessories,Microscopes (excluding optical microscopes); diffraction apparatus
901320,Instruments,Lasers; other than laser diodes,"Lasers, other than laser diodes; other optical appliances and instruments n.e.c. in this chapter"
901480,Instruments,Navigational instruments and appliances; for navigation other than aeronautical or space navigation (excluding direction finding compasses),Navigational instruments and appliances; direction finding compasses
901490,Instruments,Navigational instruments and appliances; parts and accessories,Navigational instruments and appliances; direction finding compasses
901510,Instruments,Rangefinders,"Surveying (including photogrammetrical surveying), hydrographic, oceanographic, hydrological, meteorological or geophysical instruments and appliances, excluding compasses, rangefinders"
901520,Instruments,Surveying equipment; theodolites and tachymeters (tacheometers),"Surveying (including photogrammetrical surveying), hydrographic, oceanographic, hydrological, meteorological or geophysical instruments and appliances, excluding compasses, rangefinders"
901540,Instruments,Surveying equipment; photogrammetrical surveying instruments and appliances,"Surveying (including photogrammetrical surveying), hydrographic, oceanographic, hydrological, meteorological or geophysical instruments and appliances, excluding compasses, rangefinders"
901590,Instruments,Surveying equipment; parts and accessories for articles of heading no. 9015,"Surveying (including photogrammetrical surveying), hydrographic, oceanographic, hydrological, meteorological or geophysical instruments and appliances, excluding compasses, rangefinders"
901730,Instruments,"Mathematical equipment; micrometers, callipers and gauges","Drawing, marking-out, mathematical calculating instruments (drafting machines, protractors, drawing sets etc); instruments for measuring length (e.g. measuring rods, tapes, micrometers, callipers) n.e.c."
901790,Instruments,"Drawing, marking-out equipment and mathematical instruments; parts and accessories","Drawing, marking-out, mathematical calculating instruments (drafting machines, protractors, drawing sets etc); instruments for measuring length (e.g. measuring rods, tapes, micrometers, callipers) n.e.c."
901811,Instruments,"Medical, surgical instruments and appliances; electro-cardiographs","Instruments and appliances used in medical, surgical, dental or veterinary sciences, including scintigraphic apparatus, other electro-medical apparatus and sight testing instruments"
901812,Instruments,"Medical, surgical instruments and appliances; ultrasonic scanning apparatus","Instruments and appliances used in medical, surgical, dental or veterinary sciences, including scintigraphic apparatus, other electro-medical apparatus and sight testing instruments"
901813,Instruments,"Medical, surgical instruments and appliances; magnetic resonance imaging apparatus","Instruments and appliances used in medical, surgical, dental or veterinary sciences, including scintigraphic apparatus, other electro-medical apparatus and sight testing instruments"
901814,Instruments,"Medical, surgical instruments and appliances; scintigraphic apparatus","Instruments and appliances used in medical, surgical, dental or veterinary sciences, including scintigraphic apparatus, other electro-medical apparatus and sight testing instruments"
901820,Instruments,"Medical, surgical instruments and appliances; ultra-violet or infra-red ray apparatus","Instruments and appliances used in medical, surgical, dental or veterinary sciences, including scintigraphic apparatus, other electro-medical apparatus and sight testing instruments"
901839,Instruments,"Medical, surgical instruments and appliances; catheters, cannulae and the like","Instruments and appliances used in medical, surgical, dental or veterinary sciences, including scintigraphic apparatus, other electro-medical apparatus and sight testing instruments"
901841,Instruments,"Dental instruments and appliances; dental drill engines, whether or not combined on a single base with other dental equipment","Instruments and appliances used in medical, surgical, dental or veterinary sciences, including scintigraphic apparatus, other electro-medical apparatus and sight testing instruments"
902129,Instruments,Dental fittings; other than artificial teeth,"Orthopaedic appliances; including crutches, surgical belts and trusses; splints and other fracture appliances; artificial parts of the body; hearing aids and other which are worn, carried or implanted in the body to compensate for a defect or disability"
902131,Instruments,Artificial parts of the body,"Orthopaedic appliances; including crutches, surgical belts and trusses; splints and other fracture appliances; artificial parts of the body; hearing aids and other which are worn, carried or implanted in the body to compensate for a defect or disability"
902140,Instruments,Hearing aids (excluding parts and accessories),"Orthopaedic appliances; including crutches, surgical belts and trusses; splints and other fracture appliances; artificial parts of the body; hearing aids and other which are worn, carried or implanted in the body to compensate for a defect or disability"
902150,Instruments,Pacemakers; for stimulating heart muscles (excluding parts and accessories),"Orthopaedic appliances; including crutches, surgical belts and trusses; splints and other fracture appliances; artificial parts of the body; hearing aids and other which are worn, carried or implanted in the body to compensate for a defect or disability"
902212,Instruments,"Apparatus based on the use of x-rays; including radiography or radiotherapy apparatus, whether or not for medical, surgical, dental or veterinary uses, computed tomography apparatus","Apparatus based on the use of x-rays or of alpha, beta, gamma or other ionising radiations, whether or not for medical, surgical, dental or veterinary uses, including radiography or radiotherapy apparatus, x-ray tubes and other x-ray generators, high tens"
902213,Instruments,"Apparatus based on the use of x-rays; including radiography or radiotherapy apparatus, for dental uses, excluding computed tomography apparatus","Apparatus based on the use of x-rays or of alpha, beta, gamma or other ionising radiations, whether or not for medical, surgical, dental or veterinary uses, including radiography or radiotherapy apparatus, x-ray tubes and other x-ray generators, high tens"
902214,Instruments,"Apparatus based on the use of x-rays; including radiography or radiotherapy apparatus, for medical, surgical or veterinary uses, not dental uses, excluding computed tomography apparatus","Apparatus based on the use of x-rays or of alpha, beta, gamma or other ionising radiations, whether or not for medical, surgical, dental or veterinary uses, including radiography or radiotherapy apparatus, x-ray tubes and other x-ray generators, high tens"
902219,Instruments,"Apparatus based on the use of x-rays, including radiography or radiotherapy apparatus; for other than medical, surgical, dental or veterinary uses","Apparatus based on the use of x-rays or of alpha, beta, gamma or other ionising radiations, whether or not for medical, surgical, dental or veterinary uses, including radiography or radiotherapy apparatus, x-ray tubes and other x-ray generators, high tens"
902221,Instruments,"Apparatus based on the use of alpha, beta, gamma or other ionising radiations, including radiography or radiotherapy apparatus; for medical, surgical, dental or veterinary uses","Apparatus based on the use of x-rays or of alpha, beta, gamma or other ionising radiations, whether or not for medical, surgical, dental or veterinary uses, including radiography or radiotherapy apparatus, x-ray tubes and other x-ray generators, high tens"
902229,Instruments,"Apparatus based on the use of alpha, beta, gamma or other ionising radiations, including radiography or radiotherapy apparatus; (for other than medical, surgical, dental or veterinary uses)","Apparatus based on the use of x-rays or of alpha, beta, gamma or other ionising radiations, whether or not for medical, surgical, dental or veterinary uses, including radiography or radiotherapy apparatus, x-ray tubes and other x-ray generators, high tens"
902230,Instruments,X-ray tubes,"Apparatus based on the use of x-rays or of alpha, beta, gamma or other ionising radiations, whether or not for medical, surgical, dental or veterinary uses, including radiography or radiotherapy apparatus, x-ray tubes and other x-ray generators, high tens"
902480,Instruments,"Machines and appliances; for testing the hardness, strength, compressibility, elasticity or other mechanical properties of materials other than metals","Machines and appliances for testing the hardness, strength, compressibility, elasticity of other mechanical properties of materials (e.g. metals, wood, textiles, paper, plastics)"
902490,Instruments,"Machines and appliances; parts and accessories for those testing hardness, strength, compressibility, elasticity or other mechanical properties of materials (e.g. metal, wood, textiles, paper, plastics)","Machines and appliances for testing the hardness, strength, compressibility, elasticity of other mechanical properties of materials (e.g. metals, wood, textiles, paper, plastics)"
902690,Instruments,"Instruments and apparatus; parts and accessories for those measuring or checking the flow, level, pressure or other variables of liquids or gases (excluding those of heading no. 9014, 9015, 9028 or 9032)","Instruments, apparatus for measuring or checking the flow, level, pressure of liquids, gases (e.g. flow meters, heat meters etc), not instruments and apparatus of heading no. 9014, 9015, 9028 or 9032"
902720,Instruments,Chromatographs and electrophoresis instruments,"Instruments and apparatus; for physical or chemical analysis (e.g. polarimeters, spectrometers), for measuring or checking viscosity, porosity, etc, for measuring quantities of heat, sound or light"
902730,Instruments,"Spectrometers, spectrophotometers and spectrographs; using optical radiations (UV, visible, IR)","Instruments and apparatus; for physical or chemical analysis (e.g. polarimeters, spectrometers), for measuring or checking viscosity, porosity, etc, for measuring quantities of heat, sound or light"
902750,Instruments,"Instruments and apparatus; using optical radiations (UV, visible, IR), (other than spectrometers, spectrophotometers and spectrographs)","Instruments and apparatus; for physical or chemical analysis (e.g. polarimeters, spectrometers), for measuring or checking viscosity, porosity, etc, for measuring quantities of heat, sound or light"
902781,Instruments,"Instruments and apparatus; for physical or chemical analysis, for measuring or checking viscosity, porosity, expansion, surface tension or quantities of heat, sound or light, mass spectrometers","Instruments and apparatus; for physical or chemical analysis (e.g. polarimeters, spectrometers), for measuring or checking viscosity, porosity, etc, for measuring quantities of heat, sound or light"
902790,Instruments,Microtomes and parts and accessories thereof,"Instruments and apparatus; for physical or chemical analysis (e.g. polarimeters, spectrometers), for measuring or checking viscosity, porosity, etc, for measuring quantities of heat, sound or light"
902810,Instruments,"Meters; gas, supply or production meters, including calibrating meters thereof","Gas, liquid or electricity supply or production meters, including calibrating meters therefor"
902820,Instruments,"Meters; liquid supply or production meters, including calibrating meters thereof","Gas, liquid or electricity supply or production meters, including calibrating meters therefor"
903010,Instruments,Instruments and apparatus; for measuring or detecting ionising radiations,"Instruments, apparatus for measuring, checking electrical quantities not meters of heading no. 9028; instruments, apparatus for measuring or detecting alpha, beta, gamma, x-ray, cosmic and other radiations"
903020,Instruments,Oscilloscopes and oscillographs,"Instruments, apparatus for measuring, checking electrical quantities not meters of heading no. 9028; instruments, apparatus for measuring or detecting alpha, beta, gamma, x-ray, cosmic and other radiations"
903032,Instruments,"Multimeters; for measuring or checking voltage, current, resistance or power, with a recording device","Instruments, apparatus for measuring, checking electrical quantities not meters of heading no. 9028; instruments, apparatus for measuring or detecting alpha, beta, gamma, x-ray, cosmic and other radiations"
903039,Instruments,"Instruments and apparatus; for measuring or checking voltage, current, resistance or power, with a recording device (excluding multimeters)","Instruments, apparatus for measuring, checking electrical quantities not meters of heading no. 9028; instruments, apparatus for measuring or detecting alpha, beta, gamma, x-ray, cosmic and other radiations"
903040,Instruments,"Instruments and apparatus; specially designed for telecommunications (e.g. cross-talk meters, gain measuring instruments, distortion factor meters, psophometers)","Instruments, apparatus for measuring, checking electrical quantities not meters of heading no. 9028; instruments, apparatus for measuring or detecting alpha, beta, gamma, x-ray, cosmic and other radiations"
903082,Instruments,Instruments and apparatus; for measuring or checking semiconductor wafers or devices (including integrated circuits),"Instruments, apparatus for measuring, checking electrical quantities not meters of heading no. 9028; instruments, apparatus for measuring or detecting alpha, beta, gamma, x-ray, cosmic and other radiations"
903084,Instruments,"Instruments and apparatus; n.e.c. in heading no. 9030, with a recording device","Instruments, apparatus for measuring, checking electrical quantities not meters of heading no. 9028; instruments, apparatus for measuring or detecting alpha, beta, gamma, x-ray, cosmic and other radiations"
903089,Instruments,"Instruments and apparatus; n.e.c. in heading no. 9030, without a recording device","Instruments, apparatus for measuring, checking electrical quantities not meters of heading no. 9028; instruments, apparatus for measuring or detecting alpha, beta, gamma, x-ray, cosmic and other radiations"
903090,Instruments,"Instruments, apparatus for measuring, checking electrical quantities, not meters of heading no. 9028; parts and accessories, for measuring or detecting alpha, beta, gamma, x-ray, cosmic and other radiations","Instruments, apparatus for measuring, checking electrical quantities not meters of heading no. 9028; instruments, apparatus for measuring or detecting alpha, beta, gamma, x-ray, cosmic and other radiations"
903110,Instruments,Machines; for balancing mechanical parts,"Measuring or checking instruments, appliances and machines, n.e.c. or included in this chapter; profile projectors"
903120,Instruments,Test benches,"Measuring or checking instruments, appliances and machines, n.e.c. or included in this chapter; profile projectors"
903141,Instruments,"Optical instruments and appliances; for inspecting semiconductor wafers or devices or for inspecting photomasks or reticles used in manufacturing semiconductor devices, n.e.c. in chapter 90","Measuring or checking instruments, appliances and machines, n.e.c. or included in this chapter; profile projectors"
903190,Instruments,"Instruments, appliances and machines; parts and accessories for those measuring or checking devices of heading no. 9031","Measuring or checking instruments, appliances and machines, n.e.c. or included in this chapter; profile projectors"
903281,Instruments,"Regulating or controlling instruments and apparatus; automatic, hydraulic or pneumatic",Regulating or controlling instruments and apparatus; automatic type
910111,Instruments,"Wrist-watches; electrically operated, with or without a stop-watch, with case of precious metal or of metal clad with precious metal, with mechanical display only","Wrist-watches, pocket-watches, stop-watches and other watches; with case of precious metal or of metal clad with precious metal"
910119,Instruments,"Wrist-watches; electrically operated, with or without a stop-watch, with case of precious metal or metal clad with precious metal, without mechanical display","Wrist-watches, pocket-watches, stop-watches and other watches; with case of precious metal or of metal clad with precious metal"
910121,Instruments,"Wrist-watches; (not electrically operated), automatic winding, whether or not incorporating a stop-watch facility, case of precious metal or of metal clad with precious metal","Wrist-watches, pocket-watches, stop-watches and other watches; with case of precious metal or of metal clad with precious metal"
910129,Instruments,"Wrist-watches; (not electrically operated), (not automatic winding), whether or not incorporating a stop-watch facility, case of precious metal or of metal clad with precious metal","Wrist-watches, pocket-watches, stop-watches and other watches; with case of precious metal or of metal clad with precious metal"
910191,Instruments,"Pocket-watches and other watches, including stop-watches; (excluding wrist-watches), with case of precious metal or of metal clad with precious metal, electrically operated","Wrist-watches, pocket-watches, stop-watches and other watches; with case of precious metal or of metal clad with precious metal"
910199,Instruments,"Pocket-watches and other watches, including stop-watches; (excluding wrist-watches), with case of precious metal or of metal clad with precious metal, not electrically operated","Wrist-watches, pocket-watches, stop-watches and other watches; with case of precious metal or of metal clad with precious metal"
910211,Instruments,"Wrist-watches; electrically operated, with or without a stop-watch, (other than those of heading no. 9101) with mechanical display only","Wrist-watches, pocket-watches, stop-watches and other watches, other than those of heading no. 9101"
910212,Instruments,"Wrist-watches; electrically operated, with or without a stop-watch, (other than those of heading no. 9101) with opto-electronic display only","Wrist-watches, pocket-watches, stop-watches and other watches, other than those of heading no. 9101"
910219,Instruments,"Wrist-watches; electrically operated, with or without a stop-watch, (other than those of heading no. 9101) without mechanical or opto-electronic display","Wrist-watches, pocket-watches, stop-watches and other watches, other than those of heading no. 9101"
910221,Instruments,"Wrist-watches; whether or not incorporating a stop-watch facility, with automatic winding","Wrist-watches, pocket-watches, stop-watches and other watches, other than those of heading no. 9101"
910229,Instruments,"Wrist-watches; whether or not incorporating a stop-watch facility, with other than automatic winding","Wrist-watches, pocket-watches, stop-watches and other watches, other than those of heading no. 9101"
910291,Instruments,"Pocket watches and other watches, including stop-watches; (excluding wrist-watches), other than those of heading no. 9101, electrically operated","Wrist-watches, pocket-watches, stop-watches and other watches, other than those of heading no. 9101"
910299,Instruments,"Pocket watches and other watches, including stop-watches; (excluding wrist-watches), other than those of heading no. 9101, other than electrically operated","Wrist-watches, pocket-watches, stop-watches and other watches, other than those of heading no. 9101"
910310,Instruments,"Clocks; with watch movements, electrically operated, excluding clocks of heading no. 9104","Clocks; with watch movements, excluding clocks of heading no. 9104"
910390,Instruments,"Clocks; with watch movements, other than electrically operated, excluding clocks of heading no. 9104","Clocks; with watch movements, excluding clocks of heading no. 9104"
910511,Instruments,"Clocks; (excluding those with watch movements and instrument panel clocks), alarm clocks, electrically operated","Clocks, other, n.e.c."
910519,Instruments,"Clocks; (excluding those with watch movements and instrument panel clocks), alarm clocks, other than electrically operated","Clocks, other, n.e.c."
910521,Instruments,"Clocks; (excluding those with watch movements and instrument panel clocks), wall clocks, electrically operated","Clocks, other, n.e.c."
910529,Instruments,"Clocks; (excluding those with watch movements and instrument panel clocks), wall clocks, other than electrically operated","Clocks, other, n.e.c."
910591,Instruments,"Clocks; (excluding those with watch movements and instrument panel clocks), (other than alarm or wall clocks), electrically operated","Clocks, other, n.e.c."
910599,Instruments,"Clocks; (excluding those with watch movements and instrument panel clocks), other than alarm or wall clocks, other than electrically operated","Clocks, other, n.e.c."
910610,Instruments,"Time recording apparatus; time-registers, time recorders, with clock, watch movement or synchronous motor","Time of day recording apparatus and apparatus for measuring, recording or otherwise indicating intervals of time, with clock, watch movement or synchronous motor"
910690,Instruments,"Time recording apparatus; with clock or watch movement or with synchronous motor, n.e.c. in heading no. 9106","Time of day recording apparatus and apparatus for measuring, recording or otherwise indicating intervals of time, with clock, watch movement or synchronous motor"
910811,Instruments,"Watch movements; complete and assembled, electrically operated, with mechanical display only or with a device to which a mechanical display can be incorporated",Watch movements; complete and assembled
910812,Instruments,"Watch movements; complete and assembled, electrically operated, by means of solar cells, with opto-electronic display",Watch movements; complete and assembled
910819,Instruments,"Watch movements; complete and assembled, electrically operated, by means of solar cells, without mechanical display or device including such or opto-electronic display",Watch movements; complete and assembled
910820,Instruments,"Watch movements; complete and assembled, with automatic winding",Watch movements; complete and assembled
910890,Instruments,"Watch movements; complete and assembled, not automatic winding or electrically operated",Watch movements; complete and assembled
911019,Instruments,Watches; rough movements,"Watch or clock movements, complete, unassembled or partly assembled (movement sets); incomplete watch or clock movements, assembled; rough watch or clock movements"
911110,Instruments,Watch cases; of precious metal or of metal clad with precious metal,Watch cases and parts thereof
911120,Instruments,"Watch cases; of base metal, whether or not gold-plated or silver-plated",Watch cases and parts thereof
911180,Instruments,Watch cases; n.e.c. in heading no. 9111,Watch cases and parts thereof
911190,Instruments,Watch cases and parts thereof,Watch cases and parts thereof
911220,Instruments,Clock cases and similar cases for other goods of chapter 91; other than watch cases,Clock cases and cases of a similar type for other goods of this chapter and parts thereof
911290,Instruments,"Clock cases and similar cases for other goods of chapter 91; other than watch cases, parts thereof",Clock cases and cases of a similar type for other goods of this chapter and parts thereof
911320,Instruments,"Watch straps, watch bands, watch bracelets, and parts thereof; of base metal, whether or not gold- or silver-plated","Watch straps, watch bands, watch bracelets and parts thereof"
920120,Instruments,"Musical instruments; pianos, grand","Pianos; including automatic pianos, harpsichords and other keyboard stringed instruments"
920190,Instruments,Musical instruments; harpsichords and other keyboard stringed instruments n.e.c. in heading no. 9201,"Pianos; including automatic pianos, harpsichords and other keyboard stringed instruments"
920510,Instruments,"Musical instruments; brass-wind (e.g. trumpets), other than fairground organs and mechanical street organs","Musical instruments; wind (e.g. keyboard pipe organs, accordions, clarinets, trumpets, bagpipes), other than fairground organs and mechanical street organs"
920600,Instruments,"Musical instruments; percussion (e.g. drums, xylophones, cymbals, castanets, maracas)","Musical instruments; percussion (e.g. drums, xylophones, cymbals, castanets, maracas)"
920810,Instruments,Musical boxes,"Musical boxes, fairground and mechanical street organs, mechanical singing birds, musical saws and musical instruments n.e.c. in chapter 92; decoy calls of all kinds; whistles; call horns and other mouth-blown sound signalling instruments"
920890,Instruments,"Fairground and mechanical street organs, mechanical singing birds, musical saws and musical instruments n.e.c. in chapter 92; decoy calls of all kinds; whistles; call horns and other mouth-blown sound signalling instruments","Musical boxes, fairground and mechanical street organs, mechanical singing birds, musical saws and musical instruments n.e.c. in chapter 92; decoy calls of all kinds; whistles; call horns and other mouth-blown sound signalling instruments"
920930,Instruments,Musical instrument strings,"Musical instrument parts (for example, mechanisms for musical boxes) and accessories (for example, cards, discs and rolls for mechanical instruments); metronomes, tuning forks and pitch pipes"
920991,Instruments,Musical instruments; parts and accessories for pianos,"Musical instrument parts (for example, mechanisms for musical boxes) and accessories (for example, cards, discs and rolls for mechanical instruments); metronomes, tuning forks and pitch pipes"
920992,Instruments,Musical instruments; parts and accessories for string musical instruments other than keyboard instruments,"Musical instrument parts (for example, mechanisms for musical boxes) and accessories (for example, cards, discs and rolls for mechanical instruments); metronomes, tuning forks and pitch pipes"
920994,Instruments,"Musical instruments; parts and accessories for the musical instruments the sound of which is produced or must be amplified electrically (e.g. organs, guitars and accordions)","Musical instrument parts (for example, mechanisms for musical boxes) and accessories (for example, cards, discs and rolls for mechanical instruments); metronomes, tuning forks and pitch pipes"
930110,Arms,"Military weapons; artillery weapons (e.g. guns, howitzers, and mortars)","Military weapons; other than revolvers, pistols and arms of heading no. 9307"
930120,Arms,"Military weapons; rocket launchers, flame-throwers, grenade launchers, torpedo tubes and similar projectors","Military weapons; other than revolvers, pistols and arms of heading no. 9307"
930190,Arms,"Military weapons; other than revolvers, pistols, and arms of heading 9307, n.e.c. in heading 9301","Military weapons; other than revolvers, pistols and arms of heading no. 9307"
930200,Arms,Revolvers and pistols; other than those of heading no. 9303 or 9304,Revolvers and pistols; other than those of heading no. 9303 or 9304
930310,Arms,Firearms; muzzle-loading,"Firearms; other similar devices (e.g. sporting shotguns and rifles, muzzle-loading firearms, very pistols, devices for firing flares or blank ammunition, captive bolt humane killers, line throwing guns)"
930330,Arms,"Firearms; sporting, hunting or target-shooting rifles n.e.c. in heading no. 9303","Firearms; other similar devices (e.g. sporting shotguns and rifles, muzzle-loading firearms, very pistols, devices for firing flares or blank ammunition, captive bolt humane killers, line throwing guns)"
930390,Arms,Firearms; n.e.c. in heading no. 9303,"Firearms; other similar devices (e.g. sporting shotguns and rifles, muzzle-loading firearms, very pistols, devices for firing flares or blank ammunition, captive bolt humane killers, line throwing guns)"
930400,Arms,"Firearms; (e.g. spring, air or gas guns and pistols, truncheons), excluding those of heading no. 9307","Firearms; (e.g. spring, air or gas guns and pistols, truncheons), excluding those of heading no. 9307"
930510,Arms,"Firearms; parts and accessories, of revolvers or pistols",Firearms; parts and accessories of articles of heading no. 9301 to 9304
930591,Arms,"Firearms; parts and accessories, of military weapons of heading 9301",Firearms; parts and accessories of articles of heading no. 9301 to 9304
930599,Arms,"Firearms; parts and accessories, of firearms other than the military weapons of heading 9301",Firearms; parts and accessories of articles of heading no. 9301 to 9304
930621,Arms,Ammunition; shotgun cartridges,"Bombs, grenades, torpedoes, mines, missiles and similar munitions of war and parts thereof; cartridges and other ammunition, projectiles and parts thereof, including shot and cartridge wads"
930700,Arms,"Arms; swords, cutlasses, bayonets, lances and the like, parts thereof and scabbards and sheaths therefor","Arms; swords, cutlasses, bayonets, lances and the like, parts thereof and scabbards and sheaths therefor"
940110,Furniture,Seats; of a kind used for aircraft,"Seats (not those of heading no. 9402), whether or not convertible into beds and parts thereof"
940120,Furniture,Seats; of a kind used for motor vehicles,"Seats (not those of heading no. 9402), whether or not convertible into beds and parts thereof"
940131,Furniture,"Seats; swivel with variable height adjustment of wood, excluding medical, surgical, dental, veterinary or barber furniture","Seats (not those of heading no. 9402), whether or not convertible into beds and parts thereof"
940139,Furniture,"Seats; swivel with variable height adjustment of other than wood, excluding medical, surgical, dental, veterinary or barber furniture","Seats (not those of heading no. 9402), whether or not convertible into beds and parts thereof"
940141,Furniture,"Seats; convertible into beds of wood, other than garden seats or camping equipment","Seats (not those of heading no. 9402), whether or not convertible into beds and parts thereof"
940149,Furniture,"Seats; convertible into beds of other than wood, other than garden seats or camping equipment","Seats (not those of heading no. 9402), whether or not convertible into beds and parts thereof"
940152,Furniture,Seats; of bamboo,"Seats (not those of heading no. 9402), whether or not convertible into beds and parts thereof"
940153,Furniture,Seats; of rattan,"Seats (not those of heading no. 9402), whether or not convertible into beds and parts thereof"
940159,Furniture,"Seats; of cane, osier or similar materials, other than bamboo or rattan","Seats (not those of heading no. 9402), whether or not convertible into beds and parts thereof"
940161,Furniture,"Seats; with wooden frames, upholstered, (excluding medical, surgical, dental, veterinary or barber furniture)","Seats (not those of heading no. 9402), whether or not convertible into beds and parts thereof"
940169,Furniture,"Seats; with wooden frames, not upholstered, (excluding medical, surgical, dental, veterinary or barber furniture)","Seats (not those of heading no. 9402), whether or not convertible into beds and parts thereof"
940171,Furniture,"Seats; with metal frames, upholstered, (excluding medical, surgical, dental, veterinary or barber furniture)","Seats (not those of heading no. 9402), whether or not convertible into beds and parts thereof"
940179,Furniture,"Seats; with metal frames, not upholstered, (excluding medical, surgical, dental, veterinary or barber furniture)","Seats (not those of heading no. 9402), whether or not convertible into beds and parts thereof"
940180,Furniture,"Seats; n.e.c. in heading no. 9401, (excluding medical, surgical, dental, veterinary or barber furniture)","Seats (not those of heading no. 9402), whether or not convertible into beds and parts thereof"
940210,Furniture,"Chairs; dentists', barbers' or similar chairs having rotating as well as both reclining and elevating movements, and parts thereof","Furniture; medical, surgical, dental or veterinary (e.g. operating tables, hospital beds, dentists' chairs) barbers' chairs; parts"
940290,Furniture,"Furniture; for medical, surgical, veterinary use (e.g. operating tables, examination tables, hospital beds with mechanical fittings) and parts thereof","Furniture; medical, surgical, dental or veterinary (e.g. operating tables, hospital beds, dentists' chairs) barbers' chairs; parts"
940350,Furniture,"Furniture; wooden, for bedroom use","Furniture and parts thereof, n.e.c. in chapter 94"
940370,Furniture,Furniture; plastic,"Furniture and parts thereof, n.e.c. in chapter 94"
940410,Furniture,Mattress supports,"Mattress supports; articles of bedding (e.g. mattresses, quilts, eiderdowns, cushions pouffes and pillows), fitted with springs or stuffed, whether or not covered"
940430,Furniture,Sleeping bags,"Mattress supports; articles of bedding (e.g. mattresses, quilts, eiderdowns, cushions pouffes and pillows), fitted with springs or stuffed, whether or not covered"
940531,Furniture,"Luminaires and light fittings; electric, lighting strings of a kind used for Christmas trees, for use solely with light-emitting diode (LED) light sources","Luminaires and light fittings; including searchlights, spotlights and parts thereof, n.e.c.; illuminated signs, name-plates and the like, having permanently fixed light source and parts thereof n.e.c. or included"
940539,Furniture,"Luminaires and light fittings; electric, lighting strings of a kind used for Christmas trees, for other than use solely with light-emitting diode (LED) light sources","Luminaires and light fittings; including searchlights, spotlights and parts thereof, n.e.c.; illuminated signs, name-plates and the like, having permanently fixed light source and parts thereof n.e.c. or included"
940610,Furniture,"Buildings; prefabricated, of wood",Buildings; prefabricated
940620,Furniture,"Buildings; modular building units, of steel",Buildings; prefabricated
950420,Toys,Billiard articles and accessories of all kinds,"Video game consoles and machines, articles for funfair, table or parlour games, including pintables, billiards, special tables for casino games and automatic bowling alley equipment"
950440,Toys,Games; playing cards,"Video game consoles and machines, articles for funfair, table or parlour games, including pintables, billiards, special tables for casino games and automatic bowling alley equipment"
950450,Toys,"Games; video game consoles and machines, other than those of subheading 9504.30","Video game consoles and machines, articles for funfair, table or parlour games, including pintables, billiards, special tables for casino games and automatic bowling alley equipment"
950590,Toys,"Festive, carnival or other entertainment articles including novelty jokes and conjuring tricks; other than Christmas festivity articles","Festive, carnival or other entertainment articles, including conjuring tricks and novelty jokes"
950612,Toys,Ski-fastenings (ski-bindings); for snow-skis,"Gymnastics, athletics, other sports (including table tennis) or outdoor games equipment, n.e.c. in this chapter, swimming pools and paddling pools"
950619,Toys,Snow-ski equipment,"Gymnastics, athletics, other sports (including table tennis) or outdoor games equipment, n.e.c. in this chapter, swimming pools and paddling pools"
950621,Toys,Sailboards; for water sport,"Gymnastics, athletics, other sports (including table tennis) or outdoor games equipment, n.e.c. in this chapter, swimming pools and paddling pools"
950629,Toys,"Water sport equipment; water-skis, surf-boards and other water-sport equipment, excluding sailboards","Gymnastics, athletics, other sports (including table tennis) or outdoor games equipment, n.e.c. in this chapter, swimming pools and paddling pools"
950631,Toys,Golf clubs; complete,"Gymnastics, athletics, other sports (including table tennis) or outdoor games equipment, n.e.c. in this chapter, swimming pools and paddling pools"
950632,Toys,Golf balls,"Gymnastics, athletics, other sports (including table tennis) or outdoor games equipment, n.e.c. in this chapter, swimming pools and paddling pools"
950640,Toys,Table-tennis articles and equipment,"Gymnastics, athletics, other sports (including table tennis) or outdoor games equipment, n.e.c. in this chapter, swimming pools and paddling pools"
950651,Toys,Lawn-tennis rackets; whether or not strung,"Gymnastics, athletics, other sports (including table tennis) or outdoor games equipment, n.e.c. in this chapter, swimming pools and paddling pools"
950659,Toys,"Tennis, badminton and similar rackets; whether or not strung","Gymnastics, athletics, other sports (including table tennis) or outdoor games equipment, n.e.c. in this chapter, swimming pools and paddling pools"
950661,Toys,Lawn-tennis balls,"Gymnastics, athletics, other sports (including table tennis) or outdoor games equipment, n.e.c. in this chapter, swimming pools and paddling pools"
950662,Toys,Balls; inflatable,"Gymnastics, athletics, other sports (including table tennis) or outdoor games equipment, n.e.c. in this chapter, swimming pools and paddling pools"
950710,Toys,Fishing rods,"Fishing rods, fish-hooks and other line fishing tackle; fish landing nets and the like; decoy birds (not those of heading no. 9208 or 9705) and similar hunting or shooting requisites"
950730,Toys,Fishing reels,"Fishing rods, fish-hooks and other line fishing tackle; fish landing nets and the like; decoy birds (not those of heading no. 9208 or 9705) and similar hunting or shooting requisites"
950790,Toys,"Fishing tackle n.e.c., butterfly nets, decoy birds (other than those of heading no. 9208 or 9705) and similar hunting or shooting requisites","Fishing rods, fish-hooks and other line fishing tackle; fish landing nets and the like; decoy birds (not those of heading no. 9208 or 9705) and similar hunting or shooting requisites"
950821,Toys,Amusement park rides and water park amusements; Roller coasters,"Travelling circuses and travelling menageries, amusement park rides and water park amusements, fairground amusements, including shooting galleries and travelling theatres"
950822,Toys,"Amusement park rides and water park amusements; carousels, swings and roundabouts","Travelling circuses and travelling menageries, amusement park rides and water park amusements, fairground amusements, including shooting galleries and travelling theatres"
950823,Toys,Amusement park rides and water park amusements; dodge'em cars,"Travelling circuses and travelling menageries, amusement park rides and water park amusements, fairground amusements, including shooting galleries and travelling theatres"
950824,Toys,Amusement park rides and water park amusements; motion simulators and moving theatres,"Travelling circuses and travelling menageries, amusement park rides and water park amusements, fairground amusements, including shooting galleries and travelling theatres"
950825,Toys,Amusement park rides and water park amusements; water rides,"Travelling circuses and travelling menageries, amusement park rides and water park amusements, fairground amusements, including shooting galleries and travelling theatres"
950826,Toys,Amusement park rides and water park amusements; water park amusements,"Travelling circuses and travelling menageries, amusement park rides and water park amusements, fairground amusements, including shooting galleries and travelling theatres"
950829,Toys,"Amusement park rides and water park amusements; other than roller coasters, carousels, swings, roundabouts, dodge'em cars, motion simulators and moving theatres, water rides and water park amusements","Travelling circuses and travelling menageries, amusement park rides and water park amusements, fairground amusements, including shooting galleries and travelling theatres"
950830,Toys,Fairground amusements; including shooting galleries,"Travelling circuses and travelling menageries, amusement park rides and water park amusements, fairground amusements, including shooting galleries and travelling theatres"
950840,Toys,Travelling theatres,"Travelling circuses and travelling menageries, amusement park rides and water park amusements, fairground amusements, including shooting galleries and travelling theatres"
960190,Miscellaneous,"Bone, tortoise shell, horn, antlers, coral, mother-of-pearl and other animal carving material and articles thereof (including articles obtained by moulding)","Ivory, bone, tortoise-shell, horn, antlers, coral, mother-of-pearl and other animal carving material and articles of these materials; worked, (including articles obtained by moulding)"
960310,Miscellaneous,"Brooms and brushes; consisting of twigs or other vegetable materials bound together, with or without handles","Brooms, brushes (including parts of machines), hand operated floor sweepers, mops and feather dusters; knots and tufts for broom or brush making; paint pads and rollers; squeegees"
960321,Miscellaneous,Brushes; toothbrushes,"Brooms, brushes (including parts of machines), hand operated floor sweepers, mops and feather dusters; knots and tufts for broom or brush making; paint pads and rollers; squeegees"
960350,Miscellaneous,"Brushes; constituting parts of machines, appliances or vehicles","Brooms, brushes (including parts of machines), hand operated floor sweepers, mops and feather dusters; knots and tufts for broom or brush making; paint pads and rollers; squeegees"
960400,Miscellaneous,Hand sieves and hand riddles,Hand sieves and hand riddles
960500,Miscellaneous,"Travel sets; for personal toilet, sewing, shoe or clothes cleaning","Travel sets; for personal toilet, sewing, shoe or clothes cleaning"
960610,Miscellaneous,"Press-fasteners, snap-fasteners, press-studs and parts therefor","Buttons, press-fasteners, snap-fasteners and press-studs, button moulds and other parts of these articles; button blanks"
960621,Miscellaneous,"Buttons; of plastics, not covered with textile material","Buttons, press-fasteners, snap-fasteners and press-studs, button moulds and other parts of these articles; button blanks"
960622,Miscellaneous,"Buttons; of base metal, not covered with textile material","Buttons, press-fasteners, snap-fasteners and press-studs, button moulds and other parts of these articles; button blanks"
960629,Miscellaneous,"Buttons; of other than base metal or plastics, not covered with textile material","Buttons, press-fasteners, snap-fasteners and press-studs, button moulds and other parts of these articles; button blanks"
960630,Miscellaneous,Button moulds and other parts of buttons; button blanks,"Buttons, press-fasteners, snap-fasteners and press-studs, button moulds and other parts of these articles; button blanks"
960711,Miscellaneous,Slide fasteners; fitted with chain scoops of base metal,Slide fasteners and parts thereof
960719,Miscellaneous,Slide fasteners; other than those fitted with chain scoops of base metal,Slide fasteners and parts thereof
960820,Miscellaneous,Pens; felt tipped and other porous-tipped pens and markers,"Pens; ball-point, felt tipped, other porous tipped pens; fountain pens, stylograph pens duplicating stylos, propelling or sliding pencils; parts of the foregoing, excluding those of heading no. 9609"
960830,Miscellaneous,"Pens; fountain, stylograph and other pens","Pens; ball-point, felt tipped, other porous tipped pens; fountain pens, stylograph pens duplicating stylos, propelling or sliding pencils; parts of the foregoing, excluding those of heading no. 9609"
960840,Miscellaneous,Pencils; propelling or sliding,"Pens; ball-point, felt tipped, other porous tipped pens; fountain pens, stylograph pens duplicating stylos, propelling or sliding pencils; parts of the foregoing, excluding those of heading no. 9609"
960850,Miscellaneous,Pen and pencil sets; of articles from two or more of the foregoing sub-headings,"Pens; ball-point, felt tipped, other porous tipped pens; fountain pens, stylograph pens duplicating stylos, propelling or sliding pencils; parts of the foregoing, excluding those of heading no. 9609"
960860,Miscellaneous,"Pens; ball-point, refills comprising the ball point and ink-reservoir","Pens; ball-point, felt tipped, other porous tipped pens; fountain pens, stylograph pens duplicating stylos, propelling or sliding pencils; parts of the foregoing, excluding those of heading no. 9609"
960899,Miscellaneous,"Pens and pencils; duplicating stylos, pen-holders, pencil-holders, and similar holders, parts of the articles of heading 9608, including caps and clips","Pens; ball-point, felt tipped, other porous tipped pens; fountain pens, stylograph pens duplicating stylos, propelling or sliding pencils; parts of the foregoing, excluding those of heading no. 9609"
960920,Miscellaneous,Pencil leads; black or coloured,"Pencils (not of heading no. 9608), crayons, pencil leads, pastels, drawing charcoals, writing or drawing chalks and tailors' chalks"
961000,Miscellaneous,"Slates and boards; with writing or drawing surfaces, whether or not framed","Slates and boards, with writing or drawing surfaces, whether or not framed"
961100,Miscellaneous,"Stamps; date, numbering, sealing stamps and the like (including devices for printing or embossing labels), designed for operating by hand; hand operated composing sticks and printing sets","Stamps; date, numbering, sealing stamps and the like (including devices for printing or embossing labels), designed for operating by hand; hand operated composing sticks and printing sets"
961220,Miscellaneous,"Ink pads; whether or not inked, with or without boxes","Typewriter, similar ribbons, inked, otherwise prepared for giving impressions, whether or not on spools or in cartridges; ink pads, whether or not inked, with or without boxes"
961310,Miscellaneous,"Lighters; pocket, cigarette, gas fuelled, non-refillable","Cigarette lighters and other lighters, whether or not mechanical or electrical and parts thereof other than flints and wicks"
961320,Miscellaneous,"Lighters; pocket, cigarette, gas fuelled, refillable","Cigarette lighters and other lighters, whether or not mechanical or electrical and parts thereof other than flints and wicks"
961380,Miscellaneous,"Lighters; whether or not mechanical or electrical, n.e.c. in heading no. 9613","Cigarette lighters and other lighters, whether or not mechanical or electrical and parts thereof other than flints and wicks"
961390,Miscellaneous,"Lighters; parts for cigarette lighters and other lighters, whether or not mechanical or electrical, other than flints and wicks","Cigarette lighters and other lighters, whether or not mechanical or electrical and parts thereof other than flints and wicks"
961511,Miscellaneous,"Combs, hair slides and the like; of hard rubber or plastics","Combs, hair-slides and similar; hairpins, curling pins, curling grips and hair curlers and the like, other than those of heading no. 8516 and parts thereof"
961519,Miscellaneous,"Combs, hair slides and the like; of other than hard rubber or plastics","Combs, hair-slides and similar; hairpins, curling pins, curling grips and hair curlers and the like, other than those of heading no. 8516 and parts thereof"
961590,Miscellaneous,"Hairpins, curling pins, curling grips, hair curlers and the like (not those of heading no. 8516) and parts thereof","Combs, hair-slides and similar; hairpins, curling pins, curling grips and hair curlers and the like, other than those of heading no. 8516 and parts thereof"
961620,Miscellaneous,Powder puffs and pads; for the application of cosmetics or toilet preparations,Scent sprays and similar toilet sprays and mounts and heads therefor; powder-puffs and pads for the application of cosmetics or toilet preparations
961700,Miscellaneous,"Vacuum flasks and other vacuum vessels, complete with cases; parts thereof other than glass inners","Vacuum flasks and other vacuum vessels, complete with cases; parts thereof other than glass inners"
961800,Miscellaneous,Tailors' dummies and other lay figures; automata and other animated displays used for shop window dressing,Tailors' dummies and other lay figures; automata and other animated displays used for shop window dressing
970191,Art & Antiques,"Paintings, drawings and pastels; executed entirely by hand, other than drawings of heading no. 4906, of an age not exceeding 100 years","Paintings, drawings and pastels, executed entirely by hand; not drawings of heading no. 4906 and not hand-painted, hand-decorated manufactured articles; collages, mosaics and similar decorative plaques"
970192,Art & Antiques,"Mosaics; executed entirely by hand, other than drawings of heading no. 4906, of an age not exceeding 100 years","Paintings, drawings and pastels, executed entirely by hand; not drawings of heading no. 4906 and not hand-painted, hand-decorated manufactured articles; collages, mosaics and similar decorative plaques"
970199,Art & Antiques,"Artwork; other than paintings, drawings, pastels mosaics, executed entirely by hand, other than drawings of heading no. 4906, of an age not exceeding 100 years","Paintings, drawings and pastels, executed entirely by hand; not drawings of heading no. 4906 and not hand-painted, hand-decorated manufactured articles; collages, mosaics and similar decorative plaques"
970390,Art & Antiques,"Sculptures and statuary; original, in any material, of an age not exceeding 100 years","Sculptures and statuary; original, in any material"
970400,Art & Antiques,"Stamps, postage or revenue; stamp-postmarks, first-day covers, postal stationery (stamped paper) and like, used or unused, other than those of heading 4907","Stamps, postage or revenue; stamp-postmarks, first-day covers, postal stationery (stamped paper) and like, used or unused, other than those of heading 4907"
970539,Art & Antiques,"Collections and collectors' pieces; of numismatic interest, of an age not exceeding 100 years","Collections and collectors' pieces; of archaeological, ethnographic, historical, zoological, botanical, mineralogical, anatomical, palaeontological or numismatic interest"
999999,Other,Commodities not specified according to kind,Commodities not specified according to kind
