name,country,list_source,date_added
"'ABD AL-HAMID AL-ASADI, Makki Kazim",IQ,US OFAC SDN — IRGC/IFSR,2026-09-22
'WOLF' HOLDING OF SECURITY STRUCTURES,RU,US OFAC SDN — UKRAINE-EO13660,2026-09-22
0DAY TECHNOLOGIES,RU,US OFAC SDN — RUSSIA-EO14024,2026-09-22
110TH RESEARCH CENTER,KP,US OFAC SDN — DPRK2,2026-09-22
27TH SCIENTIFIC CENTER,RU,US OFAC SDN — NPWMD/RUSSIA-EO14024,2026-09-22
33RD SCIENTIFIC RESEARCH AND TESTING INSTITUTE,RU,US OFAC SDN — NPWMD/RUSSIA-EO14024,2026-09-22
3A-MGU,ZZ,US OFAC SDN — UKRAINE-EO13661/RUSSIA-EO14024,2026-09-22
3G LOJISTIK VE HAVACILIK HIZMETLARI LTD.,TR,US OFAC SDN — IFSR,2026-09-22
7-28,KP,US OFAC SDN — DPRK4,2026-09-22
7TH OF TIR,IR,US OFAC SDN — NPWMD/IFSR,2026-09-22
924TH STATE CENTER FOR UAV AVIATION,RU,US OFAC SDN — IRAN-CON-ARMS-EO/RUSSIA-EO14024,2026-09-22
A.S.P. BUILDERS,IR,US OFAC SDN — IRAN,2026-09-22
AA ENERGY FZCO,AE,US OFAC SDN — IRAN,2026-09-22
AAJ,IR,US OFAC SDN — IRAN/NPWMD/IFSR,2026-09-22
AAYAT SHIP MANAGEMENT PRIVATE LIMITED,IN,US OFAC SDN — IRAN-EO13902,2026-09-22
ABADAN OIL REFINING COMPANY,IR,US OFAC SDN — IFSR/IRAN-EO13846,2026-09-22
ABADAN POWER GENERATION COMPANY,IR,US OFAC SDN — IRAN-EO13876,2026-09-22
ABASCIENCE TECH CO. LTD.,CN,US OFAC SDN — NPWMD/IFSR,2026-09-22
ABBA,IR,US OFAC SDN — IRAN/NPWMD/IFSR,2026-09-22
"ABBAS, Ghassan",ZZ,US OFAC SDN — NPWMD,2026-09-22
"ABBASI-DAVANI, Fereidoun",ZZ,US OFAC SDN — NPWMD/IFSR,2026-09-22
"ABBASPOUR QOMI, Bashir",IR,US OFAC SDN — IRAN-EO13902,2026-09-22
"ABDI ASJERD, Abbas",IR,US OFAC SDN — NPWMD/IRGC/IFSR,2026-09-22
"ABDI ASJERD, Zahra",IR,US OFAC SDN — NPWMD/IRGC/IFSR,2026-09-22
"ABDI, Ali",IR,US OFAC SDN — IRAN-HR,2026-09-22
"ABDOLLAHI, Ali",IR,US OFAC SDN — IRAN-EO13876/IRAN-CON-ARMS-EO,2026-09-22
"ABDOLLAHI, Hamed",ZZ,US OFAC SDN — IRGC/IFSR,2026-09-22
"ABDOLLAHINEJAD, Bahram",IR,US OFAC SDN — IRAN-HR,2026-09-22
"ABDOLLAHPOUR, Mohammad",IR,US OFAC SDN — IRGC/IFSR/IRAN-HR,2026-09-22
"ABEDINEJAD, Alireza",IR,US OFAC SDN — IRAN-EO13846,2026-09-22
"ABEDINI, Mohammad",IR,US OFAC SDN — IRAN-CON-ARMS-EO,2026-09-22
"ABEDININAJAFABADI, Mohammad",IR,US OFAC SDN — NPWMD/IRGC/IFSR,2026-09-22
"ABEDSHAHI, Omid",IR,US OFAC SDN — IRAN-HR,2026-09-22
ABGO TRADING LIMITED,CN,US OFAC SDN — IRAN-EO13902,2026-09-22
ABHAR POLYMER COMPOUNDS CO.,IR,US OFAC SDN — IRAN-EO13846,2026-09-22
ABHRA,PA,US OFAC SDN — IRAN-EO13902,2026-09-22
"ABISOV, Sergei",ZZ,US OFAC SDN — UKRAINE-EO13660,2026-09-22
"ABNOUSH, Salar",IR,US OFAC SDN — IRAN-HR,2026-09-22
"ABOUTORABI, Seyed Hamid",IR,US OFAC SDN — IRAN-HR,2026-09-22
"ABRAMOV, Valeri Vyacheslavovich",RU,US OFAC SDN — UKRAINE-EO13685,2026-09-22
"ABSALAN, Parviz",IR,US OFAC SDN — IRGC/IRAN-HR,2026-09-22
ABTIN 1,IR,US OFAC SDN — IRAN/NPWMD/IFSR,2026-09-22
"ABUTALEBI, Ali Asghar",IR,US OFAC SDN — NPWMD/IRGC/IFSR,2026-09-22
"ABUTALEBI, Mohammad Sadegh",IR,US OFAC SDN — NPWMD/IRGC/IFSR,2026-09-22
ABY PLASTIK AMBALAJ VE ENERJI SANAYI TICARET ANONIM SIRKETI,TR,US OFAC SDN — IRAN-EO13846,2026-09-22
ABYAN,IR,US OFAC SDN — IRAN/NPWMD/IFSR,2026-09-22
ABYSSEC,IR,US OFAC SDN — IRAN-HR,2026-09-22
ACADEMY OF NATIONAL DEFENSE SCIENCE,KP,US OFAC SDN — NPWMD,2026-09-22
ACCESS TECHNOLOGY TRADING L.L.C,AE,US OFAC SDN — IRAN-EO13846,2026-09-22
ACE,VC,US OFAC SDN — IRAN-EO13902,2026-09-22
ACE PETROCHEM FZE,AE,US OFAC SDN — IRAN-EO13846,2026-09-22
ADA,KM,US OFAC SDN — IRAN-EO13902,2026-09-22
ADDITIONAL LIABILITY COMPANY BELNEFTEGAZ,BY,US OFAC SDN — BELARUS-EO14038,2026-09-22
ADEL ABAD PRISON,IR,US OFAC SDN — CAATSA - IRAN,2026-09-22
ADELINE G,PA,US OFAC SDN — IRAN-EO13902,2026-09-22
ADENA,LR,US OFAC SDN — IRAN-EO13902,2026-09-22
"ADINEHVAND, Salman",IR,US OFAC SDN — IRAN-HR,2026-09-22
ADONIS SHIPPING INC,MH,US OFAC SDN — IRAN-EO13902,2026-09-22
ADVANCE ELECTRICAL AND INDUSTRIAL TECHNOLOGIES SL,ES,US OFAC SDN — NPWMD/IFSR,2026-09-22
ADVANCE SECURITY SOLUTIONS,AE,US OFAC SDN — CAATSA - RUSSIA,2026-09-22
ADVANCED INFORMATION AND COMMUNICATION TECHNOLOGY CENTER,IR,US OFAC SDN — NPWMD/IFSR,2026-09-22
ADVANCED PERSISTENT THREAT 39,IR,US OFAC SDN — IRAN-HR,2026-09-22
ADVANCED RESEARCH FOUNDATION,RU,US OFAC SDN — UKRAINE-EO13662/RUSSIA-EO14024,2026-09-22
ADVANCED TECHNOLOGIES COMPANY OF IRAN,IR,US OFAC SDN — IRAN/NPWMD/IFSR,2026-09-22
AEOI BASIJ RESISTANCE CENTER,IR,US OFAC SDN — IRAN,2026-09-22
AEOLUS,LR,US OFAC SDN — IRAN-EO13902,2026-09-22
AERILYN SHIPPING INC.,PA,US OFAC SDN — IRAN-EO13902,2026-09-22
AEROSPACE INDUSTRIES ORGANIZATION,IR,US OFAC SDN — NPWMD/IFSR/IRAN-CON-ARMS-EO,2026-09-22
AETHER,PA,US OFAC SDN — IRAN-EO13902,2026-09-22
AETHER SAIL,PW,US OFAC SDN — IRAN-EO13902,2026-09-22
AEZA GROUP LLC,RU,US OFAC SDN — CAATSA - RUSSIA,2026-09-22
AEZA LOGISTIC LLC,RU,US OFAC SDN — CAATSA - RUSSIA,2026-09-22
"AFANASYEV, Sergei",RU,US OFAC SDN — CAATSA - RUSSIA,2026-09-22
"AFANASYEVA, Yulia Andreevna",RU,US OFAC SDN — UKRAINE-EO13661,2026-09-22
AFKAR SYSTEM YAZD COMPANY,IR,US OFAC SDN — IRGC/IFSR,2026-09-22
"AFKHAMI RASHIDI, Mahmud",ZZ,US OFAC SDN — IRGC/IFSR,2026-09-22
"AFONIN, Yuriy Vyacheslavovich",RU,US OFAC SDN — RUSSIA-EO14024,2026-09-22
AGAPE SHIPPING INC,MH,US OFAC SDN — IRAN-EO13902,2026-09-22
"AGARWAL, Ketan",IN,US OFAC SDN — IRAN-EO13902,2026-09-22
AGAT ELECTROMECHANICAL PLANT OJSC,BY,US OFAC SDN — BELARUS-EO14038,2026-09-22
"AGHA AHMADI, Mohammad",IR,US OFAC SDN — IRGC/IFSR,2026-09-22
"AGHA-AHMADI, Ali",IR,US OFAC SDN — IRGC/IFSR,2026-09-22
"AGHAJANI, Hosein",ZZ,US OFAC SDN — IRGC/IFSR,2026-09-22
"AGHAJANI, Saeed",IR,US OFAC SDN — IRGC/IFSR,2026-09-22
"AGHAMIRI, Seyyed Mohammad Amin",IR,US OFAC SDN — IRAN-TRA/IRAN-EO13846,2026-09-22
AGILITY SHIPPING LIMITED,CN,US OFAC SDN — IRAN-EO13846,2026-09-22
AGRICULTURAL DEVELOPMENT BANK,KP,US OFAC SDN — DPRK4,2026-09-22
"AGRICULTURAL, MEDICAL, AND INDUSTRIAL RESEARCH CENTER",IR,US OFAC SDN — IRAN,2026-09-22
AGROHOLDING KUBAN,RU,US OFAC SDN — UKRAINE-EO13661/UKRAINE-EO13662,2026-09-22
"AHADZADEH, Sajjad",IR,US OFAC SDN — IFSR/IRAN-CON-ARMS-EO,2026-09-22
"AHMAD, Firas",ZZ,US OFAC SDN — NPWMD,2026-09-22
"AHMADI, Mansour",IR,US OFAC SDN — IRGC/IFSR,2026-09-22
"AHMADI, Rahim",ZZ,US OFAC SDN — NPWMD/IFSR,2026-09-22
"AHMADIAN, Ali Akbar",ZZ,US OFAC SDN — NPWMD/IRGC/IFSR,2026-09-22
AIR KORYO,KP,US OFAC SDN — DPRK3,2026-09-22
"AIRCRAFT, AVIONICS, PARTS & SUPPORT LTD.",GB,US OFAC SDN — IFSR,2026-09-22
AIRFIX AVIATION OY,FI,US OFAC SDN — UKRAINE-EO13661,2026-09-22
AIX COMPANY LIMITED,CN,US OFAC SDN — IRAN-EO13846,2026-09-22
"AJAKA, Tony",ZZ,US OFAC SDN — NPWMD,2026-09-22
AKADEMIK CHERSKIY,RU,US OFAC SDN — RUSSIA-EO14024,2026-09-22
AKADEMIK GUBKIN,RU,US OFAC SDN — UKRAINE-EO13662/RUSSIA-EO14024,2026-09-22
"AKBARIANA, Omid",IR,US OFAC SDN — IRAN-HR,2026-09-22
AKHMAT KADYROV FOUNDATION,RU,US OFAC SDN — RUSSIA-EO14024,2026-09-22
"AKIMOV, Andrey Igorevich",RU,US OFAC SDN — UKRAINE-EO13661/RUSSIA-EO14024,2026-09-22
AKOYA GAS,TZ,US OFAC SDN — IRAN-EO13846,2026-09-22
AKRESTSINA DETENTION CENTER,BY,US OFAC SDN — BELARUS,2026-09-22
"AKSAKOV, Anatoly Gennadyevich",RU,US OFAC SDN — RUSSIA-EO14024,2026-09-22
"AKSENENKO, Alexander Sergeyevich",RU,US OFAC SDN — RUSSIA-EO14024,2026-09-22
"AKSIANCHUK, Aliaksandra",BY,US OFAC SDN — BELARUS-EO14038,2026-09-22
"AKSYONOV, Sergey Valeryevich",ZZ,US OFAC SDN — UKRAINE-EO13660,2026-09-22
AKTSIONERNOE OBSCHESTVO 'YALTINSKAYA KINODSTUDIYA',UA,US OFAC SDN — UKRAINE-EO13685,2026-09-22
AKTSIONERNOE OBSHCHESTVO ACHIMGAZ,RU,US OFAC SDN — UKRAINE-EO13662/RUSSIA-EO14024,2026-09-22
AKTSIONERNOE OBSHCHESTVO AST,RU,US OFAC SDN — NPWMD/CAATSA - RUSSIA/RUSSIA-EO14024,2026-09-22
AKTSIONERNOE OBSHCHESTVO ATLANT TORG,RU,US OFAC SDN — UKRAINE-EO13662/RUSSIA-EO14024,2026-09-22
AKTSIONERNOE OBSHCHESTVO FINTENDER,RU,US OFAC SDN — RUSSIA-EO14024,2026-09-22
AKTSIONERNOE OBSHCHESTVO GAZPROM SHELFPROEKT,RU,US OFAC SDN — UKRAINE-EO13662/RUSSIA-EO14024,2026-09-22
AKTSIONERNOE OBSHCHESTVO GRUPPA KREMNII EL,RU,US OFAC SDN — UKRAINE-EO13662/RUSSIA-EO14024,2026-09-22
AKTSIONERNOE OBSHCHESTVO PASIT,RU,US OFAC SDN — RUSSIA-EO14024,2026-09-22
AKTSIONERNOE OBSHCHESTVO POZITIV TEKNOLODZHIZ,RU,US OFAC SDN — NPWMD/CAATSA - RUSSIA/RUSSIA-EO14024,2026-09-22
AKTSIONERNOE OBSHCHESTVO RTS-KHOLDING,RU,US OFAC SDN — RUSSIA-EO14024,2026-09-22
AKTSIONERNOE OBSHCHESTVO RUSGAZDOBYCHA,RU,US OFAC SDN — UKRAINE-EO13662/RUSSIA-EO14024,2026-09-22
AKTSIONERNOE OBSHCHESTVO SAMOTLORNEFTEPROMKHIM,RU,US OFAC SDN — UKRAINE-EO13662/RUSSIA-EO14024,2026-09-22
AKTSIONERNOE OBSHCHESTVO SG-DEVELOPMENT,RU,US OFAC SDN — UKRAINE-EO13662/RUSSIA-EO14024,2026-09-22
AKTSIONERNOE OBSHCHESTVO SOVKOMBANK STRAKHOVANIE,RU,US OFAC SDN — RUSSIA-EO14024,2026-09-22
AKTSIONERNOE OBSHCHESTVO TRANZAKTSII I RASCHETY,RU,US OFAC SDN — UKRAINE-EO13662/RUSSIA-EO14024,2026-09-22
AKTSIONERNOE OBSHCHESTVO TSENTR EKSPLUATATSIONNYKH USLUG,RU,US OFAC SDN — UKRAINE-EO13662/RUSSIA-EO14024,2026-09-22
AKTSIONERNOE OBSHCHESTVO UPRAVLENIE PO POVYSHENIYU NEFTEOTDACHI PLASTOV I KAPITALNOMU REMONTU SKVAZHIN,RU,US OFAC SDN — UKRAINE-EO13662/RUSSIA-EO14024,2026-09-22
AL ANCHOR SHIP MANAGEMENT FZE,AE,US OFAC SDN — IRAN-EO13846,2026-09-22
AL DIAB II,PW,US OFAC SDN — IRAN-EO13902,2026-09-22
AL KASHAF PETROLEUM AND PETROCHEMICAL TRADING L.L.C,AE,US OFAC SDN — IRAN-EO13846,2026-09-22
AL KHAMAEL MARITIME SERVICES,IQ,US OFAC SDN — IRGC/IFSR,2026-09-22
AL SAFA,PA,US OFAC SDN — IRAN-EO13846,2026-09-22
AL SIDDEEQ,PA,US OFAC SDN — IRAN-EO13846,2026-09-22
AL-BILAD ISLAMIC BANK FOR INVESTMENT AND FINANCE P.S.C.,IQ,US OFAC SDN — IRGC/IFSR,2026-09-22
"AL-GHAIB, Seyyed Heshmatollah Hayat",IR,US OFAC SDN — IRAN-HR,2026-09-22
"AL-HAJJ, Yahya",ZZ,US OFAC SDN — IRGC/IFSR,2026-09-22
AL-NASER AIRLINES,IQ,US OFAC SDN — IFSR,2026-09-22
AL-QATIRJI COMPANY,SY,US OFAC SDN — IFSR,2026-09-22
"AL-SAMARRA'I, Waleed Khaled Hameed",AE,US OFAC SDN — IRAN-EO13902,2026-09-22
"AL-TAF, Ali Asghar",IR,US OFAC SDN — IRGC/IFSR,2026-09-22
"AL-ZAYDI, Shibl Muhsin 'Ubayd",IQ,US OFAC SDN — IRGC/IFSR,2026-09-22
"ALA'ODDINI, Yahya",IR,US OFAC SDN — IRGC/IRAN-HR,2026-09-22
ALAM ALTHRWA GENERAL TRADING LLC,AE,US OFAC SDN — IRAN-EO13846,2026-09-22
"ALAVI, Mahmoud",IR,US OFAC SDN — IRAN-HR,2026-09-22
ALBAHR ALAAHMAR ENERGY FZE,AE,US OFAC SDN — IRAN-EO13846,2026-09-22
ALBAHR ALAAHMAR OFFSHORE REFINED OIL PRODUCT TRADING L.L.C,AE,US OFAC SDN — IRAN-EO13846,2026-09-22
ALC DISKOMS,BY,US OFAC SDN — BELARUS-EO14038,2026-09-22
ALCHEMICAL SOLUTIONS PRIVATE LIMITED,IN,US OFAC SDN — IRAN-EO13846,2026-09-22
"ALCHWIKI, Mhd Amer",GB,US OFAC SDN — IRGC/IFSR,2026-09-22
ALE,LR,US OFAC SDN — IRAN-EO13902,2026-09-22
ALEAH SHIPPING INC,VG,US OFAC SDN — IRAN-EO13902,2026-09-22
"ALEKHIN, Andrey Anatolyevich",RU,US OFAC SDN — RUSSIA-EO14024,2026-09-22
"ALEKPEROV, Yusuf Vagitovich",RU,US OFAC SDN — UKRAINE-EO13662/RUSSIA-EO14024,2026-09-22
ALEKSEY CHIRIKOV,RU,US OFAC SDN — UKRAINE-EO13662/RUSSIA-EO14024,2026-09-22
"ALEKSIN, Aliaksey Ivanavich",BY,US OFAC SDN — BELARUS,2026-09-22
"ALEKSIN, Dzmitry Aliakseevich",BY,US OFAC SDN — BELARUS-EO14038,2026-09-22
"ALEKSIN, Vital Aliakseevich",BY,US OFAC SDN — BELARUS-EO14038,2026-09-22
"ALEKSINA, Ina Vladimirovna",BY,US OFAC SDN — BELARUS-EO14038,2026-09-22
ALEKSINSKII KHIMICHESKII KOMBINAT,RU,US OFAC SDN — UKRAINE-EO13662/RUSSIA-EO14024,2026-09-22
ALEXANDER BEGGROV,RU,US OFAC SDN — UKRAINE-EO13662/RUSSIA-EO14024,2026-09-22
ALEXANDRA,LR,US OFAC SDN — IRAN-EO13902,2026-09-22
ALEXEY BOGOLYUBOV,RU,US OFAC SDN — UKRAINE-EO13662/RUSSIA-EO14024,2026-09-22
"ALEXSEYEV, Vladimir Stepanovich",ZZ,US OFAC SDN — CAATSA - RUSSIA,2026-09-22
ALEXSONG PTE LTD,SG,US OFAC SDN — RUSSIA-EO14024,2026-09-22
ALFA CAPITAL MARKETS LTD,CY,US OFAC SDN — RUSSIA-EO14024,2026-09-22
ALFA-DIRECT,RU,US OFAC SDN — RUSSIA-EO14024,2026-09-22
ALFA-FOREX LLC,RU,US OFAC SDN — RUSSIA-EO14024,2026-09-22
ALFA-LIZING OOO,RU,US OFAC SDN — RUSSIA-EO14024,2026-09-22
ALFASTRAKHOVANIE GROUP,RU,US OFAC SDN — UKRAINE-EO13662/RUSSIA-EO14024,2026-09-22
ALGAE SHIP CHARTER - FZCO,AE,US OFAC SDN — IRAN-EO13902,2026-09-22
"ALGHASI-MEHR, Delavar",IR,US OFAC SDN — IRAN-HR,2026-09-22
"ALGUADIS, Selim",ZZ,US OFAC SDN — NPWMD,2026-09-22
ALI ALMUTAWA PETROLEUM AND PETROCHEMICAL TRADING L.L.C.,AE,US OFAC SDN — IRAN-EO13846,2026-09-22
"ALI NOORINAJAD, Mohammad",IR,US OFAC SDN — IRAN-HR,2026-09-22
"ALI, Alhaitham Al",SK,US OFAC SDN — BELARUS-EO14038,2026-09-22
"ALI-ASGARI, Abdulali",IR,US OFAC SDN — IRAN-TRA,2026-09-22
ALIAF COMPANY,IR,US OFAC SDN — IRAN-EO13876,2026-09-22
"ALIKHANI, Mohsen",IR,US OFAC SDN — IRAN-EO13876,2026-09-22
ALISSA,GA,US OFAC SDN — UKRAINE-EO13662/RUSSIA-EO14024,2026-09-22
ALKES TREID OOO,RU,US OFAC SDN — RUSSIA-EO14024,2026-09-22
ALKONOST MARITIME DMCC,AE,US OFAC SDN — IRAN-EO13846,2026-09-22
ALL WIN SHIPPING MANAGEMENT LIMITED,CN,US OFAC SDN — IRAN-EO13846,2026-09-22
"ALLAHDAD, Hushang",ZZ,US OFAC SDN — IRGC/IFSR,2026-09-22
"ALLAHKARAM, Hossein",IR,US OFAC SDN — IRAN-HR,2026-09-22
ALLIANCE ENERGY PVT. LIMITED,PK,US OFAC SDN — IRAN-EO13846,2026-09-22
"ALLOUCH, Aziz",ZZ,US OFAC SDN — NPWMD,2026-09-22
ALMAHDI ALUMINUM CO.,IR,US OFAC SDN — IRAN-EO13871,2026-09-22
ALMANAC SHIP MANAGEMENT LLC,AE,US OFAC SDN — IRAN-EO13846,2026-09-22
ALPHA TECH TRADING FZE,AE,US OFAC SDN — IRAN-EO13846,2026-09-22
ALPHABET INTERNATIONAL DMCC,AE,US OFAC SDN — IRAN-EO13846,2026-09-22
ALSEERAH TRADING L.L.C,AE,US OFAC SDN — IRAN-EO13846,2026-09-22
ALSHIVAN LINE TRADING FZE,AE,US OFAC SDN — IRAN-EO13846,2026-09-22
ALT CAPITAL PTE. LTD,SG,US OFAC SDN — IRAN-EO13846,2026-09-22
"ALTABAEVA, Ekateryna Borysovna",RU,US OFAC SDN — UKRAINE-EO13660/RUSSIA-EO14024,2026-09-22
ALTITUDE X3 LTD,BM,US OFAC SDN — RUSSIA-EO14024,2026-09-22
ALUMINAT,IR,US OFAC SDN — NPWMD/IFSR,2026-09-22
ALVAN,IR,US OFAC SDN — IRAN/NPWMD/IFSR,2026-09-22
ALWANEO L.L.C. CO.,AE,US OFAC SDN — IRAN-EO13846,2026-09-22
ALWAYS SMOOTH LTD,GB,US OFAC SDN — DPRK4,2026-09-22
ALYA MARINE SENDIRIAN BERHAD,MY,US OFAC SDN — IRAN-EO13846,2026-09-22
"ALYOKSA, Aleksandr Ivanovich",BY,US OFAC SDN — BELARUS-EO14038,2026-09-22
AM NOK GANG,KP,US OFAC SDN — DPRK,2026-09-22
AMAD BEHINEH SAZ ENGINEERING COMPANY,IR,US OFAC SDN — IRGC/IFSR,2026-09-22
AMAK,SZ,US OFAC SDN — IRAN-EO13846,2026-09-22
"AMANOLLAHI, Manouchehr",IR,US OFAC SDN — IRAN-HR,2026-09-22
AMBER,IR,US OFAC SDN — IRAN,2026-09-22
AMBER 6,PA,US OFAC SDN — UKRAINE-EO13662/RUSSIA-EO14024,2026-09-22
AMBRA LIMITED,CN,US OFAC SDN — UKRAINE-EO13662/RUSSIA-EO14024,2026-09-22
AMIAS,VN,US OFAC SDN — IRAN-EO13846,2026-09-22
"AMIDI, Reza",ZZ,US OFAC SDN — NPWMD/IFSR,2026-09-22
AMIN INDUSTRIAL COMPLEX,IR,US OFAC SDN — NPWMD/IFSR,2026-09-22
AMIN INVESTMENT BANK,IR,US OFAC SDN — IRAN/IRAN-EO13902,2026-09-22
"AMIN, Alireza",ZZ,US OFAC SDN — IRAN-EO13846,2026-09-22
AMINA,IR,US OFAC SDN — IRAN/NPWMD/IFSR,2026-09-22
"AMINI, Meghdad",ZZ,US OFAC SDN — IRGC/IFSR,2026-09-22
AMIR AL MO'MENIN INDUSTRIES,IR,US OFAC SDN — NPWMD/IFSR,2026-09-22
AMIR KABIR PETROCHEMICAL COMPANY,IR,US OFAC SDN — IRAN-EO13846,2026-09-22
"AMIRI, Mahdi",IR,US OFAC SDN — IRAN-EO13846,2026-09-22
AMITA PETROCHEMICAL TRADING L.L.C,AE,US OFAC SDN — IRAN-EO13902,2026-09-22
"AMJADIAN, Hossein",IR,US OFAC SDN — IRAN-HR,2026-09-22
"AMMOSOV, Petr Revoldovich",RU,US OFAC SDN — RUSSIA-EO14024,2026-09-22
AMMUNITION AND METALLURGY INDUSTRIES GROUP,IR,US OFAC SDN — NPWMD/IFSR,2026-09-22
AMNAFZAR GOSTAR-E SHARIF,IR,US OFAC SDN — IRAN-TRA,2026-09-22
AMNOKGANG TECHNOLOGY DEVELOPMENT COMPANY,KP,US OFAC SDN — DPRK4,2026-09-22
AMON KIMYA VE MAKINA SANAYI VE TICARET LIMITED SIRKETI,TR,US OFAC SDN — IRAN-EO13846,2026-09-22
AMOR,CM,US OFAC SDN — IRAN-EO13846,2026-09-22
AMROGGANG DEVELOPMENT BANK,KP,US OFAC SDN — NPWMD,2026-09-22
AMS GROUP LLC,RU,US OFAC SDN — UKRAINE-EO13662/RUSSIA-EO14024,2026-09-22
AMSHA MARITIME,IN,US OFAC SDN — UKRAINE-EO13662/RUSSIA-EO14024,2026-09-22
AMSTERDAM TRADE BANK NV,NL,US OFAC SDN — RUSSIA-EO14024,2026-09-22
"AMTCHENTSEV, Vladlen",SG,US OFAC SDN — DPRK3,2026-09-22
AN SAN 1,KP,US OFAC SDN — DPRK4,2026-09-22
"ANANCHENKO, Aleksandr Evgenyevich",UA,US OFAC SDN — RUSSIA-EO14065,2026-09-22
"ANANSKIKH, Igor Aleksandrovich",RU,US OFAC SDN — RUSSIA-EO14024,2026-09-22
ANAYA,PA,US OFAC SDN — IRAN-EO13902,2026-09-22
ANBO SHIPPING PTE. LTD.,SG,US OFAC SDN — IRAN-EO13846,2026-09-22
ANDARIEL,KP,US OFAC SDN — DPRK3,2026-09-22
ANDIA,IR,US OFAC SDN — IRAN/NPWMD/IFSR,2026-09-22
ANDISHEH MEHVARAN INVESTMENT COMPANY,IR,US OFAC SDN — IFSR,2026-09-22
ANDISHEH ZOLAL,IR,US OFAC SDN — NPWMD/IFSR,2026-09-22
"ANDREYEV, Vitaliy Sergeyevich",RU,US OFAC SDN — DPRK2,2026-09-22
ANFASAR TRADING S PTE. LTD.,SG,US OFAC SDN — DPRK4,2026-09-22
ANGLO PREMIER SHIPPING PTE. LTD.,SG,US OFAC SDN — IRAN-EO13902,2026-09-22
ANHONA,BZ,US OFAC SDN — IRAN-EO13846,2026-09-22
ANHUI HONGSHENG INTERNATIONAL TRADE CO LTD,CN,US OFAC SDN — UKRAINE-EO13662/RUSSIA-EO14024,2026-09-22
"ANHUI LAND GROUP CO., LIMITED",HK,US OFAC SDN — NPWMD/IFSR,2026-09-22
ANSAR BANK,IR,US OFAC SDN — IRAN/NPWMD/IRGC/IFSR,2026-09-22
ANSAR BANK BROKERAGE COMPANY,IR,US OFAC SDN — IRGC/IFSR,2026-09-22
ANSAR EXCHANGE,IR,US OFAC SDN — IRGC/IFSR,2026-09-22
ANSAR INFORMATION TECHNOLOGY COMPANY,IR,US OFAC SDN — IRGC/IFSR,2026-09-22
ANSAR-E HEZBOLLAH,IR,US OFAC SDN — IRAN-HR,2026-09-22
"ANSARI, Ali",AE,US OFAC SDN — IRGC/IFSR/IRAN-EO13876,2026-09-22
ANTARES I,LR,US OFAC SDN — IRAN-EO13902,2026-09-22
ANTARES OOO,RU,US OFAC SDN — RUSSIA-EO14024,2026-09-22
ANTEY,RU,US OFAC SDN — RUSSIA-EO14024,2026-09-22
"ANTIPOV, Igor Yurievich",UA,US OFAC SDN — UKRAINE-EO13660,2026-09-22
"ANTONOV, Boris Alekseyevich",RU,US OFAC SDN — CAATSA - RUSSIA,2026-09-22
"ANTONOV, Vladimir Nikolaevich",UA,US OFAC SDN — RUSSIA-EO14065,2026-09-22
"ANTYUFEYEV, Vladimir",ZZ,US OFAC SDN — UKRAINE-EO13660,2026-09-22
"ANYUKHINA, Anna Vladimirovna",ZZ,US OFAC SDN — UKRAINE-EO13660,2026-09-22
AO 'INSTITUTE GIPROSTROYMOST-SAINT-PETERSBURG',RU,US OFAC SDN — UKRAINE-EO13685,2026-09-22
AO ABR MANAGEMENT,RU,US OFAC SDN — UKRAINE-EO13661/RUSSIA-EO14024,2026-09-22
AO INFORUS,RU,US OFAC SDN — RUSSIA-EO14024,2026-09-22
AO KONTSERN OKEANPRIBOR,RU,US OFAC SDN — UKRAINE-EO13662,2026-09-22
AO NII VEKTOR,RU,US OFAC SDN — RUSSIA-EO14024,2026-09-22
AO RUSSIAN HIGH TECHNOLOGIES,RU,US OFAC SDN — RUSSIA-EO14024,2026-09-22
AO ZAVOD FIOLENT,UA,US OFAC SDN — UKRAINE-EO13685,2026-09-22
APAMA,IR,US OFAC SDN — IRAN,2026-09-22
APATE,PA,US OFAC SDN — IRAN-EO13902,2026-09-22
APOLLON OOO,RU,US OFAC SDN — DPRK2,2026-09-22
APS 9,SG,US OFAC SDN — IRAN-EO13902,2026-09-22
APUS,PA,US OFAC SDN — UKRAINE-EO13662/RUSSIA-EO14024,2026-09-22
AQUA LIVE,AW,US OFAC SDN — IRAN-EO13846,2026-09-22
AQUA SPIRIT,PA,US OFAC SDN — IRAN-EO13902,2026-09-22
AQUANIKA,RU,US OFAC SDN — UKRAINE-EO13661,2026-09-22
AQUAQUASAR HOLDING LIMITED,AG,US OFAC SDN — UKRAINE-EO13662/RUSSIA-EO14024,2026-09-22
AQUARIS,PA,US OFAC SDN — IRAN-EO13846,2026-09-22
AQUATICA,PA,US OFAC SDN — UKRAINE-EO13662/RUSSIA-EO14024,2026-09-22
AQUILA II,PA,US OFAC SDN — UKRAINE-EO13662/RUSSIA-EO14024,2026-09-22
ARABIAN ENERGY,PA,US OFAC SDN — IRAN-EO13846,2026-09-22
"ARABNEJAD, Hamid",ZZ,US OFAC SDN — IFSR,2026-09-22
"ARAGHI, Abdollah",ZZ,US OFAC SDN — IRGC/IRAN-HR,2026-09-22
"ARAMBUNEZHAD, Hasan",IR,US OFAC SDN — IRGC/IFSR,2026-09-22
"ARANI, Hossein Firouzi",IR,US OFAC SDN — IRAN-EO13846,2026-09-22
ARASH SHIPPING ENTERPRISES LIMITED,CY,US OFAC SDN — IRAN,2026-09-22
"ARBABSIAR, Manssor",US,US OFAC SDN — IRGC/IFSR,2026-09-22
"ARBUZOV, Serhiy",ZZ,US OFAC SDN — UKRAINE-EO13660,2026-09-22
ARCTOS SHIPPING AND TRADE DMCC,AE,US OFAC SDN — UKRAINE-EO13662/RUSSIA-EO14024,2026-09-22
"ARDAKANI, Gholamreza Ebrahimzadeh",IR,US OFAC SDN — NPWMD/IRGC/IFSR,2026-09-22
"ARDAKANI, Hossein Hatefi",IR,US OFAC SDN — NPWMD/IRGC/IFSR,2026-09-22
"ARDAKANI, Masoud Mahdavi",IR,US OFAC SDN — IRAN-EO13902,2026-09-22
ARDAVAN,IR,US OFAC SDN — IRAN/NPWMD/IFSR,2026-09-22
"ARDESTANI, Mohammad Mahdi Khanpour",IR,US OFAC SDN — IRAN-HR,2026-09-22
ARDIS-BEARINGS LLC,RU,US OFAC SDN — NPWMD,2026-09-22
"AREFYEV, Nikolay Vasilyevich",RU,US OFAC SDN — RUSSIA-EO14024,2026-09-22
AREN SHIP MANAGEMENT,BD,US OFAC SDN — IRAN-EO13902,2026-09-22
ARES,CK,US OFAC SDN — IRAN-EO13902,2026-09-22
ARES SHIPPING LIMITED,CN,US OFAC SDN — IRAN-EO13902,2026-09-22
AREZOO,IR,US OFAC SDN — IRAN/NPWMD/IFSR,2026-09-22
ARFA IRON AND STEEL COMPANY,IR,US OFAC SDN — IRAN-EO13871,2026-09-22
ARGO I,IR,US OFAC SDN — IRAN,2026-09-22
ARGO TANKER GROUP LLC,RU,US OFAC SDN — UKRAINE-EO13662/RUSSIA-EO14024,2026-09-22
ARGOS,RU,US OFAC SDN — UKRAINE-EO13662/RUSSIA-EO14024,2026-09-22
ARIA,BB,US OFAC SDN — UKRAINE-EO13662/RUSSIA-EO14024,2026-09-22
ARIA NIKAN MARINE INDUSTRY,IR,US OFAC SDN — NPWMD/IFSR,2026-09-22
ARIA SINA CONTROL INTERNATIONAL TECHNICAL INSPECTION CO.,IR,US OFAC SDN — IRAN-EO13846,2026-09-22
ARIADNE,BB,US OFAC SDN — UKRAINE-EO13662/RUSSIA-EO14024,2026-09-22
ARIAN BANK,AF,US OFAC SDN — IFSR,2026-09-22
ARIAN PASARGAD COMMUNICATIONS AND INFORMATION TECHNOLOGY ECOSYSTEM DEVELOPMENT COMPANY,IR,US OFAC SDN — IRAN-EO13902,2026-09-22
ARIAN PASARGAD COMMUNICATIONS AND INFORMATION TECHNOLOGY INFRASTRUCTURE COMPANY,IR,US OFAC SDN — IRAN-EO13902,2026-09-22
ARIES,IR,US OFAC SDN — IRAN/NPWMD/IFSR,2026-09-22
ARIHANT,PW,US OFAC SDN — IRAN-EO13902,2026-09-22
ARIHANT SHIPPING INC.,PA,US OFAC SDN — IRAN-EO13902,2026-09-22
ARIMERO HOLDING LIMITED,CY,US OFAC SDN — RUSSIA-EO14024,2026-09-22
ARISTOS MARITIME INCORPORATED,MH,US OFAC SDN — UKRAINE-EO13662/RUSSIA-EO14024,2026-09-22
ARJUN,PA,US OFAC SDN — UKRAINE-EO13662/RUSSIA-EO14024,2026-09-22
ARK III,IR,US OFAC SDN — IRAN,2026-09-22
ARKADIA MARITIME INCORPORATED,MH,US OFAC SDN — IRAN-EO13846,2026-09-22
"ARKADIEV, Vladimir Mikhailovich",BY,US OFAC SDN — BELARUS-EO14038,2026-09-22
ARKTIK SPG 1,RU,US OFAC SDN — UKRAINE-EO13662/RUSSIA-EO14024,2026-09-22
ARMADA GLOBAL SHIPPING DMCC,AE,US OFAC SDN — IRAN-EO13902,2026-09-22
ARMAMENT INDUSTRIES GROUP,IR,US OFAC SDN — NPWMD/IFSR,2026-09-22
ARMAN KISH DATA COMMUNICATIONS AND INFORMATION TECHNOLOGY COMPANY,IR,US OFAC SDN — IRAN-EO13902,2026-09-22
"ARMANAZI, Amr",ZZ,US OFAC SDN — NPWMD,2026-09-22
ARMED FORCES GENERAL STAFF,IR,US OFAC SDN — IRAN-EO13876,2026-09-22
ARMED FORCES SOCIAL SECURITY INVESTMENT COMPANY,IR,US OFAC SDN — IRAN-EO13846,2026-09-22
ARMORY ALLIANCE LLC,BY,US OFAC SDN — NPWMD/IFSR/IRAN-CON-ARMS-EO,2026-09-22
ARMY SUPPLY BUREAU,SY,US OFAC SDN — NPWMD/IFSR,2026-09-22
ARNICA,IR,US OFAC SDN — IRAN,2026-09-22
ARSA GAS COMPANY,IR,US OFAC SDN — IRAN-EO13902,2026-09-22
ARSHAM,IR,US OFAC SDN — IRAN/NPWMD/IFSR,2026-09-22
ARTA SHIPPING ENTERPRISES LIMITED,CY,US OFAC SDN — IRAN,2026-09-22
ARTA WAVE SDN BHD,MY,US OFAC SDN — NPWMD/IRGC/IFSR,2026-09-22
ARTABAZ,IR,US OFAC SDN — IRAN/NPWMD/IFSR,2026-09-22
ARTAM,IR,US OFAC SDN — IRAN/NPWMD/IFSR,2026-09-22
ARTARIA,IR,US OFAC SDN — IRAN/NPWMD/IFSR,2026-09-22
ARTAVAND,IR,US OFAC SDN — IRAN/NPWMD/IFSR,2026-09-22
ARTAVIL,IR,US OFAC SDN — IRAN,2026-09-22
ARTEMIS HEART LTD,SC,US OFAC SDN — IRAN-EO13902,2026-09-22
ARTEMIS III,HN,US OFAC SDN — IRAN-EO13846,2026-09-22
ARTEMIS OFFSHORE,RU,US OFAC SDN — RUSSIA-EO14024,2026-09-22
ARTENOS,IR,US OFAC SDN — IRAN/NPWMD/IFSR,2026-09-22
ARTIN,IR,US OFAC SDN — IRAN/NPWMD/IFSR,2026-09-22
ARTMAN,IR,US OFAC SDN — IRAN/NPWMD/IFSR,2026-09-22
ARVANCLOUD GLOBAL TECHNOLOGIES L.L.C.,AE,US OFAC SDN — IRAN-EO13846,2026-09-22
ARVAND ARIAN PASARGAD COMMUNICATIONS AND INFORMATION TECHNOLOGY PAYMENT COMPANY,IR,US OFAC SDN — IRAN-EO13902,2026-09-22
ARVAND KAVEH STEEL CO.,IR,US OFAC SDN — IRAN-EO13876,2026-09-22
ARVIN,IR,US OFAC SDN — IRAN/NPWMD/IFSR,2026-09-22
ARYA SASOL POLYMER,IR,US OFAC SDN — IRAN-EO13846,2026-09-22
ARZIN,IR,US OFAC SDN — IRAN/NPWMD/IFSR,2026-09-22
ARZO ALTEJARA FOR GOODS WHOLESALERS CO. L.L.C,AE,US OFAC SDN — IRAN-EO13846,2026-09-22
"ASADROUZ, Abbass",IR,US OFAC SDN — IRAN-EO13902,2026-09-22
ASAN SHIPPING ENTERPRISE LIMITED,MT,US OFAC SDN — IRAN,2026-09-22
"ASAN, Nihat Abdul Kadir",IR,US OFAC SDN — IRAN-HR,2026-09-22
ASATRYAN LIMITED LIABILITY COMPANY,RU,US OFAC SDN — DPRK3,2026-09-22
"ASATRYAN, Gayk",RU,US OFAC SDN — DPRK3,2026-09-22
ASCOTEC HOLDING GMBH,DE,US OFAC SDN — IRAN,2026-09-22
ASCOTEC JAPAN K.K.,JP,US OFAC SDN — IRAN,2026-09-22
ASCOTEC MINERAL & MACHINERY GMBH,DE,US OFAC SDN — IRAN,2026-09-22
ASCOTEC SCIENCE & TECHNOLOGY GMBH,DE,US OFAC SDN — IRAN,2026-09-22
ASCOTEC STEEL TRADING GMBH,DE,US OFAC SDN — IRAN,2026-09-22
"ASGARI, Hassan",IR,US OFAC SDN — IRGC/IFSR/IRAN-HR,2026-09-22
"ASGHARIAN, Reza",IR,US OFAC SDN — IRAN-HR,2026-09-22
"ASGHARZADEH, Abdollah",ZZ,US OFAC SDN — NPWMD/IFSR,2026-09-22
"ASHFIELD, Jeffrey John James",GB,US OFAC SDN — IFSR,2026-09-22
"ASHRAQ, Hamidraza",IR,US OFAC SDN — IRAN-HR,2026-09-22
"ASHTARI FARD, Hossein",IR,US OFAC SDN — IRAN-HR,2026-09-22
"ASHTIANI, Mohammad-Reza",IR,US OFAC SDN — IRAN-EO13876/IRAN-CON-ARMS-EO,2026-09-22
ASIA BRIDGE,ZZ,US OFAC SDN — DPRK4,2026-09-22
ASIA BRIDGE 1,ZZ,US OFAC SDN — DPRK4,2026-09-22
ASIA ENERGY GENERAL TRADING (LLC),AE,US OFAC SDN — IRAN,2026-09-22
ASIA FUEL PTE. LTD.,SG,US OFAC SDN — IRAN-EO13846,2026-09-22
"ASIABANI, Kourosh",IR,US OFAC SDN — IRGC/IRAN-HR/CAATSA - IRAN,2026-09-22
ASIAN AVIATION LOGISTICS COMPANY LIMITED,TH,US OFAC SDN — IFSR,2026-09-22
ASIAN SEA ANGEL SHIPPING CO,IR,US OFAC SDN — IRAN-EO13846,2026-09-22
ASIAN ZONE TRADING L.L.C,AE,US OFAC SDN — IRAN-EO13846,2026-09-22
ASSOCIATION FOR FREE RESEARCH AND INTERNATIONAL COOPERATION,RU,US OFAC SDN — UKRAINE-EO13661,2026-09-22
ASTAN QUDS RAZAVI,IR,US OFAC SDN — IRAN-EO13876,2026-09-22
ASTERIX,GM,US OFAC SDN — IRAN-EO13846,2026-09-22
ASTRA,GA,US OFAC SDN — IRAN-EO13846,2026-09-22
"ASTREIKA, Alyaksandr Vyachaslavavich",BY,US OFAC SDN — BELARUS,2026-09-22
ASTRID MENKS LIMITED,CN,US OFAC SDN — IRAN-EO13902,2026-09-22
"ATABAK, Seyyed Mohammad",IR,US OFAC SDN — IRAN-EO13876,2026-09-22
"ATABAKI, Alireza",ZZ,US OFAC SDN — IRGC/IFSR,2026-09-22
"ATABEKAU, Khazalbek Bakhtsibekavich",BY,US OFAC SDN — BELARUS,2026-09-22
ATEELA 1,IR,US OFAC SDN — IRAN-EO13902,2026-09-22
ATEELA 2,IR,US OFAC SDN — IRAN-EO13902,2026-09-22
ATLANTIC NAVIGATION OPC PRIVATE LIMITED,IN,US OFAC SDN — IRAN-EO13846,2026-09-22
ATLANTIC SHIPPING & TRANS,IR,US OFAC SDN — IRAN,2026-09-22
ATLAS,BB,US OFAC SDN — UKRAINE-EO13662/RUSSIA-EO14024,2026-09-22
ATLAS KIAN QESHM,IR,US OFAC SDN — IRAN,2026-09-22
ATLAS NNB,RU,US OFAC SDN — UKRAINE-EO13662/RUSSIA-EO14024,2026-09-22
ATOMIC ENERGY ORGANIZATION OF IRAN,IR,US OFAC SDN — IRAN/NPWMD/IFSR,2026-09-22
ATOMIC FUEL DEVELOPMENT ENGINEERING COMPANY,IR,US OFAC SDN — IRAN,2026-09-22
ATTICA,GA,US OFAC SDN — UKRAINE-EO13662/RUSSIA-EO14024,2026-09-22
AUCTION LIMITED LIABILITY COMPANY,RU,US OFAC SDN — UKRAINE-EO13662/RUSSIA-EO14024,2026-09-22
AULIS,PA,US OFAC SDN — UKRAINE-EO13662/RUSSIA-EO14024,2026-09-22
"AUNG, Tin Myo",MM,US OFAC SDN — DPRK,2026-09-22
AURA,MZ,US OFAC SDN — IRAN-EO13902,2026-09-22
AURA LINES INC.,MH,US OFAC SDN — IRAN-EO13902,2026-09-22
"AURAMENKA, Aliaksei Mikalaevich",BY,US OFAC SDN — BELARUS-EO14038,2026-09-22
AURORA RILEY,PA,US OFAC SDN — IRAN-EO13902,2026-09-22
AUROURA,PA,US OFAC SDN — IRAN-EO13902,2026-09-22
AUSTINSHIP MANAGEMENT PRIVATE LIMITED,IN,US OFAC SDN — IRAN-EO13846,2026-09-22
AUTOLEX TRANSPORT LTD.,SC,US OFAC SDN — UKRAINE-EO13661,2026-09-22
AVA 10,KM,US OFAC SDN — IRAN-EO13846,2026-09-22
AVANFORT OOO,RU,US OFAC SDN — RUSSIA-EO14024,2026-09-22
AVANG,IR,US OFAC SDN — IRAN/NPWMD/IFSR,2026-09-22
AVANI LINES INC,MH,US OFAC SDN — IRAN-EO13846,2026-09-22
"AVDEYEV, Mikhail Yuryevich",RU,US OFAC SDN — RUSSIA-EO14024,2026-09-22
AVENTUS I,PA,US OFAC SDN — IRAN-EO13846,2026-09-22
AVIA GROUP LLC,RU,US OFAC SDN — UKRAINE-EO13661,2026-09-22
AVIA GROUP NORD LLC,RU,US OFAC SDN — UKRAINE-EO13661,2026-09-22
AVIA GROUP TERMINAL LIMITED LIABILITY COMPANY,RU,US OFAC SDN — UKRAINE-EO13661,2026-09-22
AVIAKOMPANIYA BELKANTO LLC,BY,US OFAC SDN — BELARUS-EO14038,2026-09-22
AVIAKOMPANIYA RADA LLC,BY,US OFAC SDN — RUSSIA-EO14024/BELARUS-EO14038,2026-09-22
AVIASTAR-SP AIRCRAFT MANUFACTURING ENTERPRISE,RU,US OFAC SDN — RUSSIA-EO14024,2026-09-22
AVIATION CAPITAL SOLUTIONS LTD.,GB,US OFAC SDN — IFSR,2026-09-22
AVITAL,CM,US OFAC SDN — IRAN-EO13846,2026-09-22
AVON,KM,US OFAC SDN — IRAN-EO13902,2026-09-22
AYANDEH BANK,IR,US OFAC SDN — IRAN-TRA,2026-09-22
AYDEN,PA,US OFAC SDN — IRAN-EO13902,2026-09-22
AYNAZ,IR,US OFAC SDN — IRAN/NPWMD/IFSR,2026-09-22
AYSAN,IR,US OFAC SDN — IRAN/NPWMD/IFSR,2026-09-22
AZADEGAN TRANSPORTATION COMPANY,IR,US OFAC SDN — IRGC/IFSR,2026-09-22
"AZADEH, Ahmad Reza",IR,US OFAC SDN — IRAN-HR,2026-09-22
"AZADKHANI, Amirhossein",IR,US OFAC SDN — IRAN-HR,2026-09-22
"AZAMI, Seyed Reza Mousavi",IR,US OFAC SDN — IRAN-HR,2026-09-22
AZAR INVESTMENT,IR,US OFAC SDN — IRAN,2026-09-22
AZAR PAD QESHM,IR,US OFAC SDN — IRAN,2026-09-22
AZARGOUN,IR,US OFAC SDN — IRAN/NPWMD/IFSR,2026-09-22
"AZARI JAHROMI, Mohammad Javad",IR,US OFAC SDN — IRAN/IRAN-TRA,2026-09-22
"AZAROV, Mykola Yanovych",ZZ,US OFAC SDN — UKRAINE-EO13660,2026-09-22
"AZARPISHEH, Mehdi",IR,US OFAC SDN — IRGC/IFSR,2026-09-22
"AZEMSHA, Siarhei Yakaulevich",BY,US OFAC SDN — BELARUS-EO14038,2026-09-22
AZERBAIJAN CONSTRUCTION,IR,US OFAC SDN — IRAN,2026-09-22
"AZIMI, Mohammad Nazar",IR,US OFAC SDN — IRGC/IRAN-HR/CAATSA - IRAN,2026-09-22
"AZIZABADI, Reza Mohammadi",IR,US OFAC SDN — IRAN-HR,2026-09-22
"AZIZKHANI, Esma'il",IR,US OFAC SDN — IRGC/IFSR,2026-09-22
B AND P SOLUTIONS PRIVATE LIMITED,ZZ,US OFAC SDN — IRAN-EO13902,2026-09-22
B K SALES CORPORATION,IN,US OFAC SDN — IRAN-EO13846,2026-09-22
B-FINANCE LTD,VG,US OFAC SDN — UKRAINE-EO13661/UKRAINE-EO13662,2026-09-22
BAB AL BARSHA TRADING L.L.C,AE,US OFAC SDN — IRAN-EO13846,2026-09-22
"BABAIE, Nematollah Hosein",IR,US OFAC SDN — IRAN-HR,2026-09-22
"BABAKOV, Alexander Mikhailovich",RU,US OFAC SDN — UKRAINE-EO13661/RUSSIA-EO14024,2026-09-22
"BABAMORADI, Jamal",IR,US OFAC SDN — IRGC/IRAN-HR,2026-09-22
"BABARIKIN, Vadim Aleksandrovich",BY,US OFAC SDN — BELARUS-EO14038,2026-09-22
"BABICH, Ivan Nikolayevich",RU,US OFAC SDN — RUSSIA-EO14024,2026-09-22
BABYLON NAVIGATION DMCC,AE,US OFAC SDN — IRAN-EO13902,2026-09-22
BACKSTREET PALM CORP,SC,US OFAC SDN — IRAN-EO13902,2026-09-22
"BADIN, Yadollah",IR,US OFAC SDN — IRGC/IFSR,2026-09-22
BADR,IR,US OFAC SDN — IRAN,2026-09-22
BAEK MA KANG,KP,US OFAC SDN — DPRK,2026-09-22
"BAGHERI, Mohammad",IR,US OFAC SDN — IRAN-EO13876,2026-09-22
"BAGHERI, Nematollah",IR,US OFAC SDN — IRGC/IFSR/IRAN-HR,2026-09-22
"BAGHLANI, Mahmud",IR,US OFAC SDN — IRGC/IRAN-HR,2026-09-22
BAGHMISHEH RESIDENTIAL DEVELOPMENT,IR,US OFAC SDN — IRAN,2026-09-22
"BAGRECHA, Swaroop Jayantilal",IN,US OFAC SDN — IRAN-EO13846,2026-09-22
"BAHADORI, Masoud",ZZ,US OFAC SDN — IRAN,2026-09-22
BAHJAT,IR,US OFAC SDN — IRAN/NPWMD/IFSR,2026-09-22
BAHJAT AL KAWTHAR COMPANY FOR CONSTRUCTION AND TRADING LTD.,IQ,US OFAC SDN — IRGC/IFSR,2026-09-22
BAHMAN GROUP,IR,US OFAC SDN — IFSR,2026-09-22
"BAHMANYAR, Bahmanyar Morteza",ZZ,US OFAC SDN — NPWMD/IFSR,2026-09-22
"BAKHAREV, Konstantin Mikhailovich",RU,US OFAC SDN — UKRAINE-EO13660/RUSSIA-EO14024,2026-09-22
"BAKHSH HABIBI, Roham",IR,US OFAC SDN — IRAN-HR,2026-09-22
"BAKHSHI, Dariush",IR,US OFAC SDN — IRAN-HR,2026-09-22
BAKHT AL AZHAR TRADING L.L.C,AE,US OFAC SDN — IRAN-EO13846,2026-09-22
BAKHTAR COMMERCIAL COMPANY,IR,US OFAC SDN — IRAN-EO13846,2026-09-22
BAKHTEMIR,RU,US OFAC SDN — RUSSIA-EO14024,2026-09-22
"BALABA, Dzmitriy Uladzimiravich",BY,US OFAC SDN — BELARUS,2026-09-22
"BALBEK, Ruslan Ismailovich",ZZ,US OFAC SDN — UKRAINE-EO13660,2026-09-22
"BALDOUSKAYA, Alena Anatolieuna",BY,US OFAC SDN — BELARUS-EO14038,2026-09-22
BALTIC HORIZON,PA,US OFAC SDN — IRAN-EO13846,2026-09-22
BALTIC LEADER,RU,US OFAC SDN — RUSSIA-EO14024,2026-09-22
BALTIYSKIY ISSLEDOVATEL,RU,US OFAC SDN — RUSSIA-EO14024,2026-09-22
BANCO VTB AFRICA SA,AO,US OFAC SDN — UKRAINE-EO13662/RUSSIA-EO14024,2026-09-22
BANDAR ABBAS ZINC PRODUCTION COMPANY,IR,US OFAC SDN — IFSR,2026-09-22
BANDAR IMAM PETROCHEMICAL COMPANY,IR,US OFAC SDN — IRAN/NPWMD/IFSR,2026-09-22
BANEH,IR,US OFAC SDN — IRAN,2026-09-22
BANK BELVEB OJSC,BY,US OFAC SDN — UKRAINE-EO13662/RUSSIA-EO14024,2026-09-22
BANK DABRABYT JOINT STOCK COMPANY,BY,US OFAC SDN — BELARUS-EO14038,2026-09-22
BANK KARGOSHAEE,IR,US OFAC SDN — IFSR,2026-09-22
BANK KESHAVARZI IRAN,IR,US OFAC SDN — IRAN/IRAN-EO13902,2026-09-22
BANK MARKAZI JOMHOURI ISLAMI IRAN,IR,US OFAC SDN — IRAN/IRGC/IFSR,2026-09-22
BANK MASKAN,IR,US OFAC SDN — IRAN/IRAN-EO13902,2026-09-22
BANK MELLAT,IR,US OFAC SDN — IRAN/IFSR,2026-09-22
BANK MELLI IRAN,IR,US OFAC SDN — IRAN/IFSR,2026-09-22
BANK NATIONAL FACTORING COMPANY JOINT STOCK COMPANY,RU,US OFAC SDN — RUSSIA-EO14024,2026-09-22
BANK OF EAST LAND,KP,US OFAC SDN — DPRK,2026-09-22
BANK OF INDUSTRY AND MINE,IR,US OFAC SDN — IRAN/NPWMD/IFSR,2026-09-22
BANK REFAH KARGARAN,IR,US OFAC SDN — IRAN/IRAN-EO13902,2026-09-22
BANK ROSSIYA,RU,US OFAC SDN — UKRAINE-EO13661,2026-09-22
BANK SADERAT IRAN,IR,US OFAC SDN — IRAN/IFSR,2026-09-22
BANK SADERAT PLC,GB,US OFAC SDN — IRAN/IFSR,2026-09-22
BANK SAINT-PETERSBURG PUBLIC JOINT STOCK COMPANY,RU,US OFAC SDN — UKRAINE-EO13662/RUSSIA-EO14024,2026-09-22
BANK SEPAH,IR,US OFAC SDN — IRAN/NPWMD/IFSR,2026-09-22
BANK SEPAH INTERNATIONAL PLC,GB,US OFAC SDN — NPWMD/IFSR,2026-09-22
BANK TEJARAT,IR,US OFAC SDN — IRAN/NPWMD/IFSR,2026-09-22
BANK TORGOVOY KAPITAL ZAO,BY,US OFAC SDN — IRAN/NPWMD/IFSR,2026-09-22
BANK VTB KAZAKHSTAN JOINT STOCK COMPANY,KZ,US OFAC SDN — UKRAINE-EO13662/RUSSIA-EO14024,2026-09-22
BANK ZENIT PUBLIC JOINT STOCK COMPANY,RU,US OFAC SDN — UKRAINE-EO13662/RUSSIA-EO14024,2026-09-22
BANK-E SHAHR,IR,US OFAC SDN — IRAN/IRAN-EO13902,2026-09-22
"BAOGANG DONGYING DONGGANG LOGISTICS AND WAREHOUSING CO., LTD.",CN,US OFAC SDN — IRAN-EO13902,2026-09-22
BAQIYATTALLAH UNIVERSITY OF MEDICAL SCIENCES,IR,US OFAC SDN — NPWMD/IRGC/IFSR,2026-09-22
"BARABANOV, Oleg Fedorovich",BY,US OFAC SDN — BELARUS-EO14038,2026-09-22
BARKAT VENTURES,IR,US OFAC SDN — IRAN-EO13876,2026-09-22
"BARMAHANI, Mohsen",IR,US OFAC SDN — IRAN-EO13846,2026-09-22
"BARSUKOU, Alyaksandr Pyatrovich",BY,US OFAC SDN — BELARUS,2026-09-22
"BARZA STYLE & MODE CO., LIMITED",CN,US OFAC SDN — IRAN-EO13846,2026-09-22
BASAMAD ELECTRONIC POUYA ENGINEERING LIMITED LIABILITY COMPANY,IR,US OFAC SDN — NPWMD/IRGC/IFSR,2026-09-22
"BASERI, Mohammad",IR,US OFAC SDN — IRAN-HR,2026-09-22
BASHT,IR,US OFAC SDN — IRAN/NPWMD/IFSR,2026-09-22
BASIC ELEMENT LIMITED,JE,US OFAC SDN — UKRAINE-EO13661/UKRAINE-EO13662,2026-09-22
BASIJ RESISTANCE FORCE,IR,US OFAC SDN — IRGC/IFSR/IRAN-HR,2026-09-22
BASKAR,IR,US OFAC SDN — IRAN/NPWMD/IFSR,2026-09-22
"BASKAU, Dzmitriy Yurievich",BY,US OFAC SDN — BELARUS-EO14038,2026-09-22
"BASOVA, Lidia Aleksandrovna",UA,US OFAC SDN — UKRAINE-EO13660,2026-09-22
"BASRAI, Murtuza Mustafamunir",SG,US OFAC SDN — IRAN-EO13846,2026-09-22
"BASURIN, Eduard",ZZ,US OFAC SDN — UKRAINE-EO13660,2026-09-22
BATELEUR,PA,US OFAC SDN — IRAN-EO13846,2026-09-22
"BATENI, Naser",ZZ,US OFAC SDN — IRAN,2026-09-22
BATIS,IR,US OFAC SDN — IRAN/NPWMD/IFSR,2026-09-22
BAVAND,IR,US OFAC SDN — IRAN/NPWMD/IFSR,2026-09-22
BAVI GENERAL TRADING CO L.L.C,AE,US OFAC SDN — IRAN-EO13846,2026-09-22
"BAYANDARIAN, Ali",ZZ,US OFAC SDN — IRAN-EO13846,2026-09-22
"BAZGHANDI, Rouhollah",IR,US OFAC SDN — IRGC/IFSR,2026-09-22
"BAZVAND, Mustafa",IR,US OFAC SDN — IRGC/IRAN-HR,2026-09-22
"BEDUNKEVICH, Mikhail Petrovich",BY,US OFAC SDN — BELARUS-EO14038,2026-09-22
"BEGLOV, Aleksandr Dmitrievich",RU,US OFAC SDN — RUSSIA-EO14024,2026-09-22
BEH TAM RAVANKAR,IR,US OFAC SDN — IRAN-EO13876,2026-09-22
BEHDAD,IR,US OFAC SDN — IRAN/NPWMD/IFSR,2026-09-22
BEHDOKHT,IR,US OFAC SDN — IRAN/NPWMD/IFSR,2026-09-22
BEHENGAM TADBIR QESHM SHIPPING AND MARITIME SERVICES COMPANY,IR,US OFAC SDN — IRAN-EO13902,2026-09-22
"BEHESHTI RAD, Saeed",ZZ,US OFAC SDN — IRGC/IRAN-HR,2026-09-22
BEHINEH TRADING,IR,US OFAC SDN — IFSR,2026-09-22
BEHNAM SHAHRIYARI TRADING COMPANY,IR,US OFAC SDN — IFSR,2026-09-22
BEHNAVAZ,IR,US OFAC SDN — IRAN/NPWMD/IFSR,2026-09-22
BEHRAN OIL CO.,IR,US OFAC SDN — IRAN-EO13876,2026-09-22
BEHRAN TRADING COMPANY,IR,US OFAC SDN — IRAN-EO13876,2026-09-22
BEHSAZ KASHANE TEHRAN CONSTRUCTION CO.,IR,US OFAC SDN — IRAN,2026-09-22
BEHSAZAN PARS EQUIPMENT DEVELOPMENT,IR,US OFAC SDN — IRAN,2026-09-22
BEHSHAD,IR,US OFAC SDN — IRAN/NPWMD/IFSR,2026-09-22
BEHTA,IR,US OFAC SDN — IRAN/NPWMD/IFSR,2026-09-22
"BEIJING ALITE TECHNOLOGIES CO., LTD.",CN,US OFAC SDN — NPWMD/IFSR,2026-09-22
BEIJING CHENGXING TRADING CO. LTD.,CN,US OFAC SDN — DPRK4,2026-09-22
BEIJING SUKBAKSO,CN,US OFAC SDN — DPRK3/DPRK-NKSPEA,2026-09-22
"BEKGOZ, Cengiz",TR,US OFAC SDN — IRAN-EO13846,2026-09-22
BELARUSIAN OIL TRADE HOUSE,BY,US OFAC SDN — BELARUS,2026-09-22
BELARUSSIAN BANK OF DEVELOPMENT AND RECONSTRUCTION BELINVESTBANK JOINT STOCK COMPANY,BY,US OFAC SDN — BELARUS-EO14038,2026-09-22
"BELAVENCEV, Oleg Evgenyevich",ZZ,US OFAC SDN — UKRAINE-EO13661,2026-09-22
"BELIK, Dmitry Anatolievich",RU,US OFAC SDN — UKRAINE-EO13660/RUSSIA-EO14024,2026-09-22
BELIZE SHIP AND LOGISTIC LIMITED,IR,US OFAC SDN — IRAN,2026-09-22
BELIZE SHIPPING LINE SERVICE LIMITED,IR,US OFAC SDN — IRAN,2026-09-22
BELKAZTRANS,BY,US OFAC SDN — BELARUS,2026-09-22
BELKAZTRANS UKRAINE,UA,US OFAC SDN — BELARUS,2026-09-22
BELLA,RU,US OFAC SDN — DPRK4,2026-09-22
BELLAGIO,LR,US OFAC SDN — IRAN-EO13902,2026-09-22
BELNEFTEKHIM,BY,US OFAC SDN — BELARUS,2026-09-22
"BELNEFTEKHIM USA, INC.",US,US OFAC SDN — BELARUS,2026-09-22
"BELOUSOV, Mikhail Nikolaevich",UA,US OFAC SDN — UKRAINE-EO13685,2026-09-22
"BELOUSOV, Vadim Vladimirovich",RU,US OFAC SDN — RUSSIA-EO14024,2026-09-22
BELSHINA OAO,BY,US OFAC SDN — BELARUS,2026-09-22
BELVNESHPROMSERVICE,BY,US OFAC SDN — NPWMD/IFSR,2026-09-22
BENDIGO,BB,US OFAC SDN — IRAN-EO13846,2026-09-22
BENEATHCO DMCC,AE,US OFAC SDN — IRAN-EO13846,2026-09-22
BENEDICT,CM,US OFAC SDN — IRAN-EO13846,2026-09-22
BENLAI,BB,US OFAC SDN — IRAN-EO13846,2026-09-22
BENOIL SHIPPING INC,LR,US OFAC SDN — IRAN-EO13902,2026-09-22
BERATEX GROUP LIMITED,SC,US OFAC SDN — UKRAINE-EO13661,2026-09-22
BERENICE PRIDE,PA,US OFAC SDN — IRAN-EO13846,2026-09-22
"BEREZIN, Fedor",ZZ,US OFAC SDN — UKRAINE-EO13660,2026-09-22
BERG 1,PA,US OFAC SDN — IRAN-EO13846,2026-09-22
"BERJISIAN, Adel",IR,US OFAC SDN — IRAN-EO13902,2026-09-22
"BERNOVA, Evgeniya Vladimirovna",MT,US OFAC SDN — RUSSIA-EO14024,2026-09-22
BERTHA,CK,US OFAC SDN — IRAN-EO13902,2026-09-22
BERTHA SHIPPING INC.,MH,US OFAC SDN — IRAN-EO13902,2026-09-22
BERTIE,LR,US OFAC SDN — IRAN-EO13902,2026-09-22
"BESEDA, Sergey",ZZ,US OFAC SDN — UKRAINE-EO13661,2026-09-22
"BESSONOV, Yevgeniy Ivanovich",RU,US OFAC SDN — RUSSIA-EO14024,2026-09-22
BEST2PAY LIMITED,RU,US OFAC SDN — RUSSIA-EO14024,2026-09-22
BESTLA,PA,US OFAC SDN — IRAN-EO13902,2026-09-22
BESTLA COMPANY LIMITED,MH,US OFAC SDN — IRAN-EO13902,2026-09-22
BETENSH GLOBAL INVESTMENT LIMITED AND DONG DONG SHIPPING LIMITED,VG,US OFAC SDN — IRAN-EO13902,2026-09-22
BETTER FUTURE GENERAL TRADING CO LLC,AE,US OFAC SDN — IRAN-EO13871,2026-09-22
"BEURKLIAN, Anni",LB,US OFAC SDN — NPWMD,2026-09-22
"BEZLER, Igor Nikolayevich",ZZ,US OFAC SDN — UKRAINE-EO13660,2026-09-22
"BHATT, Niti Unmesh",IN,US OFAC SDN — IRAN-EO13846,2026-09-22
"BHORE, Mohammed Shaheed Ruknooddin",IN,US OFAC SDN — IRAN-EO13846,2026-09-22
BIANCA,LR,US OFAC SDN — IRAN-EO13902,2026-09-22
BIANCA JOYSEL,PA,US OFAC SDN — IRAN-EO13902,2026-09-22
"BIFOV, Anatoly Zhamalovich",RU,US OFAC SDN — RUSSIA-EO14024,2026-09-22
BIG MAG,PA,US OFAC SDN — IRAN-EO13902,2026-09-22
BIGLI,LR,US OFAC SDN — IRAN-EO13902,2026-09-22
BIIS MARITIME LIMITED,MT,US OFAC SDN — IRAN,2026-09-22
BIKE CENTER,RU,US OFAC SDN — UKRAINE-EO13660,2026-09-22
BIMEH IRAN INSURANCE COMPANY (U.K.) LIMITED,GB,US OFAC SDN — IRAN,2026-09-22
"BIN AHMAD, Fadzlon",SG,US OFAC SDN — IRAN-EO13846,2026-09-22
"BIN FADZLON, Muhammad Danial",SG,US OFAC SDN — IRAN-EO13846,2026-09-22
BINRIN LIMITED,CN,US OFAC SDN — IRAN-EO13846,2026-09-22
"BIRANG, Ali Morteza",IR,US OFAC SDN — IRAN-EO13902,2026-09-22
"BITAR, Bayan",SY,US OFAC SDN — NPWMD,2026-09-22
BLACK PANTHER,PA,US OFAC SDN — IRAN-EO13902,2026-09-22
BLACK PEARL ENERGY TRADING LLC,AE,US OFAC SDN — UKRAINE-EO13662/RUSSIA-EO14024,2026-09-22
BLACK SHIELD COMPANY FOR GENERAL TRADING LLC,IQ,US OFAC SDN — BELARUS-EO14038,2026-09-22
BLACK STONE OIL AND GAS,OM,US OFAC SDN — IRAN-EO13902,2026-09-22
"BLOTSKY, Vladimir Nikolayevich",RU,US OFAC SDN — RUSSIA-EO14024,2026-09-22
BLUE AIRWAYS,IR,US OFAC SDN — IFSR,2026-09-22
BLUE CACTUS HEAVY EQUIPMENT AND MACHINERY SPARE PARTS TRADING L.L.C.,AE,US OFAC SDN — IRAN-EO13846,2026-09-22
BLUE GULF,PW,US OFAC SDN — IRAN-EO13902,2026-09-22
BLUE OCEAN MARINE COMPANY LIMITED,CN,US OFAC SDN — IRAN-EO13902,2026-09-22
BLUE TANKER SHIPPING SA,AE,US OFAC SDN — IRAN,2026-09-22
BLUEJOURNEY SHIPPING LIMITED,AG,US OFAC SDN — UKRAINE-EO13662/RUSSIA-EO14024,2026-09-22
BLUENOROFF,KP,US OFAC SDN — DPRK3,2026-09-22
BM BANK JSC,RU,US OFAC SDN — UKRAINE-EO13662/RUSSIA-EO14024,2026-09-22
"BOBKOV, Sergei Alekseevich",RU,US OFAC SDN — CAATSA - RUSSIA,2026-09-22
"BOBYLEV, Peter Mikhailovich",RU,US OFAC SDN — UKRAINE-EO13662/RUSSIA-EO14024,2026-09-22
"BOCHUANG CERAMIC, INC.",CN,US OFAC SDN — NPWMD/IFSR,2026-09-22
BODHI,CM,US OFAC SDN — IRAN-EO13846,2026-09-22
BOGATYR,RU,US OFAC SDN — DPRK4,2026-09-22
"BOGDANOV, Vladimir Leonidovich",RU,US OFAC SDN — UKRAINE-EO13662/RUSSIA-EO14024,2026-09-22
"BOHATYRIOVA, Raisa Vasylivna",ZZ,US OFAC SDN — UKRAINE-EO13660,2026-09-22
BOLERO,BB,US OFAC SDN — UKRAINE-EO13662/RUSSIA-EO14024,2026-09-22
"BOLOTOV, Valery",ZZ,US OFAC SDN — UKRAINE-EO13660,2026-09-22
BONAB STEEL INDUSTRY COMPLEX,IR,US OFAC SDN — IRAN-EO13871,2026-09-22
BONJOURE COMMODITY F.Z.E.,AE,US OFAC SDN — IRAN-EO13846,2026-09-22
BONJOURE INTERNATIONAL FZCO,AE,US OFAC SDN — IRAN-EO13846,2026-09-22
BONYAD EASTERN RAILWAY COMPANY,IR,US OFAC SDN — IRAN-EO13876,2026-09-22
BONYAD SHIPPING AGENCIES COMPANY,IR,US OFAC SDN — IRAN-EO13876,2026-09-22
BONYAD TAAVON BASIJ,IR,US OFAC SDN — IFSR,2026-09-22
BONYAD TAAVON SEPAH,IR,US OFAC SDN — NPWMD/IRGC/IFSR/IRAN-HR,2026-09-22
BONYAN DANESH SHARGH PRIVATE COMPANY,IR,US OFAC SDN — NPWMD/IRGC/IFSR,2026-09-22
BORAY,RU,US OFAC SDN — UKRAINE-EO13662/RUSSIA-EO14024,2026-09-22
BORDO PLASTIC MATERIALS TRADING L.L.C,AE,US OFAC SDN — IRAN-EO13846,2026-09-22
BOREY G,PA,US OFAC SDN — UKRAINE-EO13662/RUSSIA-EO14024,2026-09-22
"BORGHEI, Amir-Mansour",IR,US OFAC SDN — IRAN-EO13876,2026-09-22
"BORODAY, Alexander Yuryevich",RU,US OFAC SDN — UKRAINE-EO13660/RUSSIA-EO14024,2026-09-22
"BORODULINA, Svetlana Alekseevna",ZZ,US OFAC SDN — UKRAINE-EO13660,2026-09-22
"BORTNIKOV, Alexander Vasilievich",RU,US OFAC SDN — NPWMD/UKRAINE-EO13661/RUSSIA-EO14024,2026-09-22
"BORTNIKOV, Denis Aleksandrovich",RU,US OFAC SDN — RUSSIA-EO14024,2026-09-22
BOSCO GILAN,IR,US OFAC SDN — IRAN-EO13876,2026-09-22
"BOVARD, Hamid",IR,US OFAC SDN — IRAN-EO13902,2026-09-22
"BOYARKIN, Victor Alekseyevich",RU,US OFAC SDN — UKRAINE-EO13661/UKRAINE-EO13662,2026-09-22
"BOZORG, Marzieh",ZZ,US OFAC SDN — NPWMD/IFSR,2026-09-22
"BOZOYAN, Yurii Meruzhanovich",RU,US OFAC SDN — CAATSA - RUSSIA,2026-09-22
BPT SHIPPING CO L.L.C,AE,US OFAC SDN — IRAN-EO13902,2026-09-22
"BRAIM, Dmitry",BY,US OFAC SDN — BELARUS-EO14038,2026-09-22
BRANCH 1 OF THE SHIRAZ REVOLUTIONARY COURT,IR,US OFAC SDN — CAATSA - IRAN,2026-09-22
"BRAR, Jugwinder Singh",AE,US OFAC SDN — IRAN-EO13902,2026-09-22
BRAVA LAKE,BB,US OFAC SDN — IRAN-EO13902,2026-09-22
BRECALIN HONG KONG CO LTD,CN,US OFAC SDN — IRAN-EO13846,2026-09-22
BREEZE MARINE ASSET MANAGEMENT INC,AE,US OFAC SDN — IRAN-EO13846,2026-09-22
BRELYAN,IR,US OFAC SDN — IRAN/NPWMD/IFSR,2026-09-22
BREYELLER STAHL TECHNOLOGY GMBH & CO. KG,DE,US OFAC SDN — IRAN,2026-09-22
BRIONT,PA,US OFAC SDN — IRAN-EO13902,2026-09-22
BRITNEY RYDER LIMITED,CN,US OFAC SDN — IRAN-EO13902,2026-09-22
BS BRAVO,GA,US OFAC SDN — IRAN-EO13846,2026-09-22
BS COMPANY OFFSHORE,LB,US OFAC SDN — IRAN-EO13902,2026-09-22
BSM MARINE LIMITED LIABILITY PARTNERSHIP,IN,US OFAC SDN — IRAN-EO13846,2026-09-22
BSTSHESH HK LIMITED,CN,US OFAC SDN — IRAN-EO13902,2026-09-22
BU ALI SINA PETROCHEMICAL COMPANY,IR,US OFAC SDN — IRAN/NPWMD/IFSR,2026-09-22
"BUALI, Yadollah",IR,US OFAC SDN — IRGC/IFSR/IRAN-HR,2026-09-22
"BUDNEV, Aleksey",RU,US OFAC SDN — DPRK,2026-09-22
"BUJAR, Farhad",ZZ,US OFAC SDN — NPWMD/IFSR,2026-09-22
BUK,RU,US OFAC SDN — UKRAINE-EO13662/RUSSIA-EO14024,2026-09-22
"BULAVIN, Vladimir Ivanovich",RU,US OFAC SDN — RUSSIA-EO14024,2026-09-22
"BULGAKOV, Dmitry",RU,US OFAC SDN — RUSSIA-EO14024,2026-09-22
"BULGAKOV, Sergei Viktorovich",UA,US OFAC SDN — UKRAINE-EO13685,2026-09-22
"BULGAKOV, Vadim Viktorovich",UA,US OFAC SDN — UKRAINE-EO13660,2026-09-22
"BULYUTIN, Andrey",GB,US OFAC SDN — UKRAINE-EO13661,2026-09-22
"BUNAKOV, Andrei Nikolayevich",BY,US OFAC SDN — BELARUS,2026-09-22
"BURLINOVA, Natalya Valeryevna",RU,US OFAC SDN — RUSSIA-EO14024,2026-09-22
"BURLYAYEV, Nikolay Petrovich",RU,US OFAC SDN — RUSSIA-EO14024,2026-09-22
BUSHEHR PETROCHEMICAL COMPANY,IR,US OFAC SDN — IRAN-EO13846,2026-09-22
BUSHEHR PRISON,IR,US OFAC SDN — CAATSA - IRAN,2026-09-22
BUSHEHR SHIPPING COMPANY LIMITED,MT,US OFAC SDN — IRAN,2026-09-22
"BUSHMIN, Evgeni Viktorovich",ZZ,US OFAC SDN — UKRAINE-EO13661,2026-09-22
BUSINESS LAB,SY,US OFAC SDN — NPWMD,2026-09-22
BUSINESS-FINANCE LIMITED LIABILITY COMPANY,RU,US OFAC SDN — RUSSIA-EO14024,2026-09-22
"BUTKEVICH, Ihar Yauhenavich",BY,US OFAC SDN — BELARUS-EO14038,2026-09-22
"BYCHAK, Kanstantsin Fiodaravich",BY,US OFAC SDN — BELARUS-EO14038,2026-09-22
"BYCHKOV, Pyotr Aleksandrovich",RU,US OFAC SDN — UKRAINE-EO13661,2026-09-22
C. J. SHAH AND CO.,IN,US OFAC SDN — IRAN-EO13846,2026-09-22
"CADEDDU, Elisabetta",IT,US OFAC SDN — IRAN-EO13902,2026-09-22
CALCIMIN,IR,US OFAC SDN — IFSR,2026-09-22
CALLISTO,BB,US OFAC SDN — UKRAINE-EO13662/RUSSIA-EO14024,2026-09-22
CALM BRIDGE,ZZ,US OFAC SDN — DPRK4,2026-09-22
"CAMBIS, Dimitris",ZZ,US OFAC SDN — IRAN,2026-09-22
CAMILLA,LR,US OFAC SDN — IRAN-EO13902,2026-09-22
CANDID GENERAL TRADING LLC,AE,US OFAC SDN — NPWMD/IFSR,2026-09-22
CANES VENATICI LIMITED,CN,US OFAC SDN — IRAN-EO13902,2026-09-22
CANGJIE,CK,US OFAC SDN — UKRAINE-EO13662/RUSSIA-EO14024,2026-09-22
CANKIRI,PA,US OFAC SDN — UKRAINE-EO13662/RUSSIA-EO14024,2026-09-22
"CANKO, Ali",ZZ,US OFAC SDN — NPWMD/IFSR,2026-09-22
CANREACH,HK,US OFAC SDN — IRAN/NPWMD/IFSR,2026-09-22
CAPELLA,BB,US OFAC SDN — UKRAINE-EO13662/RUSSIA-EO14024,2026-09-22
CAPTAIN DYNASTY SHIPPING L.L.C,AE,US OFAC SDN — IRAN-EO13902,2026-09-22
CAPTAIN KOSTICHEV,PA,US OFAC SDN — UKRAINE-EO13662/RUSSIA-EO14024,2026-09-22
CARINA,BB,US OFAC SDN — IRAN-EO13846,2026-09-22
CARL,BB,US OFAC SDN — UKRAINE-EO13662/RUSSIA-EO14024,2026-09-22
CARLINGTON PETROCHEM FZCO,AE,US OFAC SDN — IRAN-EO13902,2026-09-22
CARNATIC,BB,US OFAC SDN — IRAN-EO13846,2026-09-22
CAROL,KN,US OFAC SDN — IRAN-EO13846,2026-09-22
CARVANA COMPANY,IR,US OFAC SDN — NPWMD/IFSR,2026-09-22
CASINOVA,BB,US OFAC SDN — IRAN-EO13902,2026-09-22
CASPIA,IR,US OFAC SDN — IRAN/NPWMD/IFSR,2026-09-22
CASPIAN AIRLINES,IR,US OFAC SDN — IFSR,2026-09-22
CASPIAN MARITIME LIMITED,CY,US OFAC SDN — IRAN,2026-09-22
CASPIAN PETROCHEMICAL FZE,AE,US OFAC SDN — IRAN-EO13902,2026-09-22
CASSIOPEIA,BB,US OFAC SDN — UKRAINE-EO13662/RUSSIA-EO14024,2026-09-22
CATALINA 7,PA,US OFAC SDN — IRAN-EO13902,2026-09-22
CATHAY HARVEST MARINE LTD,CN,US OFAC SDN — IRAN-EO13846,2026-09-22
CAUVERI,CM,US OFAC SDN — IRAN-EO13902,2026-09-22
CELEBES,ID,US OFAC SDN — IRAN-EO13846,2026-09-22
CELESTIAL STAR CORPORATION,SC,US OFAC SDN — UKRAINE-EO13662/RUSSIA-EO14024,2026-09-22
"CELESTINO HERRERA, York Louis",ES,US OFAC SDN — DPRK4,2026-09-22
CELESTITE MARITIME INC,MH,US OFAC SDN — IRAN-EO13902,2026-09-22
CELIA ARMAS LTD,CN,US OFAC SDN — IRAN-EO13846,2026-09-22
CENTER FOR INNOVATION AND TECHNOLOGY COOPERATION,IR,US OFAC SDN — NPWMD/IFSR/IRAN-CON-ARMS-EO,2026-09-22
CENTER FOR SUPPORT AND DEVELOPMENT OF PUBLIC INITIATIVE CREATIVE DIPLOMACY,RU,US OFAC SDN — RUSSIA-EO14024,2026-09-22
CENTER TO INVESTIGATE ORGANIZED CRIME,IR,US OFAC SDN — IRAN-TRA,2026-09-22
CENTRAL BANK OF THE DEMOCRATIC PEOPLE'S REPUBLIC OF KOREA,KP,US OFAC SDN — DPRK3,2026-09-22
CENTRAL ELECTION COMMISSION OF THE REPUBLIC OF BELARUS,BY,US OFAC SDN — BELARUS/BELARUS-EO14038,2026-09-22
CENTRAL PUBLIC PROSECUTORS OFFICE,KP,US OFAC SDN — DPRK2,2026-09-22
CENTRAL REPUBLIC BANK,UA,US OFAC SDN — UKRAINE-EO13660,2026-09-22
CENTURONIC LTD,CY,US OFAC SDN — BELARUS-EO14038,2026-09-22
CEPHEUS,PA,US OFAC SDN — UKRAINE-EO13662/RUSSIA-EO14024,2026-09-22
CERES I,ST,US OFAC SDN — IRAN-EO13902,2026-09-22
CERES SHIPPING LIMITED,CN,US OFAC SDN — IRAN-EO13902,2026-09-22
CERUS,KN,US OFAC SDN — IRAN-EO13902,2026-09-22
CESARIA,PW,US OFAC SDN — IRAN-EO13902,2026-09-22
CH BILLION,PA,US OFAC SDN — IRAN-EO13902,2026-09-22
"CH'OE, So'k-min",CN,US OFAC SDN — DPRK2,2026-09-22
CH'OLHYO'N OVERSEAS CONSTRUCTION COMPANY,KW,US OFAC SDN — DPRK3,2026-09-22
"CHA, Sung Jun",CN,US OFAC SDN — DPRK4,2026-09-22
CHADORMALU MINING & INDUSTRIAL COMPANY,IR,US OFAC SDN — IRAN-EO13871,2026-09-22
"CHAHARMAHALI, Ali",IR,US OFAC SDN — IRAN-HR,2026-09-22
"CHAHINE, Mireille",ZZ,US OFAC SDN — NPWMD,2026-09-22
"CHALIY, Aleksei Mikhailovich",ZZ,US OFAC SDN — UKRAINE-EO13660,2026-09-22
CHAMAIYATI DOROI MASAULIYATI MAKHDUDI GAZPROM NEFT TADZHIKISTAN,TJ,US OFAC SDN — UKRAINE-EO13662/RUSSIA-EO14024,2026-09-22
CHAMTANG,PA,US OFAC SDN — IRAN-EO13846,2026-09-22
CHANG AN SHIPPING & TECHNOLOGY,CN,US OFAC SDN — DPRK4,2026-09-22
"CHANG GUANG SATELLITE TECHNOLOGY CO., LTD.",CN,US OFAC SDN — IRAN-CON-ARMS-EO/RUSSIA-EO14024,2026-09-22
"CHANG, Chang-ha",ZZ,US OFAC SDN — DPRK2,2026-09-22
"CHANG, Kyong-hwa",ZZ,US OFAC SDN — DPRK2,2026-09-22
"CHANG, Myong-Chin",ZZ,US OFAC SDN — NPWMD,2026-09-22
"CHANG, Wen-Fu",ZZ,US OFAC SDN — NPWMD,2026-09-22
CHANGBAI GLORY SHIPPING LIMITED,MH,US OFAC SDN — IRAN-EO13902,2026-09-22
"CHAPLIN, Nikita Yuryevich",RU,US OFAC SDN — RUSSIA-EO14024,2026-09-22
"CHARHEIKA, Siarhei",BY,US OFAC SDN — BELARUS-EO14038,2026-09-22
CHARMINAR,PA,US OFAC SDN — IRAN-EO13902,2026-09-22
"CHASOVNIKOV, Aleksandr Aleksandrovich",RU,US OFAC SDN — DPRK2,2026-09-22
"CHAYKA, Yuriy Yakovlevich",RU,US OFAC SDN — RUSSIA-EO14024,2026-09-22
CHEIL CREDIT BANK,KP,US OFAC SDN — DPRK4,2026-09-22
CHEKAD SANAT FARAZ ASIA,IR,US OFAC SDN — IRAN-CON-ARMS-EO,2026-09-22
"CHEMEZOV, Alexander Sergeevich",RU,US OFAC SDN — RUSSIA-EO14024,2026-09-22
"CHEMEZOV, Sergei",RU,US OFAC SDN — UKRAINE-EO13661/RUSSIA-EO14024,2026-09-22
"CHEMEZOV, Sergey Sergeevich",RU,US OFAC SDN — RUSSIA-EO14024,2026-09-22
"CHEMEZOV, Stanislav Sergeyevich",RU,US OFAC SDN — RUSSIA-EO14024,2026-09-22
CHEMICAL INDUSTRIES & DEVELOPMENT OF MATERIALS GROUP,IR,US OFAC SDN — NPWMD/IFSR,2026-09-22
CHEMIX TRADING L.L.C,AE,US OFAC SDN — IRAN-EO13846,2026-09-22
"CHEMODANOV, Denis Grigorievich",BY,US OFAC SDN — BELARUS-EO14038,2026-09-22
CHEMOVICK PRIVATE LIMITED,IN,US OFAC SDN — IRAN-EO13846,2026-09-22
CHEMTRANS PETROCHEMICALS TRADING LLC,AE,US OFAC SDN — IRAN-EO13846,2026-09-22
"CHEN, Mei Hsiang",TW,US OFAC SDN — DPRK4,2026-09-22
"CHEN, Mingfu",ZZ,US OFAC SDN — NPWMD/IFSR,2026-09-22
"CHEN, Shih Huan",TW,US OFAC SDN — DPRK4,2026-09-22
CHENG SHIPPING AND TRADER LIMITED,SC,US OFAC SDN — UKRAINE-EO13662/RUSSIA-EO14024,2026-09-22
"CHENG, Hung Man",CN,US OFAC SDN — DPRK3,2026-09-22
"CHEPIGA, Anatoliy Vladimirovich",RU,US OFAC SDN — NPWMD/CAATSA - RUSSIA,2026-09-22
"CHEPIKOV, Sergey Vladimirovich",RU,US OFAC SDN — RUSSIA-EO14024,2026-09-22
"CHEREZOV, Andrey Vladimirovich",RU,US OFAC SDN — UKRAINE-EO13661,2026-09-22
CHERNOMORNEFTEGAZ,UA,US OFAC SDN — UKRAINE-EO13660,2026-09-22
"CHERNOV, Vladimir Nikolaevich",RU,US OFAC SDN — UKRAINE-EO13662/RUSSIA-EO14024,2026-09-22
"CHERNYAK, Alexey Yuryevich",RU,US OFAC SDN — RUSSIA-EO14024,2026-09-22
"CHERNYKH, Tatiana V",ZZ,US OFAC SDN — UKRAINE-EO13661,2026-09-22
"CHERNYSHOV, Boris Aleksandrovich",RU,US OFAC SDN — RUSSIA-EO14024,2026-09-22
"CHI, Yupeng",CN,US OFAC SDN — DPRK3,2026-09-22
CHIL 1,GM,US OFAC SDN — IRAN-EO13902,2026-09-22
CHILSONG TRADING CORPORATION,KP,US OFAC SDN — DPRK2,2026-09-22
"CHINA CONCORD PETROLEUM CO., LIMITED",HK,US OFAC SDN — IRAN-EO13846,2026-09-22
CHINA NATIONAL PRECISION MACHINERY IMPORT/EXPORT CORPORATION,CN,US OFAC SDN — NPWMD/IFSR,2026-09-22
CHINA OIL AND PETROLEUM COMPANY LIMITED,CN,US OFAC SDN — IRGC/IFSR,2026-09-22
CHINYONG INFORMATION TECHNOLOGY COOPERATION COMPANY,KP,US OFAC SDN — DPRK2,2026-09-22
CHIRON 5,KM,US OFAC SDN — IRAN-EO13902,2026-09-22
"CHIVEL, Yuri Aleksandrovich",BY,US OFAC SDN — BELARUS-EO14038,2026-09-22
"CHIZHOV, Sergey Viktorovich",RU,US OFAC SDN — RUSSIA-EO14024,2026-09-22
"CHO, Chun-ryong",ZZ,US OFAC SDN — DPRK2,2026-09-22
"CHO, Il-U",KP,US OFAC SDN — DPRK2,2026-09-22
"CHO, Yon Chun",KP,US OFAC SDN — DPRK2,2026-09-22
"CHOE, Chang Pong",KP,US OFAC SDN — DPRK2,2026-09-22
"CHOE, Chun Pom",CN,US OFAC SDN — DPRK3,2026-09-22
"CHOE, Chun Yong",RU,US OFAC SDN — DPRK3,2026-09-22
"CHOE, Chun-sik",KP,US OFAC SDN — NPWMD,2026-09-22
"CHOE, Hwi",KP,US OFAC SDN — DPRK2,2026-09-22
"CHOE, Pu Il",KP,US OFAC SDN — DPRK3,2026-09-22
"CHOE, Ryong Hae",ZZ,US OFAC SDN — DPRK2,2026-09-22
"CHOE, Song Chol",KP,US OFAC SDN — DPRK4,2026-09-22
"CHOE, Song Il",VN,US OFAC SDN — NPWMD,2026-09-22
"CHOE, Song Nam",CN,US OFAC SDN — DPRK4,2026-09-22
"CHOE, Un Hyok",RU,US OFAC SDN — DPRK3,2026-09-22
"CHOE, Un Jong",CN,US OFAC SDN — DPRK4,2026-09-22
CHON MA SAN,KP,US OFAC SDN — DPRK4,2026-09-22
CHON MYONG 1,KP,US OFAC SDN — DPRK4,2026-09-22
CHONG BONG,KP,US OFAC SDN — DPRK3,2026-09-22
CHONG CHON GANG,KP,US OFAC SDN — DPRK,2026-09-22
CHONG RIM 2,KP,US OFAC SDN — DPRK3,2026-09-22
CHONGBONG SHIPPING CO LTD,KP,US OFAC SDN — DPRK3,2026-09-22
CHONGCHONGANG SHIPPING COMPANY LIMITED,KP,US OFAC SDN — DPRK,2026-09-22
CHONMYONG SHIPPING CO,KP,US OFAC SDN — DPRK4,2026-09-22
CHONSURIM TRADING CORPORATION,KP,US OFAC SDN — DPRK3,2026-09-22
CHRISTOPHE DE MARGERIE,PA,US OFAC SDN — UKRAINE-EO13662/RUSSIA-EO14024,2026-09-22
"CHU, Hyo'k",RU,US OFAC SDN — DPRK4,2026-09-22
"CHU, Kyu-Chang",ZZ,US OFAC SDN — NPWMD,2026-09-22
"CHUDAKOV, Vladimir Vladimirovich",BY,US OFAC SDN — BELARUS-EO14038,2026-09-22
CHUNLING HK LIMITED,CN,US OFAC SDN — IRAN-EO13902,2026-09-22
"CHURO, Leanid Mikalaevich",BY,US OFAC SDN — BELARUS-EO14038,2026-09-22
"CHUYCHENKO, Konstantin Anatolyevich",RU,US OFAC SDN — RUSSIA-EO14024,2026-09-22
"CIRE, Kursad Zafer",ZZ,US OFAC SDN — NPWMD,2026-09-22
CITYWALLSHIP MANAGEMENT CO LTD,CN,US OFAC SDN — IRAN-EO13902,2026-09-22
CIVIC CAPITAL SHIPPING INC.,PA,US OFAC SDN — IRAN-EO13902,2026-09-22
CJSC BELBIZNESLIZING,BY,US OFAC SDN — BELARUS-EO14038,2026-09-22
CJSC BELTECHEXPORT,BY,US OFAC SDN — BELARUS-EO14038,2026-09-22
CJSC SOVMORTRANS,RU,US OFAC SDN — UKRAINE-EO13685,2026-09-22
CJSC VANKORNEFT,RU,US OFAC SDN — UKRAINE-EO13662/RUSSIA-EO14024,2026-09-22
CJSC ZEST,RU,US OFAC SDN — UKRAINE-EO13661,2026-09-22
CK INTERNATIONAL LTD,KP,US OFAC SDN — DPRK4,2026-09-22
CLARA SHIPPING LLC,AE,US OFAC SDN — IRAN-EO13846,2026-09-22
CLASSY PANSY TRADING AND CONTRACTING WLL,QA,US OFAC SDN — IRAN-EO13846,2026-09-22
CLEVER SHIPPING LIMITED,CN,US OFAC SDN — IRAN-EO13846,2026-09-22
CLIO,PA,US OFAC SDN — UKRAINE-EO13662/RUSSIA-EO14024,2026-09-22
CLOSED JOINT STOCK COMPANY ABSOLUTBANK,BY,US OFAC SDN — BELARUS-EO14038,2026-09-22
CLOSED JOINT STOCK COMPANY ENERGO-OIL,BY,US OFAC SDN — BELARUS-EO14038,2026-09-22
CLOSED JOINT-STOCK COMPANY NEW OIL COMPANY,BY,US OFAC SDN — BELARUS-EO14038,2026-09-22
CLOUD SOLUTIONS LLC,RU,US OFAC SDN — CAATSA - RUSSIA,2026-09-22
COAL TAR REFINING COMPANY,IR,US OFAC SDN — IRAN-EO13876,2026-09-22
COBER FZCO DMCC,AE,US OFAC SDN — IRAN-EO13902,2026-09-22
COGNITIVE DESIGN PRODUCTION CENTER,IR,US OFAC SDN — IRGC/IFSR,2026-09-22
COLUMBA LIMITED,CN,US OFAC SDN — UKRAINE-EO13662/RUSSIA-EO14024,2026-09-22
COMFORD MANAGEMENT S.A.,MH,US OFAC SDN — IRAN-EO13902,2026-09-22
COMMAND OF THE MILITARY TRANSPORT AVIATION,RU,US OFAC SDN — IRAN-CON-ARMS-EO/RUSSIA-EO14024,2026-09-22
COMMERCIAL BANK AGROSOYUZ,RU,US OFAC SDN — DPRK4,2026-09-22
COMMERCIAL PARS OIL CO.,IR,US OFAC SDN — IRAN,2026-09-22
COMMITTEE TO DETERMINE INSTANCES OF CRIMINAL CONTENT,IR,US OFAC SDN — IRAN-TRA,2026-09-22
CONCORD CATERING,RU,US OFAC SDN — UKRAINE-EO13661,2026-09-22
CONCORD SHIPPING INC.,MH,US OFAC SDN — IRAN-EO13902,2026-09-22
CONGO ACONDE SARL,CD,US OFAC SDN — DPRK4,2026-09-22
CONMAR MARITIME DMCC,AE,US OFAC SDN — UKRAINE-EO13662/RUSSIA-EO14024,2026-09-22
CONRAD MANAGEMENT COMPANY LLC FZ,AE,US OFAC SDN — UKRAINE-EO13662/RUSSIA-EO14024,2026-09-22
CONSTELLATION MARITIME SERVICES LIMITED,LR,US OFAC SDN — IRAN-EO13902,2026-09-22
CORA LINES INC.,MH,US OFAC SDN — IRAN-EO13902,2026-09-22
CORFU MARITIME AND TRADING S.A.,PA,US OFAC SDN — IRAN-EO13902,2026-09-22
CORONA FUN,PA,US OFAC SDN — IRAN-EO13902,2026-09-22
CORUM,PA,US OFAC SDN — UKRAINE-EO13662/RUSSIA-EO14024,2026-09-22
COSAILING BUSINESS TRADING COMPANY LIMITED,CN,US OFAC SDN — NPWMD/IFSR,2026-09-22
"COSCO SHIPPING TANKER (DALIAN) SEAMAN AND SHIP MANAGEMENT CO., LTD.",CN,US OFAC SDN — IRAN-EO13846,2026-09-22
COSMOS LINES INC,IN,US OFAC SDN — IRAN-EO13846,2026-09-22
COURAGE 7,GA,US OFAC SDN — IRAN-EO13846,2026-09-22
CPMIEC SHANGHAI PUDONG COMPANY,CN,US OFAC SDN — NPWMD/IFSR,2026-09-22
CREDIT BANK OF MOSCOW PUBLIC JOINT STOCK COMPANY,RU,US OFAC SDN — UKRAINE-EO13662/RUSSIA-EO14024,2026-09-22
CREDIT INSTITUTION FOR DEVELOPMENT,IR,US OFAC SDN — IRAN,2026-09-22
CRIMEAN ENTERPRISE AZOV DISTILLERY PLANT,UA,US OFAC SDN — UKRAINE-EO13685,2026-09-22
CRIMEAN PORTS,UA,US OFAC SDN — UKRAINE-EO13685,2026-09-22
CRIMEAN RAILWAY,UA,US OFAC SDN — UKRAINE-EO13685,2026-09-22
"CRIMSON BLUE TRADING CO., LIMITED",CN,US OFAC SDN — IRAN-EO13846,2026-09-22
CRIOS SHIPPING L.L.C,AE,US OFAC SDN — IRAN-EO13902,2026-09-22
CRISTOBAL MARINE CORP.,MH,US OFAC SDN — IRAN-EO13902,2026-09-22
CRIUS,PA,US OFAC SDN — UKRAINE-EO13662/RUSSIA-EO14024,2026-09-22
CRIUS LIMITED,CN,US OFAC SDN — UKRAINE-EO13662/RUSSIA-EO14024,2026-09-22
CROSS OCEAN,PA,US OFAC SDN — IRAN-EO13846,2026-09-22
CRYSTAL BLUE SKY INC,MH,US OFAC SDN — IRAN-EO13846,2026-09-22
CRYSTAL GAS FZE,AE,US OFAC SDN — IRAN-EO13902,2026-09-22
CRYSTAL ROSE,PA,US OFAC SDN — IRAN-EO13846,2026-09-22
CUBE VENTURES SHIPPING SA,MH,US OFAC SDN — UKRAINE-EO13662/RUSSIA-EO14024,2026-09-22
"CULHA, Erhan",ZZ,US OFAC SDN — DPRK,2026-09-22
CUP,AG,US OFAC SDN — UKRAINE-EO13662/RUSSIA-EO14024,2026-09-22
CYLINDER SYSTEM L.T.D.,HR,US OFAC SDN — IRAN,2026-09-22
CYRUS OFFSHORE BANK,IR,US OFAC SDN — IRAN-EO13902,2026-09-22
"DABUL, Samir",ZZ,US OFAC SDN — NPWMD,2026-09-22
"DADASHOVA, Narmina",SG,US OFAC SDN — IRAN-EO13846,2026-09-22
DADEH AFZAR ARMAN,IR,US OFAC SDN — IRGC/IFSR,2026-09-22
DADENEGAR STARTUP STUDIO,IR,US OFAC SDN — IRAN-CON-ARMS-EO,2026-09-22
DAEDONG CREDIT BANK,KP,US OFAC SDN — NPWMD,2026-09-22
DAEWON INDUSTRIES,KP,US OFAC SDN — DPRK3,2026-09-22
DAI HONG DAN,KP,US OFAC SDN — DPRK,2026-09-22
"DAJMAR, Mohammad Hossein",ZZ,US OFAC SDN — IRAN,2026-09-22
"DALIAN GLOBAL UNITY SHIPPING CO., LTD.",CN,US OFAC SDN — DPRK3,2026-09-22
"DALIAN GOLDEN SUN IMPORT AND EXPORT CO., LTD.",CN,US OFAC SDN — IRAN-EO13846,2026-09-22
DALIAN HAIBO INTERNATIONAL FREIGHT CO. LTD.,CN,US OFAC SDN — DPRK3,2026-09-22
"DALIAN SUN MOON STAR INTERNATIONAL LOGISTICS TRADING CO., LTD",CN,US OFAC SDN — DPRK4,2026-09-22
DALIAN ZHENGHUA MAOYI YOUXIAN GONGSI,CN,US OFAC SDN — NPWMD/IFSR,2026-09-22
"DALIAN ZHONGCHUANG CHAR-WHITE CO., LTD.",CN,US OFAC SDN — NPWMD/IFSR,2026-09-22
DAMAVAND MINING,IR,US OFAC SDN — IRAN-EO13876,2026-09-22
"DAMAVANDIAN, Ghassem",IR,US OFAC SDN — NPWMD/IFSR/IRAN-CON-ARMS-EO,2026-09-22
"DAMGHANI, Hamid",IR,US OFAC SDN — IRGC/IFSR/IRAN-HR,2026-09-22
DAN,IR,US OFAC SDN — IRAN,2026-09-22
"DANDONG DONGYUAN INDUSTRIAL CO., LTD.",CN,US OFAC SDN — DPRK4,2026-09-22
DANDONG HONGDA TRADE CO. LTD.,CN,US OFAC SDN — DPRK4,2026-09-22
DANDONG HONGXIANG INDUSTRIAL DEVELOPMENT CO LTD,CN,US OFAC SDN — NPWMD,2026-09-22
"DANDONG JINXIANG TRADE CO., LTD.",CN,US OFAC SDN — DPRK4,2026-09-22
"DANDONG KEHUA ECONOMY & TRADE CO., LTD.",CN,US OFAC SDN — DPRK4,2026-09-22
"DANDONG RICH EARTH TRADING CO., LTD.",CN,US OFAC SDN — NPWMD,2026-09-22
"DANDONG TIANFU TRADE CO., LTD.",CN,US OFAC SDN — DPRK3,2026-09-22
"DANDONG XIANGHE TRADING CO., LTD.",CN,US OFAC SDN — DPRK4,2026-09-22
"DANDONG ZHICHENG METALLIC MATERIAL CO., LTD.",CN,US OFAC SDN — DPRK3,2026-09-22
"DANDONG ZHONGSHENG INDUSTRY & TRADE CO., LTD.",CN,US OFAC SDN — NPWMD,2026-09-22
DANESH SHIPPING COMPANY LIMITED,CY,US OFAC SDN — IRAN,2026-09-22
DANIEL,IR,US OFAC SDN — IRAN,2026-09-22
DANIKA ROBERT LIMITED,CN,US OFAC SDN — UKRAINE-EO13662/RUSSIA-EO14024,2026-09-22
"DANILENKO, Sergei Andreevich",UA,US OFAC SDN — UKRAINE-EO13660,2026-09-22
DAPHNE V,PA,US OFAC SDN — IRAN-EO13902,2026-09-22
"DARASHENKA, Volha Lieanidawna",BY,US OFAC SDN — BELARUS,2026-09-22
"DARIAN, Tenny",ZZ,US OFAC SDN — NPWMD/IFSR,2026-09-22
DART AIRLINES,UA,US OFAC SDN — IFSR,2026-09-22
"DARVISH, Habil",IR,US OFAC SDN — IRAN-HR,2026-09-22
DARYA CAPITAL ADMINISTRATION GMBH,DE,US OFAC SDN — IRAN,2026-09-22
DARYA SHIPPING PRIVATE LIMITED,IN,US OFAC SDN — IRAN-EO13902,2026-09-22
DARYABAR,IR,US OFAC SDN — IRAN/NPWMD/IFSR,2026-09-22
DARYANAVARD KISH,IR,US OFAC SDN — IRAN,2026-09-22
"DASTJERDI, Ahmad Vahid",ZZ,US OFAC SDN — NPWMD/IFSR,2026-09-22
DATA CENTER KIRISHI LIMITED LIABILITY COMPANY,RU,US OFAC SDN — CAATSA - RUSSIA,2026-09-22
DATAVICE MCHJ,UZ,US OFAC SDN — CAATSA - RUSSIA,2026-09-22
DAVAR SHIPPING CO LTD,CY,US OFAC SDN — IRAN,2026-09-22
DAVINA,PW,US OFAC SDN — IRAN-EO13846,2026-09-22
DAVINA SHIPPING INC,MH,US OFAC SDN — IRAN-EO13846,2026-09-22
"DAVOODI, Abolfazl Hossein Pour",IR,US OFAC SDN — IRAN-HR,2026-09-22
"DAVYDZKA, Genadz Branislavavich",BY,US OFAC SDN — BELARUS-EO14038,2026-09-22
DAWN MARINE MANAGEMENT CO LTD,KP,US OFAC SDN — DPRK4,2026-09-22
DAWNLIGHT,MN,US OFAC SDN — DPRK,2026-09-22
DAY BANK,IR,US OFAC SDN — IRAN/IFSR,2026-09-22
DAY COMPANY,IR,US OFAC SDN — IRAN-EO13876,2026-09-22
DAY INVESTMENT,IR,US OFAC SDN — IRAN,2026-09-22
DAYAN GLOBAL TRADE DIS TICARET ITHALAT IHRACAT SANAYI VE TICARET LIMITED SIRKETI,TR,US OFAC SDN — IRAN-EO13846,2026-09-22
"DAYENI, Mahmoud Mohammadi",ZZ,US OFAC SDN — NPWMD/IFSR,2026-09-22
DCB FINANCE LIMITED,VG,US OFAC SDN — NPWMD,2026-09-22
"DEDOV, Mikhail Aleksandrovich",RU,US OFAC SDN — UKRAINE-EO13661,2026-09-22
DEEP CURRENT SHIPPING L.L.C,AE,US OFAC SDN — IRAN-EO13846,2026-09-22
"DEEP OFFSHORE TECHNOLOGY COMPANY,  P.J.S.",IR,US OFAC SDN — NPWMD/IRGC/IFSR,2026-09-22
DEEP SEA,IR,US OFAC SDN — IRAN,2026-09-22
DEFENSE ENGINEERING LIMITED LIABILITY PARTNERSHIP,KZ,US OFAC SDN — DPRK,2026-09-22
DEFENSE INDUSTRIES ORGANIZATION,IR,US OFAC SDN — NPWMD/IFSR/IRAN-CON-ARMS-EO,2026-09-22
"DEHGHAN, Hossein",IR,US OFAC SDN — IRAN-EO13876,2026-09-22
"DEHGHAN, Majid",IR,US OFAC SDN — IRGC/IFSR,2026-09-22
"DEIRY, Mohamad Majd",SY,US OFAC SDN — BELARUS-EO14038,2026-09-22
DELFINA,LR,US OFAC SDN — IRAN-EO13902,2026-09-22
DELICE,IR,US OFAC SDN — IRAN/NPWMD/IFSR,2026-09-22
"DELIMKHANOV, Adam Sultanovich",RU,US OFAC SDN — RUSSIA-EO14024,2026-09-22
DELNAVAZ,IR,US OFAC SDN — IRAN/NPWMD/IFSR,2026-09-22
DELNAZ SHIP MANAGEMENT SDN BHD,MY,US OFAC SDN — IRAN-EO13846,2026-09-22
DELRUBA,IR,US OFAC SDN — IRAN/NPWMD/IFSR,2026-09-22
"DELYAGIN, Mikhail Gennadyevich",RU,US OFAC SDN — RUSSIA-EO14024,2026-09-22
"DEMASURE, Yves Leon Agnes",AE,US OFAC SDN — IRAN-EO13902,2026-09-22
DEMEX TRADING LIMITED DMCC,AE,US OFAC SDN — UKRAINE-EO13662/RUSSIA-EO14024,2026-09-22
"DEMIDOV, Valentin Valentinovich",ZZ,US OFAC SDN — UKRAINE-EO13660,2026-09-22
"DEMIR, Ismail",ZZ,US OFAC SDN — CAATSA - RUSSIA,2026-09-22
DENA AIRWAYS,IR,US OFAC SDN — IFSR,2026-09-22
DENA TANKERS FZE,AE,US OFAC SDN — IRAN,2026-09-22
DENISE COMPANY,LB,US OFAC SDN — NPWMD,2026-09-22
"DENIZ, Mustafa Alper",ZZ,US OFAC SDN — CAATSA - RUSSIA,2026-09-22
DENKARS,RU,US OFAC SDN — UKRAINE-EO13662/RUSSIA-EO14024,2026-09-22
DEPARTMENT 53 OF THE MINISTRY OF THE PEOPLE'S ARMED FORCES,KP,US OFAC SDN — DPRK2,2026-09-22
DEPARTMENT OF FINANCIAL INVESTIGATIONS OF THE STATE CONTROL COMMITTEE OF THE REPUBLIC OF BELARUS,BY,US OFAC SDN — BELARUS-EO14038,2026-09-22
DEPARTMENT OF INTERNAL AFFAIRS OF THE GOMEL REGIONAL EXECUTIVE COMMITTEE,BY,US OFAC SDN — BELARUS,2026-09-22
"DERAKHSHAN, Alireza",MC,US OFAC SDN — IRAN-EO13902,2026-09-22
DERECTTOR COMPANY LIMITED,CN,US OFAC SDN — IRAN-EO13846,2026-09-22
"DERGUNOVA, Olga Konstantinovna",RU,US OFAC SDN — RUSSIA-EO14024,2026-09-22
"DERIPASKA, Oleg Vladimirovich",RU,US OFAC SDN — UKRAINE-EO13661/UKRAINE-EO13662,2026-09-22
DERYA,IR,US OFAC SDN — IRAN,2026-09-22
"DERYUSHKIN, Denis Olegovich",RU,US OFAC SDN — UKRAINE-EO13662/RUSSIA-EO14024,2026-09-22
DESERT PULSE TRADING FZE,AE,US OFAC SDN — IRAN-EO13902,2026-09-22
DESIGN BUREAU OF SPECIAL MACHINE-BUILDING,RU,US OFAC SDN — RUSSIA-EO14024,2026-09-22
DESTINY,IR,US OFAC SDN — IRAN,2026-09-22
DEVON,ZZ,US OFAC SDN — IRAN,2026-09-22
DEVREZ,IR,US OFAC SDN — IRAN/NPWMD/IFSR,2026-09-22
"DEWANTO, Agung Surya",ID,US OFAC SDN — NPWMD/IRGC/IFSR,2026-09-22
"DEXIANG SHIPPING CO., LIMITED",CN,US OFAC SDN — IRAN-EO13902,2026-09-22
DEYNA,PA,US OFAC SDN — UKRAINE-EO13662/RUSSIA-EO14024,2026-09-22
"DEYNEGO, Vladyslav Nykolayevych",ZZ,US OFAC SDN — UKRAINE-EO13660,2026-09-22
DHANU,KN,US OFAC SDN — IRAN-EO13902,2026-09-22
DIAKO IC VE DIS TICARET ANONIM SIRKETI,TR,US OFAC SDN — IRAN-EO13846,2026-09-22
DIAMANTE TANKERS INCORPORATED,PA,US OFAC SDN — IRAN-EO13846,2026-09-22
DIAMOND,BB,US OFAC SDN — UKRAINE-EO13662/RUSSIA-EO14024,2026-09-22
DIAMOND II,IR,US OFAC SDN — IRAN,2026-09-22
DIAMOND TRANSPORTATION LIMITED,IR,US OFAC SDN — IRAN,2026-09-22
DIANA,JM,US OFAC SDN — IRAN-EO13902,2026-09-22
"DIDENKO, Alexey Nikolayevich",RU,US OFAC SDN — RUSSIA-EO14024,2026-09-22
DIGITAL MEDIA LAB,IR,US OFAC SDN — NPWMD/IFSR,2026-09-22
DIGNITY,RU,US OFAC SDN — UKRAINE-EO13662/RUSSIA-EO14024,2026-09-22
DIJILAH,MH,US OFAC SDN — IRAN-EO13902,2026-09-22
DILBAR,KY,US OFAC SDN — RUSSIA-EO14024,2026-09-22
"DIMENSHTEIN, Arkady Samuilovich",BY,US OFAC SDN — BELARUS-EO14038,2026-09-22
DIMITRA II,SM,US OFAC SDN — IRAN-EO13846,2026-09-22
DIMOND TOWN SHIPPING COMPANY,UA,US OFAC SDN — IRAN-EO13846,2026-09-22
DIMOND TRANSPORTATION LIMITED,IR,US OFAC SDN — IRAN,2026-09-22
DINA PETROKIMYA SANAYI TICARET ANONIM SIRKETI,TR,US OFAC SDN — IRAN-EO13846,2026-09-22
DINO I,IR,US OFAC SDN — IRAN,2026-09-22
DINRIN LIMITED,HK,US OFAC SDN — IRAN-EO13846,2026-09-22
DIONA,IR,US OFAC SDN — IRAN,2026-09-22
DIRAC TECHNOLOGY HK LIMITED,CN,US OFAC SDN — NPWMD/IRGC/IFSR,2026-09-22
DIRECTORATE OF INTERNAL AFFAIRS OF THE BREST OBLAST EXECUTIVE COMMITTEE,BY,US OFAC SDN — BELARUS,2026-09-22
DJECO GROUP HOLDING LTD,MT,US OFAC SDN — RUSSIA-EO14024,2026-09-22
DJECO GROUP LP,GB,US OFAC SDN — RUSSIA-EO14024,2026-09-22
"DMITRIEV, Kirill Aleksandrovich",RU,US OFAC SDN — RUSSIA-EO14024,2026-09-22
DMITRY MENDELEEV,RU,US OFAC SDN — UKRAINE-EO13662/RUSSIA-EO14024,2026-09-22
"DMUKHAYLA, Alena Mikalaeuna",BY,US OFAC SDN — BELARUS,2026-09-22
DOBRYNYA,RU,US OFAC SDN — UKRAINE-EO13662/RUSSIA-EO14024,2026-09-22
"DOGAEV, Andrey",ZZ,US OFAC SDN — IRAN-EO13902,2026-09-22
DOK CHON,KP,US OFAC SDN — DPRK,2026-09-22
"DOLGOPOLOV, Andrey Nikolayevich",UA,US OFAC SDN — UKRAINE-EO13685,2026-09-22
DOLPHIN,ST,US OFAC SDN — IRAN-EO13846,2026-09-22
DONBASS PEOPLE'S MILITIA,UA,US OFAC SDN — UKRAINE-EO13660,2026-09-22
DONCOALTRADE SP Z O O,PL,US OFAC SDN — UKRAINE-EO13660,2026-09-22
DONETSK PEOPLE'S REPUBLIC,UA,US OFAC SDN — UKRAINE-EO13660/RUSSIA-EO14065,2026-09-22
DONG FENG 6,TZ,US OFAC SDN — DPRK4,2026-09-22
DONGHAI INTERNATIONAL SHIP MANAGEMENT LTD,CN,US OFAC SDN — IRAN-EO13846,2026-09-22
DOOSTAN INTERNATIONAL COMPANY,IR,US OFAC SDN — NPWMD/IFSR,2026-09-22
DORE,IR,US OFAC SDN — IRAN,2026-09-22
DORENA,IR,US OFAC SDN — IRAN,2026-09-22
DORITA,IR,US OFAC SDN — IRAN/NPWMD/IFSR,2026-09-22
"DOROKHOVA, Nina Viktorovna",RU,US OFAC SDN — NPWMD/CAATSA - RUSSIA,2026-09-22
DOUBLE HARMONY MARINE CORPORATION,SC,US OFAC SDN — UKRAINE-EO13662/RUSSIA-EO14024,2026-09-22
DOURAN SOFTWARE TECHNOLOGIES,IR,US OFAC SDN — IRAN-TRA,2026-09-22
DOVER,IR,US OFAC SDN — IRAN,2026-09-22
DOWNY,IR,US OFAC SDN — IRAN,2026-09-22
DOXA SHIPPING LINE INC,AE,US OFAC SDN — UKRAINE-EO13662/RUSSIA-EO14024,2026-09-22
DRACO BUREN SHIPPING PTE. LTD.,SG,US OFAC SDN — IRAN-EO13902,2026-09-22
DRAGON TRADING LIMITED,MH,US OFAC SDN — IRAN-EO13846,2026-09-22
DREAM II,IR,US OFAC SDN — IRAN,2026-09-22
"DROBOT, Maria Vladimirovna",RU,US OFAC SDN — RUSSIA-EO14024,2026-09-22
"DRYL, Hleb Uladzimiravich",BY,US OFAC SDN — BELARUS-EO14038,2026-09-22
"DUBROVINSKIY, Viacheslav Yuryevich",RU,US OFAC SDN — RUSSIA-EO14024,2026-09-22
"DUGIN, Aleksandr",ZZ,US OFAC SDN — UKRAINE-EO13660,2026-09-22
"DUGINA, Darya Aleksandrovna",RU,US OFAC SDN — UKRAINE-EO13661,2026-09-22
"DUK, Dzyanis Uladzimiravich",BY,US OFAC SDN — BELARUS-EO14038,2026-09-22
DUNE,IR,US OFAC SDN — IRAN,2026-09-22
"DUNKO, Artem Konstantinovich",BY,US OFAC SDN — BELARUS-EO14038,2026-09-22
"DURANSOY, Cagri",TR,US OFAC SDN — NPWMD/IFSR,2026-09-22
"DURANSOY, Muammer Kuntay",ZZ,US OFAC SDN — NPWMD/IFSR,2026-09-22
DV INK LIMITED LIABILITY COMPANY,RU,US OFAC SDN — DPRK4/RUSSIA-EO14024,2026-09-22
"DYKIY, Oleksii Oleksandrovych",UA,US OFAC SDN — UKRAINE-EO13660/RUSSIA-EO14024,2026-09-22
DYNAPEX ENERGY LIMITED,HK,US OFAC SDN — IRAN-EO13846,2026-09-22
"DYUKOV, Aleksandr Valeryevich",RU,US OFAC SDN — UKRAINE-EO13662/RUSSIA-EO14024,2026-09-22
"DYUMIN, Alexey Gennadyevich",RU,US OFAC SDN — UKRAINE-EO13661,2026-09-22
"DZHABAROV, Vladimir Mikhailovich",RU,US OFAC SDN — UKRAINE-EO13661/RUSSIA-EO14024,2026-09-22
"EAST ASIA TRADING IMPORT AND EXPORT TRADE CO., LTD.",MH,US OFAC SDN — IRAN-EO13846,2026-09-22
EAST OCEAN RASHIN SHIPPING CO,IR,US OFAC SDN — IRAN-EO13846,2026-09-22
EAST STAR COMPANY,IR,US OFAC SDN — NPWMD/IFSR,2026-09-22
EASTERN HERO,PW,US OFAC SDN — IRAN-EO13902,2026-09-22
"EBRAHIMI FORUSHANI, Hamid Hajji",IR,US OFAC SDN — IRGC/IFSR,2026-09-22
"EBRAHIMI, Ayatollah",ZZ,US OFAC SDN — IRGC/IFSR,2026-09-22
"EBRAHIMI, Hasan Dehghan",ZZ,US OFAC SDN — IRGC/IFSR,2026-09-22
"EBRAHIMI, Mohsen",IR,US OFAC SDN — IRAN-HR,2026-09-22
EDGAR COMMERCIAL SOLUTIONS FZE,AE,US OFAC SDN — IRAN-EO13846,2026-09-22
"EFTEKHARI, Sayyed Hosein Majid Musavi",IR,US OFAC SDN — NPWMD/IRGC/IFSR/IRAN-CON-ARMS-EO,2026-09-22
EGHTESAD NOVIN BANK,IR,US OFAC SDN — IRAN/IRAN-EO13902,2026-09-22
EGIR SHIPPING LTD,SC,US OFAC SDN — IRAN-EO13902,2026-09-22
EGRET,PA,US OFAC SDN — IRAN-EO13902,2026-09-22
EIGHTH OCEAN GMBH & CO. KG,DE,US OFAC SDN — IRAN,2026-09-22
"EINI SARKALLEH, Gholamreza",IR,US OFAC SDN — IRGC/IFSR,2026-09-22
"EISMANT, Natallia Mikalaeuna",BY,US OFAC SDN — BELARUS,2026-09-22
EK-30064,ZZ,US OFAC SDN — NPWMD/IFSR,2026-09-22
EKO DEVELOPMENT AND INVESTMENT COMPANY,EG,US OFAC SDN — DPRK2,2026-09-22
EKT SMART TECHNOLOGY,CN,US OFAC SDN — NPWMD,2026-09-22
ELECTRONIC COMPONENTS INDUSTRIES CO,IR,US OFAC SDN — NPWMD/IFSR,2026-09-22
ELECTRONICS INSTITUTE,SY,US OFAC SDN — NPWMD,2026-09-22
ELECTRONICS KATRANGI TRADING,LB,US OFAC SDN — NPWMD,2026-09-22
ELEGANCE,PA,US OFAC SDN — UKRAINE-EO13662/RUSSIA-EO14024,2026-09-22
ELEVATE MARINE MANAGEMENT PRIVATE LIMITED,IN,US OFAC SDN — IRAN-EO13846,2026-09-22
ELEVENTH OCEAN ADMINISTRATION GMBH,DE,US OFAC SDN — IRAN,2026-09-22
ELEVENTH OCEAN GMBH & CO. KG,DE,US OFAC SDN — IRAN,2026-09-22
ELFO ENERGY HOLDING LIMITED,CN,US OFAC SDN — IRAN-EO13846,2026-09-22
ELGON MARITIME CORPORATION,SC,US OFAC SDN — UKRAINE-EO13662/RUSSIA-EO14024,2026-09-22
ELITNYE DOMA OOO,RU,US OFAC SDN — RUSSIA-EO14024,2026-09-22
ELIZA II,PA,US OFAC SDN — IRAN-EO13846,2026-09-22
ELKE,PW,US OFAC SDN — IRAN-EO13902,2026-09-22
ELM KIMYA ITHALAT IHRACAT SANAYI VE TICARET ANONIM SIRKETI,TR,US OFAC SDN — IRAN-EO13846,2026-09-22
ELOISE,GA,US OFAC SDN — IRAN-EO13846,2026-09-22
ELVA,ST,US OFAC SDN — IRAN-EO13902,2026-09-22
ELYANA,IR,US OFAC SDN — IRAN/NPWMD/IFSR,2026-09-22
ELYSIAN HORIZON CORP,SC,US OFAC SDN — IRAN-EO13846,2026-09-22
ELZA,LR,US OFAC SDN — IRAN-EO13846,2026-09-22
ELZA SHIPPING SA,LR,US OFAC SDN — IRAN-EO13846,2026-09-22
"EMADODDIN, Alireza",IR,US OFAC SDN — IRAN-HR,2026-09-22
"EMAMJOMEH, Meisam",AE,US OFAC SDN — IRAN-EO13902,2026-09-22
"EMAMJOMEH, Seyed Asadoollah",AE,US OFAC SDN — IRAN-EO13902,2026-09-22
EMBRACE QUE LIMITED,CN,US OFAC SDN — IRAN-EO13902,2026-09-22
EMERALD FZE,AE,US OFAC SDN — IRAN-EO13846,2026-09-22
EMILY S,PA,US OFAC SDN — UKRAINE-EO13662/RUSSIA-EO14024,2026-09-22
EMPIRE INTERNATIONAL TRADING FZE,AE,US OFAC SDN — IRAN-EO13902,2026-09-22
EMPIRE MARITIME SERVICES LIMITED,IR,US OFAC SDN — IRAN,2026-09-22
EMPRESA AERONAUTICA NACIONAL SA,VE,US OFAC SDN — IRAN-CON-ARMS-EO,2026-09-22
ENERGY GLOBAL INTERNATIONAL FZE,AE,US OFAC SDN — NPWMD/IFSR,2026-09-22
ENERGY OF OIL AND GAS SERVICE LLC,RU,US OFAC SDN — UKRAINE-EO13662/RUSSIA-EO14024,2026-09-22
ENGEN MANAGEMENT NV,SR,US OFAC SDN — IRAN-EO13846,2026-09-22
ENSA SHIP MANAGEMENT PRIVATE LIMITED,IN,US OFAC SDN — IRAN-EO13846,2026-09-22
ENTEBAGH GOSTAR SEPEHR COMPANY,IR,US OFAC SDN — IRAN-HR,2026-09-22
EP-AJC,ZZ,US OFAC SDN — IFSR,2026-09-22
EP-AJH,ZZ,US OFAC SDN — IFSR,2026-09-22
EP-AJI,ZZ,US OFAC SDN — IFSR,2026-09-22
EP-CAP,ZZ,US OFAC SDN — IFSR,2026-09-22
EP-CAQ,ZZ,US OFAC SDN — IFSR,2026-09-22
EP-CAR,ZZ,US OFAC SDN — IFSR,2026-09-22
EP-CAS,ZZ,US OFAC SDN — IFSR,2026-09-22
EP-CFD,ZZ,US OFAC SDN — IRAN,2026-09-22
EP-CFE,ZZ,US OFAC SDN — IRAN,2026-09-22
EP-CFH,ZZ,US OFAC SDN — IRAN,2026-09-22
EP-CFI,ZZ,US OFAC SDN — IRAN,2026-09-22
EP-CFJ,ZZ,US OFAC SDN — IRAN,2026-09-22
EP-CFK,ZZ,US OFAC SDN — IRAN,2026-09-22
EP-CFL,ZZ,US OFAC SDN — IRAN,2026-09-22
EP-CFM,ZZ,US OFAC SDN — IRAN,2026-09-22
EP-CFO,ZZ,US OFAC SDN — IRAN,2026-09-22
EP-CFP,ZZ,US OFAC SDN — IRAN,2026-09-22
EP-CFQ,ZZ,US OFAC SDN — IRAN,2026-09-22
EP-CFR,ZZ,US OFAC SDN — IRAN,2026-09-22
EP-CPD,ZZ,US OFAC SDN — IFSR,2026-09-22
EP-CPU,ZZ,US OFAC SDN — IFSR,2026-09-22
EP-CPV,ZZ,US OFAC SDN — IFSR,2026-09-22
EP-CPX,ZZ,US OFAC SDN — IFSR,2026-09-22
EP-CPZ,ZZ,US OFAC SDN — IFSR,2026-09-22
EP-IAB,ZZ,US OFAC SDN — IRAN,2026-09-22
EP-IAC,ZZ,US OFAC SDN — IRAN,2026-09-22
EP-IAD,ZZ,US OFAC SDN — IRAN,2026-09-22
EP-IAG,ZZ,US OFAC SDN — IRAN,2026-09-22
EP-IAH,ZZ,US OFAC SDN — IRAN,2026-09-22
EP-IAI,ZZ,US OFAC SDN — IRAN,2026-09-22
EP-IBA,ZZ,US OFAC SDN — IRAN,2026-09-22
EP-IBB,ZZ,US OFAC SDN — IRAN,2026-09-22
EP-IBC,ZZ,US OFAC SDN — IRAN,2026-09-22
EP-IBD,ZZ,US OFAC SDN — IRAN,2026-09-22
EP-IBG,ZZ,US OFAC SDN — IRAN,2026-09-22
EP-IBI,ZZ,US OFAC SDN — IRAN,2026-09-22
EP-IBJ,ZZ,US OFAC SDN — IRAN,2026-09-22
EP-IBK,ZZ,US OFAC SDN — IRAN,2026-09-22
EP-IBL,ZZ,US OFAC SDN — IRAN,2026-09-22
EP-IBN,ZZ,US OFAC SDN — IRAN,2026-09-22
EP-IBP,ZZ,US OFAC SDN — IRAN,2026-09-22
EP-IBQ,ZZ,US OFAC SDN — IRAN,2026-09-22
EP-IBS,ZZ,US OFAC SDN — IRAN,2026-09-22
EP-IBT,ZZ,US OFAC SDN — IRAN,2026-09-22
EP-IBZ,ZZ,US OFAC SDN — IRAN,2026-09-22
EP-ICD,ZZ,US OFAC SDN — IRAN,2026-09-22
EP-ICE,ZZ,US OFAC SDN — IRAN,2026-09-22
EP-ICF,ZZ,US OFAC SDN — IRAN,2026-09-22
EP-IDA,ZZ,US OFAC SDN — IRAN,2026-09-22
EP-IDD,ZZ,US OFAC SDN — IRAN,2026-09-22
EP-IDF,ZZ,US OFAC SDN — IRAN,2026-09-22
EP-IDG,ZZ,US OFAC SDN — IRAN,2026-09-22
EP-IEB,ZZ,US OFAC SDN — IRAN,2026-09-22
EP-IEC,ZZ,US OFAC SDN — IRAN,2026-09-22
EP-IED,ZZ,US OFAC SDN — IRAN,2026-09-22
EP-IEE,ZZ,US OFAC SDN — IRAN,2026-09-22
EP-IEF,ZZ,US OFAC SDN — IRAN,2026-09-22
EP-IEG,ZZ,US OFAC SDN — IRAN,2026-09-22
EP-IFA,ZZ,US OFAC SDN — IRAN,2026-09-22
EP-IJA,ZZ,US OFAC SDN — IRAN,2026-09-22
EP-IJB,ZZ,US OFAC SDN — IRAN,2026-09-22
EP-IRR,ZZ,US OFAC SDN — IRAN,2026-09-22
EP-IRS,ZZ,US OFAC SDN — IRAN,2026-09-22
EP-IRT,ZZ,US OFAC SDN — IRAN,2026-09-22
EP-ITA,ZZ,US OFAC SDN — IRAN,2026-09-22
EP-ITB,ZZ,US OFAC SDN — IRAN,2026-09-22
EP-ITC,ZZ,US OFAC SDN — IRAN,2026-09-22
EP-ITD,ZZ,US OFAC SDN — IRAN,2026-09-22
EP-ITE,ZZ,US OFAC SDN — IRAN,2026-09-22
EP-ITF,ZZ,US OFAC SDN — IRAN,2026-09-22
EP-ITG,ZZ,US OFAC SDN — IRAN,2026-09-22
EP-ITH,ZZ,US OFAC SDN — IRAN,2026-09-22
EP-ITI,ZZ,US OFAC SDN — IRAN,2026-09-22
EP-ITJ,ZZ,US OFAC SDN — IRAN,2026-09-22
EP-ITK,ZZ,US OFAC SDN — IRAN,2026-09-22
EP-ITL,ZZ,US OFAC SDN — IRAN,2026-09-22
EP-ITM,ZZ,US OFAC SDN — IRAN,2026-09-22
EP-LDA,ZZ,US OFAC SDN — IRGC/IFSR,2026-09-22
EP-LDC,ZZ,US OFAC SDN — IRGC/IFSR,2026-09-22
EP-MHA,ZZ,US OFAC SDN — NPWMD/IFSR,2026-09-22
EP-MHF,ZZ,US OFAC SDN — NPWMD/IFSR,2026-09-22
EP-MHG,ZZ,US OFAC SDN — NPWMD/IFSR,2026-09-22
EP-MHJ,ZZ,US OFAC SDN — NPWMD/IFSR,2026-09-22
EP-MHL,ZZ,US OFAC SDN — NPWMD/IFSR,2026-09-22
EP-MHM,ZZ,US OFAC SDN — NPWMD/IFSR,2026-09-22
EP-MHO,ZZ,US OFAC SDN — NPWMD/IFSR,2026-09-22
EP-MHP,ZZ,US OFAC SDN — NPWMD/IFSR,2026-09-22
EP-MMA,ZZ,US OFAC SDN — NPWMD/IFSR,2026-09-22
EP-MMB,ZZ,US OFAC SDN — NPWMD/IFSR,2026-09-22
EP-MMC,ZZ,US OFAC SDN — NPWMD/IFSR,2026-09-22
EP-MMJ,ZZ,US OFAC SDN — NPWMD/IFSR,2026-09-22
EP-MMV,ZZ,US OFAC SDN — NPWMD/IFSR,2026-09-22
EP-MNA,ZZ,US OFAC SDN — NPWMD/IFSR,2026-09-22
EP-MNB,ZZ,US OFAC SDN — NPWMD/IFSR,2026-09-22
EP-MNC,ZZ,US OFAC SDN — NPWMD/IFSR,2026-09-22
EP-MNE,ZZ,US OFAC SDN — NPWMD/IFSR,2026-09-22
EP-MNF,ZZ,US OFAC SDN — NPWMD/IFSR,2026-09-22
EP-MNG,ZZ,US OFAC SDN — NPWMD/IFSR,2026-09-22
EP-MNH,ZZ,US OFAC SDN — NPWMD/IFSR,2026-09-22
EP-MNI,ZZ,US OFAC SDN — NPWMD/IFSR,2026-09-22
EP-MNJ,ZZ,US OFAC SDN — NPWMD/IFSR,2026-09-22
EP-MNK,ZZ,US OFAC SDN — NPWMD/IFSR,2026-09-22
EP-MNL,ZZ,US OFAC SDN — NPWMD/IFSR,2026-09-22
EP-MNM,ZZ,US OFAC SDN — NPWMD/IFSR,2026-09-22
EP-MNN,ZZ,US OFAC SDN — NPWMD/IFSR,2026-09-22
EP-MNO,ZZ,US OFAC SDN — NPWMD/IFSR,2026-09-22
EP-MNP,ZZ,US OFAC SDN — NPWMD/IFSR,2026-09-22
EP-MNQ,ZZ,US OFAC SDN — NPWMD/IFSR,2026-09-22
EP-MNR,ZZ,US OFAC SDN — NPWMD/IFSR,2026-09-22
EP-MNS,ZZ,US OFAC SDN — NPWMD/IFSR,2026-09-22
EP-MNT,ZZ,US OFAC SDN — NPWMD/IFSR,2026-09-22
EP-MNU,ZZ,US OFAC SDN — NPWMD/IFSR,2026-09-22
EP-MNV,ZZ,US OFAC SDN — NPWMD/IFSR,2026-09-22
EP-MNX,ZZ,US OFAC SDN — NPWMD/IFSR,2026-09-22
EP-MOA,ZZ,US OFAC SDN — NPWMD/IFSR,2026-09-22
EP-MOB,ZZ,US OFAC SDN — NPWMD/IFSR,2026-09-22
EP-MOC,ZZ,US OFAC SDN — NPWMD/IFSR,2026-09-22
EP-MOD,ZZ,US OFAC SDN — NPWMD/IFSR,2026-09-22
EP-MOE,ZZ,US OFAC SDN — NPWMD/IFSR,2026-09-22
EP-MOF,ZZ,US OFAC SDN — NPWMD/IFSR,2026-09-22
EP-MOG,ZZ,US OFAC SDN — NPWMD/IFSR,2026-09-22
EP-MOM,ZZ,US OFAC SDN — NPWMD/IFSR,2026-09-22
EP-MOP,ZZ,US OFAC SDN — NPWMD/IFSR,2026-09-22
EP-MOQ,ZZ,US OFAC SDN — NPWMD/IFSR,2026-09-22
EP-MOR,ZZ,US OFAC SDN — NPWMD/IFSR,2026-09-22
EP-MOS,ZZ,US OFAC SDN — NPWMD/IFSR,2026-09-22
EP-PUA,ZZ,US OFAC SDN — IRGC/IFSR,2026-09-22
EP-PUL,ZZ,US OFAC SDN — IRGC/IFSR,2026-09-22
EP-PUM,ZZ,US OFAC SDN — IRGC/IFSR,2026-09-22
EP-PUS,ZZ,US OFAC SDN — NPWMD/IRGC/IFSR,2026-09-22
EP-SIF,ZZ,US OFAC SDN — IFSR,2026-09-22
EP-SIG,ZZ,US OFAC SDN — IFSR,2026-09-22
EP-VIP,ZZ,US OFAC SDN — NPWMD/IFSR,2026-09-22
EQUIPMENT DEVELOPMENT DEPARTMENT,CN,US OFAC SDN — CAATSA - RUSSIA,2026-09-22
ERA FUND LIMITED LIABILITY COMPANY,RU,US OFAC SDN — RUSSIA-EO14024,2026-09-22
ERBIUM TRADING L.L.C,AE,US OFAC SDN — IRAN-EO13846,2026-09-22
"ERMAKOVA, Mariya Gennadevna",UA,US OFAC SDN — UKRAINE-EO13685,2026-09-22
ERST GROUP LTD,SC,US OFAC SDN — IRAN-EO13846,2026-09-22
ERTEBAT GOSTAR NOVIN,IR,US OFAC SDN — NPWMD/IFSR,2026-09-22
ERVIN DANESH ARYAN COMPANY,IR,US OFAC SDN — NPWMD/IFSR,2026-09-22
ESAIL SHIPPING LIMITED,CN,US OFAC SDN — IRAN/NPWMD/IFSR,2026-09-22
"ESBATI, Mostafa",ZZ,US OFAC SDN — NPWMD/IFSR,2026-09-22
ESFAHAN STEEL COMPANY,IR,US OFAC SDN — IRAN-EO13871,2026-09-22
ESFAHAN'S MOBARAKEH STEEL COMPANY,IR,US OFAC SDN — IFSR/IRAN-EO13871,2026-09-22
"ESFANJANI, Ali",IR,US OFAC SDN — IRAN-HR,2026-09-22
ESFARAYEN INDUSTRIAL COMPLEX,IR,US OFAC SDN — IRAN-EO13871,2026-09-22
"ESKANDARI, Mohammad",IR,US OFAC SDN — IRAN-EO13876,2026-09-22
"ESLAMI, Mansour",ZZ,US OFAC SDN — IRAN,2026-09-22
"ESMAELI, Reza-Gholi",ZZ,US OFAC SDN — NPWMD/IFSR,2026-09-22
ETANA TRADING DMCC,AE,US OFAC SDN — IRAN-EO13902,2026-09-22
ETERRA CRUDE OIL ABROAD TRADING LLC,AE,US OFAC SDN — UKRAINE-EO13662/RUSSIA-EO14024,2026-09-22
ETHERA,PA,US OFAC SDN — IRAN-EO13902,2026-09-22
ETIHAD ENGINEERING AND MARINE SERVICES FZC,AE,US OFAC SDN — IRAN-EO13846,2026-09-22
EUNOMIA LIMITED,KY,US OFAC SDN — IRAN-EO13902,2026-09-22
EURASIAN YOUTH UNION,RU,US OFAC SDN — UKRAINE-EO13660,2026-09-22
EURO FORTUNE,KN,US OFAC SDN — IRAN-EO13846,2026-09-22
EURO VIKING,KN,US OFAC SDN — IRAN-EO13846,2026-09-22
EUROPAISCH-IRANISCHE HANDELSBANK AG,DE,US OFAC SDN — IRAN/NPWMD/IFSR,2026-09-22
EUROPE TRANSPORTATION LIMITED,IR,US OFAC SDN — IRAN,2026-09-22
EUROPEAN INSTITUTE JUSTO,RU,US OFAC SDN — DPRK3,2026-09-22
EVENTIN,ZZ,US OFAC SDN — IRAN-EO13902,2026-09-22
EVER BRIGHT 88,SL,US OFAC SDN — DPRK,2026-09-22
EVER GLORY,KP,US OFAC SDN — DPRK4,2026-09-22
EVER SHINING LIMITED,CN,US OFAC SDN — IRAN-EO13846,2026-09-22
EVEREST SEA NAVIGATION SA,LR,US OFAC SDN — IRAN-EO13902,2026-09-22
EVERLASTING EMPIRE LIMITED,CN,US OFAC SDN — DPRK3,2026-09-22
EVERWIN SHIPMANAGEMENT PTE. LTD.,SG,US OFAC SDN — IRAN-EO13846,2026-09-22
EVIE LINES INC.,MH,US OFAC SDN — IRAN-EO13902,2026-09-22
EVIN PRISON,IR,US OFAC SDN — IRAN-HR,2026-09-22
"EVKUROV, Yunus-Bek",RU,US OFAC SDN — RUSSIA-EO14024,2026-09-22
EVRO POLIS LTD.,RU,US OFAC SDN — UKRAINE-EO13661,2026-09-22
EVROFINANCE MOSNARBANK,RU,US OFAC SDN — RUSSIA-EO14024,2026-09-22
EW-001PA,ZZ,US OFAC SDN — BELARUS-EO14038,2026-09-22
EW-001PB,ZZ,US OFAC SDN — BELARUS-EO14038,2026-09-22
EW-001PH,ZZ,US OFAC SDN — BELARUS-EO14038,2026-09-22
EW-78779,ZZ,US OFAC SDN — BELARUS-EO14038,2026-09-22
EW-78843,ZZ,US OFAC SDN — BELARUS-EO14038,2026-09-22
EX-301,ZZ,US OFAC SDN — NPWMD/IFSR,2026-09-22
EX-35011,ZZ,US OFAC SDN — NPWMD/IFSR,2026-09-22
EXECUTION OF IMAM KHOMEINI'S ORDER,IR,US OFAC SDN — IRAN/IRAN-EO13876,2026-09-22
EXIMBANK OF RUSSIA JSC,RU,US OFAC SDN — UKRAINE-EO13662/RUSSIA-EO14024,2026-09-22
EXPERT PARTNERS,SY,US OFAC SDN — NPWMD,2026-09-22
EXPORT DEVELOPMENT BANK OF IRAN,IR,US OFAC SDN — IRAN/IFSR,2026-09-22
EXTERNAL CONSTRUCTION BUREAU,KP,US OFAC SDN — DPRK3,2026-09-22
EYVAZ TECHNIC MANUFACTURING COMPANY,IR,US OFAC SDN — NPWMD/IFSR,2026-09-22
"EZHIKOV, Vladimir Vladimirovich",RU,US OFAC SDN — RUSSIA-EO14065,2026-09-22
F-OJHH,ZZ,US OFAC SDN — NPWMD/IFSR,2026-09-22
F-OJHI,ZZ,US OFAC SDN — NPWMD/IFSR,2026-09-22
"FADA, Mojtaba",IR,US OFAC SDN — IRGC/IRAN-HR,2026-09-22
"FADAKAR, Alireza",IR,US OFAC SDN — IRGC/IFSR,2026-09-22
"FADAVI, Ali",ZZ,US OFAC SDN — NPWMD/IFSR,2026-09-22
"FADINA, Oksana Nikolayevna",RU,US OFAC SDN — RUSSIA-EO14024,2026-09-22
FAIRTRADE NON EDIBLE OIL AND LIQUEFIED NATURAL GAS TRADING L.L.C,AE,US OFAC SDN — IRAN-EO13846,2026-09-22
"FAIZULLAHI, Ali Ahmad",IR,US OFAC SDN — IRGC/IFSR,2026-09-22
FAJR INDUSTRIES GROUP,IR,US OFAC SDN — NPWMD/IFSR,2026-09-22
"FAKHRIZADEH-MAHABADI, Mohsen",ZZ,US OFAC SDN — NPWMD/IFSR,2026-09-22
"FALAHZADEH, Mohammad Reza",IR,US OFAC SDN — IRGC/IFSR,2026-09-22
FALLON SHIPPING COMPANY LIMITED,SC,US OFAC SDN — IRAN-EO13902,2026-09-22
"FALSAFI, Mahin",IR,US OFAC SDN — NPWMD/IFSR,2026-09-22
FAMIN FZE,AE,US OFAC SDN — IRAN-EO13846,2026-09-22
FAN PARDAZAN,IR,US OFAC SDN — NPWMD/IFSR,2026-09-22
FANAMOJ,IR,US OFAC SDN — NPWMD/IFSR,2026-09-22
FANAVARAN PETROCHEMICAL COMPANY,IR,US OFAC SDN — IRAN-EO13846,2026-09-22
FANREACH,HK,US OFAC SDN — IRAN/NPWMD/IFSR,2026-09-22
FAR EASTERN BANK,RU,US OFAC SDN — DPRK3,2026-09-22
FARADANESH TECHNICAL INSPECTION SERVICES COMPANY,IR,US OFAC SDN — IRAN-EO13846,2026-09-22
FARADARYAY-E NIK-E GHESHM INVESTMENT,IR,US OFAC SDN — IRAN,2026-09-22
"FARAHANI, Alireza Shahvaroghi",IR,US OFAC SDN — IRAN-HR,2026-09-22
"FARAHANI, Majid Dastjani",VE,US OFAC SDN — IRAN-HR,2026-09-22
"FARAHI, Mohsen",TR,US OFAC SDN — IRAN-EO13846,2026-09-22
"FARAHI, Seyyed Mahdi",IR,US OFAC SDN — NPWMD/IFSR/IRAN-CON-ARMS-EO,2026-09-22
FARASAKHT INDUSTRIES,IR,US OFAC SDN — NPWMD/IFSR,2026-09-22
"FARASATPOUR, Morteza",ZZ,US OFAC SDN — NPWMD/IFSR,2026-09-22
"FARASHAH, Payman Dehghanpour",IR,US OFAC SDN — IRAN-HR,2026-09-22
FARATECH,IR,US OFAC SDN — NPWMD/IFSR,2026-09-22
FARAYAND TECHNIQUE,IR,US OFAC SDN — NPWMD/IFSR,2026-09-22
FARDIS PRISON,IR,US OFAC SDN — CAATSA - IRAN,2026-09-22
"FARGHADANI, Rahimreza",ZZ,US OFAC SDN — NPWMD/IFSR,2026-09-22
"FARHAT, Muhammad 'Abd-al-Amir",ZZ,US OFAC SDN — IRGC/IFSR,2026-09-22
"FAROOQ, Muhammad",ZZ,US OFAC SDN — NPWMD,2026-09-22
"FARRAKHOV, Airat Zakievich",RU,US OFAC SDN — RUSSIA-EO14024,2026-09-22
FARS NEWS AGENCY,IR,US OFAC SDN — IRGC/IFSR/IRAN-HR,2026-09-22
FARS SARPANAH,IR,US OFAC SDN — IRAN,2026-09-22
"FARSANI, Alireza Babaei",IR,US OFAC SDN — IRAN-HR,2026-09-22
FARWELL CANYON HK LIMITED,CN,US OFAC SDN — IRAN-EO13846,2026-09-22
"FARZADI, Hedayat",IR,US OFAC SDN — IRAN-HR,2026-09-22
"FATAHINOJOKAMBARI, Alireza",IR,US OFAC SDN — IRAN-EO13902,2026-09-22
FATEH ASEMAN SHARIF COMPANY,IR,US OFAC SDN — IRGC/IFSR,2026-09-22
"FATEHI, Mohammad Sadegh",IR,US OFAC SDN — IRGC/IFSR,2026-09-22
"FATEMI, Farhad",IR,US OFAC SDN — IRAN-EO13846,2026-09-22
FATEMIYOUN DIVISION,SY,US OFAC SDN — IRGC/IFSR/IRAN-HR,2026-09-22
FATER ENGINEERING INSTITUTE,IR,US OFAC SDN — NPWMD/IRGC/IFSR,2026-09-22
"FATHI ZADEH, Mohsen",IR,US OFAC SDN — IRAN-HR,2026-09-22
"FATHI, Murad",IR,US OFAC SDN — IRAN-HR,2026-09-22
"FATTAH, Parviz",IR,US OFAC SDN — NPWMD/IRGC/IFSR/IRAN-EO13876,2026-09-22
FAU 'GLAVGOSEKSPERTIZA ROSSII',RU,US OFAC SDN — UKRAINE-EO13685,2026-09-22
FAXON,PA,US OFAC SDN — IRAN,2026-09-22
"FAZLI, Ali",ZZ,US OFAC SDN — IRAN-TRA,2026-09-22
"FEDASENKA, Katsyaryna Alyaksandrauna",BY,US OFAC SDN — BELARUS-EO14038,2026-09-22
FEDERAL GOVERNMENT INSTITUTION PRETRIAL DETENTION CENTER NO 1 OF THE DIRECTORATE OF THE FEDERAL PENITENTIARY SERVICE FOR THE REPUBLIC OF CRIMEA AND SEVASTOPOL,UA,US OFAC SDN — UKRAINE-EO13685,2026-09-22
FEDERAL SECURITY SERVICE,RU,US OFAC SDN — NPWMD/CAATSA - RUSSIA/RUSSIA-EO14024,2026-09-22
FEDERAL SERVICE FOR MILITARY-TECHNICAL COOPERATION,RU,US OFAC SDN — UKRAINE-EO13662/RUSSIA-EO14024,2026-09-22
FEDERAL STATE AUTONOMOUS INSTITUTION MILITARY INNOVATIVE TECHNOPOLIS ERA,RU,US OFAC SDN — RUSSIA-EO14024,2026-09-22
FEDERAL STATE AUTONOMOUS SCIENTIFIC ESTABLISHMENT SCIENTIFIC RESEARCH INSTITUTE SPECIALIZED SECURITY COMPUTING DEVICES AND AUTOMATION,RU,US OFAC SDN — RUSSIA-EO14024,2026-09-22
FEDERAL STATE BUDGETARY INSTITUTION MARINE RESCUE SERVICE,RU,US OFAC SDN — RUSSIA-EO14024,2026-09-22
FEDERAL STATE ENTERPRISE PERM POWDER PLANT,RU,US OFAC SDN — UKRAINE-EO13662/RUSSIA-EO14024,2026-09-22
FEDERAL STATE ENTERPRISE SCIENCE AND TECHNOLOGY ASSOCIATION KAZAN PLANT OF PRECISION ENGINEERING,RU,US OFAC SDN — UKRAINE-EO13662/RUSSIA-EO14024,2026-09-22
FEDERAL STATE ENTERPRISE YA M SVERDLOV PLANT,RU,US OFAC SDN — UKRAINE-EO13662/RUSSIA-EO14024,2026-09-22
FEDERAL STATE INSTITUTION OF HIGHER VOCATIONAL EDUCATION MOSCOW INSTITUTE OF PHYSICS AND TECHNOLOGY,RU,US OFAC SDN — UKRAINE-EO13662/RUSSIA-EO14024,2026-09-22
FEDERAL STATE UNITARY ENTERPRISE CENTRAL SCIENTIFIC RESEARCH INSTITUTE OF ECONOMICS INFORMATICS AND MANAGEMENT SYSTEMS,RU,US OFAC SDN — RUSSIA-EO14024,2026-09-22
FEDERAL STATE UNITARY ENTERPRISE DUKHOV AUTOMATICS RESEARCH INSTITUTE,RU,US OFAC SDN — UKRAINE-EO13662/RUSSIA-EO14024,2026-09-22
FEDERAL STATE UNITARY ENTERPRISE STATE RESEARCH AND PRODUCTION ENTERPRISE BAZALT,RU,US OFAC SDN — UKRAINE-EO13661/RUSSIA-EO14024,2026-09-22
FEDERAL SUE SHIPYARD 'MORYE',UA,US OFAC SDN — UKRAINE-EO13685,2026-09-22
FEDOR USHAKOV,RU,US OFAC SDN — UKRAINE-EO13662/RUSSIA-EO14024,2026-09-22
"FEDYAEV, Pavel Mikhaylovich",RU,US OFAC SDN — RUSSIA-EO14024,2026-09-22
FELICITY,IR,US OFAC SDN — IRAN,2026-09-22
FENTEX PROPERTIES LTD.,VG,US OFAC SDN — UKRAINE-EO13661,2026-09-22
FEODOSIYA ENTERPRISE,UA,US OFAC SDN — UKRAINE-EO13660,2026-09-22
"FETISOV, Vyacheslav",RU,US OFAC SDN — RUSSIA-EO14024,2026-09-22
FIFTEENTH OCEAN GMBH & CO. KG,DE,US OFAC SDN — IRAN,2026-09-22
"FILATOVA, Irina Anatolyevna",RU,US OFAC SDN — RUSSIA-EO14024,2026-09-22
FINVAL,RU,US OFAC SDN — RUSSIA-EO14024,2026-09-22
FIONA,RU,US OFAC SDN — CAATSA - RUSSIA/RUSSIA-EO14024,2026-09-22
FIONA II,PA,US OFAC SDN — IRAN-EO13902,2026-09-22
FIRMA VEARDON OOO,RU,US OFAC SDN — RUSSIA-EO14024,2026-09-22
"FIROUZABADI, Abdolhassan",IR,US OFAC SDN — IRAN-TRA,2026-09-22
"FIROUZABADI, Hassan",ZZ,US OFAC SDN — IRAN-HR,2026-09-22
FIROUZEH,IR,US OFAC SDN — IRAN/NPWMD/IFSR,2026-09-22
FIRST OCEAN ADMINISTRATION GMBH,DE,US OFAC SDN — IRAN,2026-09-22
FIRST OCEAN GMBH & CO KG,DE,US OFAC SDN — IRAN,2026-09-22
FIRST OIL JV CO LTD,KP,US OFAC SDN — DPRK4,2026-09-22
FITAGE LIMITED,CN,US OFAC SDN — IRAN-EO13902,2026-09-22
FIVA PLASTIK ANONIM SIRKETI,TR,US OFAC SDN — IRAN-EO13846,2026-09-22
FJORD SEAL,PA,US OFAC SDN — UKRAINE-EO13662/RUSSIA-EO14024,2026-09-22
FKU UPRDOR 'TAMAN',RU,US OFAC SDN — UKRAINE-EO13685,2026-09-22
FLEET TANQO PRIVATE LIMITED,IN,US OFAC SDN — IRAN-EO13902,2026-09-22
FLORA,MH,US OFAC SDN — IRAN-EO13846,2026-09-22
FLORA DOLCE,BB,US OFAC SDN — IRAN-EO13902,2026-09-22
FLUX MARITIME LLP,IN,US OFAC SDN — IRAN-EO13902,2026-09-22
FLUXUS MARINE INC,KZ,US OFAC SDN — IRAN-EO13846,2026-09-22
"FOMICHEV, Vyacheslav Vasilevich",RU,US OFAC SDN — RUSSIA-EO14024,2026-09-22
FORABEN TRADING LIMITED,CN,US OFAC SDN — IRAN-EO13846,2026-09-22
FOREIGN INTELLIGENCE SERVICE OF THE RUSSIAN FEDERATION,RU,US OFAC SDN — UKRAINE-EO13662/RUSSIA-EO14024,2026-09-22
FOREIGN LIMITED LIABILITY COMPANY DANA ASTRA,BY,US OFAC SDN — BELARUS-EO14038,2026-09-22
FOREIGN LIMITED LIABILITY COMPANY SLAVKALI,BY,US OFAC SDN — BELARUS-EO14038,2026-09-22
FOREIGN TRADE BANK OF THE DEMOCRATIC PEOPLE'S REPUBLIC OF KOREA,KP,US OFAC SDN — NPWMD/DPRK3,2026-09-22
FORENT TECHNIK GMBH,DE,US OFAC SDN — IRGC/IFSR,2026-09-22
FOREST,IR,US OFAC SDN — IRAN,2026-09-22
FOREVER RICH,HK,US OFAC SDN — IRAN-EO13846,2026-09-22
FORNAX SHIP MANAGEMENT FZCO,AE,US OFAC SDN — UKRAINE-EO13662/RUSSIA-EO14024,2026-09-22
FORTUNA LIMITED LIABILITY COMPANY,RU,US OFAC SDN — DPRK3,2026-09-22
FORTUNE,IR,US OFAC SDN — IRAN,2026-09-22
FORTUNE GAS,PA,US OFAC SDN — IRAN-EO13846,2026-09-22
"FORUZANDEH, Ahmed",IR,US OFAC SDN — IRGC,2026-09-22
FOSHAN,PA,US OFAC SDN — IRAN-EO13902,2026-09-22
FOTIS,KM,US OFAC SDN — IRAN-EO13902,2026-09-22
FOTIS LINES INCORPORATED,MH,US OFAC SDN — IRAN-EO13902,2026-09-22
FOURTEENTH OCEAN GMBH & CO. KG,DE,US OFAC SDN — IRAN,2026-09-22
FOURTH OCEAN GMBH & CO KG,DE,US OFAC SDN — IRAN,2026-09-22
FRACTAL MARINE DMCC,AE,US OFAC SDN — IRAN-EO13902,2026-09-22
"FRADKOV, Mikhail Efimovich",RU,US OFAC SDN — UKRAINE-EO13661,2026-09-22
"FRADKOV, Petr Mikhailovich",RU,US OFAC SDN — RUSSIA-EO14024,2026-09-22
FRAKDZHET VOLGA,RU,US OFAC SDN — UKRAINE-EO13662/RUSSIA-EO14024,2026-09-22
"FRANSKEVICH, Viktor Ivanovich",BY,US OFAC SDN — BELARUS-EO14038,2026-09-22
FREDA,PA,US OFAC SDN — UKRAINE-EO13662/RUSSIA-EO14024,2026-09-22
FRINA EXPRESS CORPORATION,SC,US OFAC SDN — UKRAINE-EO13662/RUSSIA-EO14024,2026-09-22
"FROLOVA, Tamara Ivanovna",RU,US OFAC SDN — RUSSIA-EO14024,2026-09-22
"FROSCH, Daniel",ZZ,US OFAC SDN — NPWMD/IFSR,2026-09-22
FT ISLAND,HN,US OFAC SDN — IRAN-EO13902,2026-09-22
FUJIAN NANAN IMPORT AND EXPORT CORPORATION,CN,US OFAC SDN — DPRK3,2026-09-22
FUJIAN XINFUWANG INTERNATIONAL TRADE CO LTD,CN,US OFAC SDN — UKRAINE-EO13662/RUSSIA-EO14024,2026-09-22
FULDA SHIPPING CO,LR,US OFAC SDN — UKRAINE-EO13662/RUSSIA-EO14024,2026-09-22
FULL STAR,HK,US OFAC SDN — IRAN-EO13846,2026-09-22
FULMEN GROUP,IR,US OFAC SDN — NPWMD/IFSR,2026-09-22
"FURSENKO, Andrei Alexandrovich",ZZ,US OFAC SDN — UKRAINE-EO13661,2026-09-22
"FURSENKO, Sergei",ZZ,US OFAC SDN — UKRAINE-EO13661,2026-09-22
FUTURE AGE SHIPPING LIMITED,IR,US OFAC SDN — IRAN,2026-09-22
FUTURE BANK B.S.C.,BH,US OFAC SDN — IRAN/IFSR,2026-09-22
FUTURE GATE FUEL AND PETROCHEMICAL TRADING L.L.C.,AE,US OFAC SDN — IRAN-EO13846,2026-09-22
"FYODOROV, Yevgeny Alekseevich",RU,US OFAC SDN — RUSSIA-EO14024,2026-09-22
G M C G SHIPPING L.L.C,AE,US OFAC SDN — IRAN-EO13902,2026-09-22
GABBARO SHIP SERVICES PVT LTD,IN,US OFAC SDN — IRAN-EO13846,2026-09-22
"GAFFODIL CO., LIMITED",CN,US OFAC SDN — IRAN-EO13902,2026-09-22
"GAICHUK, Nikolai Nikolaevich",BY,US OFAC SDN — BELARUS-EO14038,2026-09-22
GALAXY,BB,US OFAC SDN — UKRAINE-EO13662/RUSSIA-EO14024,2026-09-22
GALAXY MANAGEMENT NV,SR,US OFAC SDN — IRAN-EO13846,2026-09-22
GALAXY OIL FZ LLC,AE,US OFAC SDN — IRAN-EO13902,2026-09-22
GALAXY PETROCHEMICAL FZE,AE,US OFAC SDN — IRAN-EO13846,2026-09-22
GALE,GM,US OFAC SDN — IRAN-EO13902,2026-09-22
GALERAN SERVICE CORP,SC,US OFAC SDN — IRAN-EO13902,2026-09-22
GALILEOS MARINE SERVICES L.L.C,AE,US OFAC SDN — IRAN-EO13902,2026-09-22
GANJ,IR,US OFAC SDN — IRAN/NPWMD/IFSR,2026-09-22
"GANOV, Alexander Nikolaevich",RU,US OFAC SDN — UKRAINE-EO13685,2026-09-22
"GAO, Jingfeng",CN,US OFAC SDN — IRAN-EO13846,2026-09-22
GARBIN NAVIGATION LTD,AE,US OFAC SDN — IRAN,2026-09-22
"GARG, Prashant",IN,US OFAC SDN — IRAN-EO13846,2026-09-22
"GARTUNG, Valery Karlovich",RU,US OFAC SDN — RUSSIA-EO14024,2026-09-22
GAS ATHENA,PA,US OFAC SDN — IRAN-EO13902,2026-09-22
GAS CATHAR,PA,US OFAC SDN — IRAN-EO13846,2026-09-22
GAS DIOR,PA,US OFAC SDN — IRAN-EO13902,2026-09-22
GAS INDUSTRY INSURANCE COMPANY SOGAZ,RU,US OFAC SDN — UKRAINE-EO13662/RUSSIA-EO14024,2026-09-22
GAS LEADER,GM,US OFAC SDN — IRAN-EO13902,2026-09-22
GAS MARTA,PW,US OFAC SDN — IRAN-EO13902,2026-09-22
GAS NORA,SM,US OFAC SDN — IRAN-EO13846,2026-09-22
GAS RIVER,PA,US OFAC SDN — IRAN-EO13846,2026-09-22
GAS VISION,GM,US OFAC SDN — IRAN-EO13902,2026-09-22
GAS ZEINA,GM,US OFAC SDN — IRAN-EO13902,2026-09-22
"GASHASBI, Mansoor",IR,US OFAC SDN — IRAN-HR,2026-09-22
"GAST, Vladimir Vyacheslavovich",RU,US OFAC SDN — CAATSA - RUSSIA,2026-09-22
GAUJA,PA,US OFAC SDN — IRAN-EO13902,2026-09-22
"GAVRILOV, Sergey Anatolyevich",RU,US OFAC SDN — RUSSIA-EO14024,2026-09-22
"GAYEVOY, Aleksandr Andreyevich",RU,US OFAC SDN — DPRK2,2026-09-22
GAZ CRYSTAL,PA,US OFAC SDN — IRAN-EO13846,2026-09-22
GAZ GROUP,RU,US OFAC SDN — UKRAINE-EO13661/UKRAINE-EO13662/RUSSIA-EO14024,2026-09-22
"GAZARYAN, Rafael Anatolyevich",RU,US OFAC SDN — DPRK,2026-09-22
"GAZPROM BURENIE, OOO",RU,US OFAC SDN — UKRAINE-EO13662,2026-09-22
"GAZPROM INVEST, OOO",RU,US OFAC SDN — UKRAINE-EO13662/RUSSIA-EO14024,2026-09-22
GAZPROM NEFT INTERNATIONAL SA,LU,US OFAC SDN — UKRAINE-EO13662/RUSSIA-EO14024,2026-09-22
GAZPROM NEFT KAZAKHSTAN LLC,KZ,US OFAC SDN — UKRAINE-EO13662/RUSSIA-EO14024,2026-09-22
GAZPROM NEFT SHELF LIMITED LIABILITY COMPANY,RU,US OFAC SDN — UKRAINE-EO13662/RUSSIA-EO14024,2026-09-22
"GAZPROM VNIIGAZ, OOO",RU,US OFAC SDN — UKRAINE-EO13662/RUSSIA-EO14024,2026-09-22
GAZPROMBANK (SWITZERLAND) LTD,CH,US OFAC SDN — UKRAINE-EO13662/RUSSIA-EO14024,2026-09-22
GAZPROMBANK JOINT STOCK COMPANY,RU,US OFAC SDN — UKRAINE-EO13662/RUSSIA-EO14024,2026-09-22
GAZPROMNEFT AERO JOINT STOCK COMPANY,RU,US OFAC SDN — UKRAINE-EO13662/RUSSIA-EO14024,2026-09-22
GAZPROMNEFT BITUMEN MATERIALS LIMITED LIABILITY COMPANY,RU,US OFAC SDN — UKRAINE-EO13662/RUSSIA-EO14024,2026-09-22
GAZPROMNEFT KHANTOS LIMITED LIABILITY COMPANY,RU,US OFAC SDN — UKRAINE-EO13662/RUSSIA-EO14024,2026-09-22
GAZPROMNEFT LUBRICANTS LTD,RU,US OFAC SDN — UKRAINE-EO13662/RUSSIA-EO14024,2026-09-22
GAZPROMNEFT MARINE BUNKER LIMITED LIABILITY COMPANY,RU,US OFAC SDN — UKRAINE-EO13662/RUSSIA-EO14024,2026-09-22
GAZPROMNEFT MOSCOW REFINERY JOINT STOCK COMPANY,RU,US OFAC SDN — UKRAINE-EO13662/RUSSIA-EO14024,2026-09-22
GAZPROMNEFT NORDWEST,RU,US OFAC SDN — UKRAINE-EO13662/RUSSIA-EO14024,2026-09-22
GAZPROMNEFT NOYABRSK OIL AND GAS JOINT STOCK COMPANY,RU,US OFAC SDN — UKRAINE-EO13662/RUSSIA-EO14024,2026-09-22
GAZPROMNEFT OMSK REFINERY JOINT STOCK COMPANY,RU,US OFAC SDN — UKRAINE-EO13662/RUSSIA-EO14024,2026-09-22
GAZPROMNEFT ORENBURG LIMITED LIABILITY COMPANY,RU,US OFAC SDN — UKRAINE-EO13662/RUSSIA-EO14024,2026-09-22
GAZPROMNEFT TECHNOLOGICAL PARTNERSHIPS LIMITED LIABILITY COMPANY,RU,US OFAC SDN — UKRAINE-EO13662/RUSSIA-EO14024,2026-09-22
GAZPROMNEFT VOSTOK LLC,RU,US OFAC SDN — UKRAINE-EO13662/RUSSIA-EO14024,2026-09-22
GAZPROMNEFT YAMAL LIMITED LIABILITY COMPANY,RU,US OFAC SDN — UKRAINE-EO13662/RUSSIA-EO14024,2026-09-22
GAZPROMNEFT ZAPOLYARYE LIMITED LIABILITY COMPANY,RU,US OFAC SDN — UKRAINE-EO13662/RUSSIA-EO14024,2026-09-22
GAZPROMNEFT ZUID EAST,RU,US OFAC SDN — UKRAINE-EO13662/RUSSIA-EO14024,2026-09-22
GEFEST-M LLC,RU,US OFAC SDN — NPWMD,2026-09-22
"GEIGES, Daniel",ZZ,US OFAC SDN — NPWMD,2026-09-22
"GENCOGLU, Serhat",ZZ,US OFAC SDN — CAATSA - RUSSIA,2026-09-22
GENERAL BUREAU OF ATOMIC ENERGY,KP,US OFAC SDN — NPWMD,2026-09-22
GENNADIY NEVELSKOY,RU,US OFAC SDN — UKRAINE-EO13662/RUSSIA-EO14024,2026-09-22
GEOPOLITICA,RU,US OFAC SDN — UKRAINE-EO13660,2026-09-22
"GERAMI, Gholamhossein",IR,US OFAC SDN — IRAN-EO13902,2026-09-22
"GERASIM, Oleg Romualdovich",BY,US OFAC SDN — BELARUS-EO14038,2026-09-22
"GERASIMOV, Valery",RU,US OFAC SDN — RUSSIA-EO14024,2026-09-22
GESSI MARITIME CORPORATION,SC,US OFAC SDN — UKRAINE-EO13662/RUSSIA-EO14024,2026-09-22
GHADIR ELECTRICITY AND ENERGY INVESTMENT,IR,US OFAC SDN — IRAN,2026-09-22
GHADIR INVESTMENT AND INDUSTRY DEVELOPMENT,IR,US OFAC SDN — IRAN,2026-09-22
GHADIR INVESTMENT COMPANY,IR,US OFAC SDN — IRAN,2026-09-22
GHADIR KHUZESTAN CONSTRUCTION INDUSTRY DEVELOPMENT,IR,US OFAC SDN — IRAN,2026-09-22
GHADIR MANAGEMENT AND COMMERCIAL SERVICES,IR,US OFAC SDN — IRAN,2026-09-22
GHADIR PAYMAN COUNSELING ENGINEERS,IR,US OFAC SDN — IRAN,2026-09-22
GHAED BASSIR PETROCHEMICAL PRODUCTS COMPANY,IR,US OFAC SDN — IRAN/IRAN-EO13876,2026-09-22
"GHAFFARHADDADI, Javad",IR,US OFAC SDN — IRGC/IRAN-HR,2026-09-22
"GHAFFARIANANBERAN, Seyedmohammad",IR,US OFAC SDN — IRAN-HR,2026-09-22
"GHALANDARI, Seyed Hamzeh",IR,US OFAC SDN — IRAN-CON-ARMS-EO,2026-09-22
"GHANA'AT, Javad",IR,US OFAC SDN — IRAN-EO13876,2026-09-22
"GHANI, Esmail",ZZ,US OFAC SDN — IRGC/IFSR,2026-09-22
GHARARGAHE SAZANDEGI GHAEM,IR,US OFAC SDN — NPWMD/IRGC/IFSR,2026-09-22
GHARZOLHASANEH RESALAT BANK,IR,US OFAC SDN — IRAN/IRAN-EO13902,2026-09-22
"GHASEMI, Seyyed Reza",ZZ,US OFAC SDN — NPWMD/IFSR,2026-09-22
"GHASEMZADEH, Mehdi",IR,US OFAC SDN — IRGC/IFSR,2026-09-22
GHAVAMIN BANK,IR,US OFAC SDN — IRAN/IRAN-HR,2026-09-22
"GHEHI, Mohammadreza Ashrafi",IR,US OFAC SDN — IRGC/IFSR,2026-09-22
"GHEIB PARVAR, Gholamhossein",IR,US OFAC SDN — IRGC/IFSR/IRAN-HR,2026-09-22
GHESHM SHIPPING LINES MARINE AND ENGINEERING SERVICES CO,IR,US OFAC SDN — IRAN,2026-09-22
GHEZEL HESAR PRISON,IR,US OFAC SDN — CAATSA - IRAN,2026-09-22
"GHOLAMI, Ali",ZZ,US OFAC SDN — NPWMD/IFSR,2026-09-22
"GHOLAMSHAHI, Abbas",IR,US OFAC SDN — IRGC/IFSR,2026-09-22
"GHOLIZADEH, Hojjat",IR,US OFAC SDN — IRAN-HR,2026-09-22
"GHOLIZADEH, Majid",IR,US OFAC SDN — IRGC/IFSR/IRAN-HR,2026-09-22
GHORB KARBALA,IR,US OFAC SDN — NPWMD/IRGC/IFSR,2026-09-22
GHORB NOOH,IR,US OFAC SDN — NPWMD/IRGC/IFSR,2026-09-22
"GHOREISHI, Seyed Hojatollah",IR,US OFAC SDN — NPWMD/IFSR/IRAN-CON-ARMS-EO,2026-09-22
GIANT,HK,US OFAC SDN — IRAN-EO13902,2026-09-22
GIFTED PEAK LIMITED,CN,US OFAC SDN — UKRAINE-EO13662/RUSSIA-EO14024,2026-09-22
GILAN STEEL COMPLEX,IR,US OFAC SDN — IRAN-EO13871,2026-09-22
GILDA,IR,US OFAC SDN — IRAN/NPWMD/IFSR,2026-09-22
"GIRKIN, Igor Vsevolodovich",RU,US OFAC SDN — UKRAINE-EO13660,2026-09-22
"GIVARI, Akbar",IR,US OFAC SDN — IRAN-EO13902,2026-09-22
"GIZUNOV, Sergey Aleksandrovich",ZZ,US OFAC SDN — CAATSA - RUSSIA,2026-09-22
"GLADKIKH, Evgeny Viktorovich",RU,US OFAC SDN — CAATSA - RUSSIA,2026-09-22
GLAZING FUTURE MANAGEMENT NV,SR,US OFAC SDN — IRAN-EO13846,2026-09-22
"GLAZKOVA, Anzhelika Yegorovna",RU,US OFAC SDN — RUSSIA-EO14024,2026-09-22
"GLAZYEV, Sergey",ZZ,US OFAC SDN — UKRAINE-EO13661,2026-09-22
GLOBAL ACE,PA,US OFAC SDN — IRAN-EO13902,2026-09-22
GLOBAL AGE LIMITED,IR,US OFAC SDN — IRAN,2026-09-22
GLOBAL ANGEL,PA,US OFAC SDN — IRAN-EO13902,2026-09-22
GLOBAL ASPHALT,PA,US OFAC SDN — IRAN-EO13902,2026-09-22
GLOBAL BEAUTY,PA,US OFAC SDN — IRAN-EO13902,2026-09-22
GLOBAL CREST,PA,US OFAC SDN — IRAN-EO13902,2026-09-22
GLOBAL DIGNITY,PA,US OFAC SDN — IRAN-EO13902,2026-09-22
GLOBAL DOMINANCE,AG,US OFAC SDN — IRAN-EO13902,2026-09-22
GLOBAL EAGLE,KM,US OFAC SDN — IRAN-EO13902,2026-09-22
GLOBAL ELEGANCE,ZZ,US OFAC SDN — IRAN-EO13902,2026-09-22
GLOBAL EMERALD,PA,US OFAC SDN — IRAN-EO13902,2026-09-22
GLOBAL EVEREST,PA,US OFAC SDN — IRAN-EO13902,2026-09-22
GLOBAL FALCON,PW,US OFAC SDN — IRAN-EO13902,2026-09-22
GLOBAL GENESIS,ZZ,US OFAC SDN — IRAN-EO13902,2026-09-22
GLOBAL HAWK,ZZ,US OFAC SDN — IRAN-EO13902,2026-09-22
GLOBAL INDUSTRIAL CHEMICALS LIMITED,IN,US OFAC SDN — IRAN-EO13846,2026-09-22
GLOBAL INTERFACE COMPANY INC.,TW,US OFAC SDN — NPWMD,2026-09-22
GLOBAL MAHARANI,BB,US OFAC SDN — IRAN-EO13902,2026-09-22
"GLOBAL MARINE SHIP MANAGEMENT CO., LTD.",CN,US OFAC SDN — IRAN-EO13846,2026-09-22
GLOBAL PEACE,CK,US OFAC SDN — IRAN-EO13902,2026-09-22
GLOBAL PEAK,PA,US OFAC SDN — IRAN-EO13902,2026-09-22
GLOBAL RANI,PW,US OFAC SDN — IRAN-EO13902,2026-09-22
GLOBAL SEA LINE CO LTD,SG,US OFAC SDN — NPWMD/IFSR,2026-09-22
GLOBAL STAR,PA,US OFAC SDN — IRAN-EO13902,2026-09-22
GLOBAL TANKERS PRIVATE LIMITED,IN,US OFAC SDN — IRAN-EO13902,2026-09-22
GLOBAL UNITED SHIPPING LIMITED,IR,US OFAC SDN — IRAN,2026-09-22
GLOBAL VISINESS PTE. LTD.,CN,US OFAC SDN — IRAN-EO13846,2026-09-22
GLOBAL VISION GROUP,RU,US OFAC SDN — IRGC/IFSR,2026-09-22
GLORY ADVANCED LIMITED,CN,US OFAC SDN — IRAN-EO13846,2026-09-22
GLORY HARVEST,PA,US OFAC SDN — IRAN-EO13846,2026-09-22
GLORY INTERNATIONAL FZ-LLC,AE,US OFAC SDN — IRAN-EO13902,2026-09-22
GLORY STAR I,PA,US OFAC SDN — IRAN-EO13902,2026-09-22
GLOTREASURE COMPANY LIMITED,CN,US OFAC SDN — IRAN-EO13846,2026-09-22
GMCG HOLDING CORP,PA,US OFAC SDN — IRAN-EO13902,2026-09-22
GMCG LTD.,CY,US OFAC SDN — IRAN-EO13902,2026-09-22
GMCS MANAGEMENT LIMITED LIABILITY COMPANY,RU,US OFAC SDN — RUSSIA-EO14024,2026-09-22
GMI PROJECTS HAMBURG GMBH,DE,US OFAC SDN — IRAN-EO13871,2026-09-22
GMI PROJECTS LTD,GB,US OFAC SDN — IRAN-EO13871,2026-09-22
GOLAFRUZ,IR,US OFAC SDN — IRAN/NPWMD/IFSR,2026-09-22
GOLBON,IR,US OFAC SDN — IRAN/NPWMD/IFSR,2026-09-22
GOLD STAR 3,KH,US OFAC SDN — DPRK,2026-09-22
GOLDEN BRIDGE,PA,US OFAC SDN — IRAN-EO13846,2026-09-22
GOLDEN EAGLE,ZZ,US OFAC SDN — IRAN-EO13902,2026-09-22
GOLDEN ENTERPRISE SHIPPING LIMITED,IR,US OFAC SDN — IRAN,2026-09-22
GOLDEN GATE SHIP MANAGEMENT,IN,US OFAC SDN — IRAN-EO13902,2026-09-22
GOLDEN INTERNATIONAL FZE,AE,US OFAC SDN — IRAN-EO13846,2026-09-22
GOLDEN LIGHT 09,VN,US OFAC SDN — IRAN-EO13846,2026-09-22
GOLDEN LOTUS OIL GAS AND REAL ESTATE JOINT STOCK COMPANY,VN,US OFAC SDN — IRAN-EO13846,2026-09-22
GOLDEN MIST PTE. LTD.,SG,US OFAC SDN — IRAN-EO13902,2026-09-22
GOLDEN PEN GENERAL TRADING L.L.C,AE,US OFAC SDN — IRAN-EO13902,2026-09-22
GOLDEN PHOENIX,PA,US OFAC SDN — IRAN-EO13846,2026-09-22
GOLDEN RESOURCES TRADING COMPANY L.L.C.,AE,US OFAC SDN — IRAN,2026-09-22
GOLDEN STAR CO,SY,US OFAC SDN — NPWMD,2026-09-22
GOLDEN TRIANGLE BANK,KP,US OFAC SDN — DPRK4,2026-09-22
GOLDEN WARRIOR SHIPPING CO. LIMITED,CN,US OFAC SDN — IRAN-EO13846,2026-09-22
"GOLDENIX CO., LIMITED",CN,US OFAC SDN — IRAN-EO13846,2026-09-22
GOLGOHAR MINING AND INDUSTRIAL COMPANY,IR,US OFAC SDN — IRAN-EO13871,2026-09-22
"GOLPAYEGANI, Mohammad Mohammadi",IR,US OFAC SDN — IRAN-EO13876,2026-09-22
GOLSAN,IR,US OFAC SDN — IRAN/NPWMD/IFSR,2026-09-22
GOLSAR,IR,US OFAC SDN — IRAN/NPWMD/IFSR,2026-09-22
GOO RYONG,KP,US OFAC SDN — DPRK4,2026-09-22
GOOD RUN LIMITED,GB,US OFAC SDN — IRAN-EO13871,2026-09-22
GOOD SIBLINGS LTD,GB,US OFAC SDN — DPRK4,2026-09-22
GOODREACH,HK,US OFAC SDN — IRAN/NPWMD/IFSR,2026-09-22
GOODWIN,CK,US OFAC SDN — IRAN-EO13846,2026-09-22
GOORYONG SHIPPING CO LTD,KP,US OFAC SDN — DPRK4,2026-09-22
"GOSHTASBI, Amanollah",IR,US OFAC SDN — IRGC/IRAN-HR,2026-09-22
"GOTSANYUK, Yuri Mikhailovich",UA,US OFAC SDN — UKRAINE-EO13660,2026-09-22
"GOUDARZI, Mohammad Moazzami",IR,US OFAC SDN — IRAN-HR,2026-09-22
"GOVORUN, Oleg",RU,US OFAC SDN — UKRAINE-EO13661,2026-09-22
"GOVTVIN, Yuriy Nikolaevich",UA,US OFAC SDN — RUSSIA-EO14065,2026-09-22
GPB FINANCIAL SERVICES LIMITED,CY,US OFAC SDN — UKRAINE-EO13662/RUSSIA-EO14024,2026-09-22
GPB INTERNATIONAL SA,LU,US OFAC SDN — UKRAINE-EO13662/RUSSIA-EO14024,2026-09-22
GPB-DI HOLDINGS LIMITED,CY,US OFAC SDN — UKRAINE-EO13662/RUSSIA-EO14024,2026-09-22
"GRABCHAK, Evgeniy Petrovich",RU,US OFAC SDN — UKRAINE-EO13661,2026-09-22
GRACE BAY SHIPPING INC,AE,US OFAC SDN — IRAN,2026-09-22
"GRAMASHOV, Dmitry Sergeevich",UA,US OFAC SDN — UKRAINE-EO13660/UKRAINE-EO13685,2026-09-22
GRAND KARO,KH,US OFAC SDN — DPRK,2026-09-22
GRAND SERVICE EXPRESS,RU,US OFAC SDN — UKRAINE-EO13685,2026-09-22
GRANDEUR GENERAL TRADING FZE,AE,US OFAC SDN — IFSR,2026-09-22
"GRANOVSKY, Aleksey Ivanovich",UA,US OFAC SDN — UKRAINE-EO13660,2026-09-22
GREAT TEHRAN PENITENTIARY,IR,US OFAC SDN — CAATSA - IRAN,2026-09-22
GREAT TIMES SHIPPING LIMITED,CN,US OFAC SDN — IRAN-EO13902,2026-09-22
GREEN ENERGY CHEMICALS ENERJI KIMYASALLARI SANAYI TICARET ANONIM SIRKETI,TR,US OFAC SDN — IRAN-EO13902,2026-09-22
GREEN GARDEN TRADING LTD,SC,US OFAC SDN — IRAN-EO13902,2026-09-22
GREEN PINE ASSOCIATED CORPORATION,KP,US OFAC SDN — DPRK,2026-09-22
GREEN WAVE TELECOMMUNICATION,MY,US OFAC SDN — NPWMD/IFSR,2026-09-22
GREENLAND OIL & GAS TRADING FZE,AE,US OFAC SDN — IRAN-EO13846,2026-09-22
"GREF, Herman Oskarovich",RU,US OFAC SDN — RUSSIA-EO14024,2026-09-22
"GRIFFIN, Paul Nicholas",ZZ,US OFAC SDN — NPWMD,2026-09-22
"GRIFFIN, Peter",ZZ,US OFAC SDN — NPWMD,2026-09-22
"GRIGORYEV, Yuri Innokentyevich",RU,US OFAC SDN — RUSSIA-EO14024,2026-09-22
"GRININ, Yevgeniy Aleksandrovich",RU,US OFAC SDN — RUSSIA-EO14024,2026-09-22
GRODNO AZOT OAO,BY,US OFAC SDN — BELARUS,2026-09-22
GRODNO KHIMVOLOKNO OAO,BY,US OFAC SDN — BELARUS,2026-09-22
"GROMOV, Alexei Alexeyevich",RU,US OFAC SDN — UKRAINE-EO13661,2026-09-22
"GU, Wenlong",CN,US OFAC SDN — IRAN-EO13846,2026-09-22
"GUANGSHA ZHOUSHAN ENERGY GROUP CO., LTD.",CN,US OFAC SDN — IRAN-EO13846,2026-09-22
GUANYIN,LR,US OFAC SDN — IRAN-EO13902,2026-09-22
"GUBAREV, Pavel",ZZ,US OFAC SDN — UKRAINE-EO13660,2026-09-22
"GUBAREVA, Ekaterina",UA,US OFAC SDN — UKRAINE-EO13660/RUSSIA-EO14024,2026-09-22
GUDZON SHIPPING CO LLC,RU,US OFAC SDN — DPRK4,2026-09-22
GUP RK KTB SUDOKOMPOZIT,UA,US OFAC SDN — UKRAINE-EO13685,2026-09-22
GURON TRADING LIMITED,CN,US OFAC SDN — UKRAINE-EO13662/RUSSIA-EO14024,2026-09-22
"GURZHY, Andrei Anatoljevich",BY,US OFAC SDN — BELARUS,2026-09-22
"GUSEV, Dmitry Gennadyevich",RU,US OFAC SDN — RUSSIA-EO14024,2026-09-22
"GUTNIK, Igor Nikolaevich",BY,US OFAC SDN — BELARUS-EO14038,2026-09-22
GUTOWN TRADE LIMITED,CN,US OFAC SDN — IRAN-EO13902,2026-09-22
"GUTSAN, Aleksandr Vladimirovich",RU,US OFAC SDN — RUSSIA-EO14024,2026-09-22
GX SHIPPING FZE,AE,US OFAC SDN — IRAN-EO13846,2026-09-22
"HABIBULLAH HABIBULLAH, Mohamed Rafeek",AE,US OFAC SDN — IRAN-EO13902,2026-09-22
"HADDAD-ADEL, Gholamali",IR,US OFAC SDN — IRAN-EO13876,2026-09-22
HADI SHIPPING COMPANY LIMITED,CY,US OFAC SDN — IRAN,2026-09-22
HAEJIN SHIP MANAGEMENT COMPANY LIMITED,KP,US OFAC SDN — DPRK,2026-09-22
HAFEZ DARYA ARYA SHIPPING COMPANY,IR,US OFAC SDN — IRAN,2026-09-22
"HAGHANIAN, Vahid",IR,US OFAC SDN — IRAN-EO13876,2026-09-22
HAI LONG BRAVO,PA,US OFAC SDN — IRAN-EO13846,2026-09-22
"HAIDUKEVICH, Aleh Siarheevich",BY,US OFAC SDN — BELARUS-EO14038,2026-09-22
HAIMA SHIPPING LIMITED,SC,US OFAC SDN — UKRAINE-EO13662/RUSSIA-EO14024,2026-09-22
"HAJI HOSSEINI, Mojtaba",IR,US OFAC SDN — IRGC/IFSR,2026-09-22
"HAJI HOSSEINI, Mostafa",IR,US OFAC SDN — IRGC/IFSR,2026-09-22
"HAJIAN, Mehdi",IR,US OFAC SDN — IRAN-HR,2026-09-22
"HAJIZADEH, Amir Ali",IR,US OFAC SDN — IRGC/IFSR,2026-09-22
"HAKEMZADEH, Farshad",ZZ,US OFAC SDN — NPWMD/IFSR,2026-09-22
HAKUNA MATATA,LR,US OFAC SDN — IRAN-EO13902,2026-09-22
"HALAVANAU, Viktar Hryhoryavich",ZZ,US OFAC SDN — BELARUS,2026-09-22
"HALAVINS, Aleksejs",LV,US OFAC SDN — UKRAINE-EO13662/RUSSIA-EO14024,2026-09-22
HALTI,IR,US OFAC SDN — IRAN,2026-09-22
HAMD,IR,US OFAC SDN — IRAN/NPWMD/IFSR,2026-09-22
HAMGAM,IR,US OFAC SDN — IRAN/NPWMD/IFSR,2026-09-22
"HAMIDI, Esmail",IR,US OFAC SDN — IRAN-HR,2026-09-22
"HAMIDIRAVARI, Reza",IR,US OFAC SDN — IRAN-HR,2026-09-22
HAMOON SEPAHAN COMMERCIAL TRADING,IR,US OFAC SDN — IRAN,2026-09-22
HAMOON SEPAHAN INVESTMENT,IR,US OFAC SDN — IRAN,2026-09-22
HAMOON SEPAHAN MANAGEMENT SERVICES,IR,US OFAC SDN — IRAN,2026-09-22
"HAN, Chol Man",CN,US OFAC SDN — DPRK3,2026-09-22
"HAN, Hong Gil",CN,US OFAC SDN — DPRK4,2026-09-22
"HAN, Jang Su",RU,US OFAC SDN — NPWMD,2026-09-22
"HAN, Kwon U",CN,US OFAC SDN — DPRK2,2026-09-22
HANA BANKING CORPORATION LTD,KP,US OFAC SDN — DPRK3,2026-09-22
HANA ELECTRONICS JVC,KP,US OFAC SDN — DPRK4,2026-09-22
HANDASIEH,SY,US OFAC SDN — NPWMD,2026-09-22
HANGZHOU XIANGHE TRADING CO LTD,CN,US OFAC SDN — UKRAINE-EO13662/RUSSIA-EO14024,2026-09-22
HAO FAN 2,ZZ,US OFAC SDN — DPRK4,2026-09-22
HAO FAN 6,ZZ,US OFAC SDN — DPRK4,2026-09-22
HAP JANG GANG 6,KP,US OFAC SDN — DPRK4,2026-09-22
HAPJANGGANG SHIPPING CORP,KP,US OFAC SDN — DPRK4,2026-09-22
HAPPINESS I,IR,US OFAC SDN — IRAN,2026-09-22
HAPUKA MARINE LTD.,MH,US OFAC SDN — IRAN-EO13902,2026-09-22
HARA COMPANY,IR,US OFAC SDN — NPWMD/IRGC/IFSR,2026-09-22
"HARA, Dzmitry Iurevich",BY,US OFAC SDN — BELARUS-EO14038,2026-09-22
HARAZ SHIPPING COMPANY LIMITED,CY,US OFAC SDN — IRAN,2026-09-22
HARESH PETROCHEM PRIVATE LIMITED,IN,US OFAC SDN — IRAN-EO13846,2026-09-22
HARMONY,KM,US OFAC SDN — IRAN-EO13846,2026-09-22
HARMONY GROVE CORPORATION,SC,US OFAC SDN — UKRAINE-EO13662/RUSSIA-EO14024,2026-09-22
HAROLD TRADING L.L.C,AE,US OFAC SDN — IRAN-EO13846,2026-09-22
HARRY VICTOR SHIP MANAGEMENT AND OPERATION L.L.C,AE,US OFAC SDN — IRAN-EO13846,2026-09-22
"HARUNI, Hosein Mohammad",IR,US OFAC SDN — IRGC/IFSR,2026-09-22
"HASHEMI, Seyed Mohammad",IR,US OFAC SDN — NPWMD/IFSR,2026-09-22
"HASHEMIFAR, Mohammad Reza",IR,US OFAC SDN — IRAN-HR,2026-09-22
HASNA,IR,US OFAC SDN — IRAN,2026-09-22
"HASSANZADEH, Hassan",IR,US OFAC SDN — IRGC/IRAN-HR,2026-09-22
"HATAMI, Amir",IR,US OFAC SDN — IRAN-CON-ARMS-EO,2026-09-22
HATEF SHIPPING COMPANY LIMITED,CY,US OFAC SDN — IRAN,2026-09-22
HAUNCAYO,KM,US OFAC SDN — IRAN-EO13846,2026-09-22
HAWK,IR,US OFAC SDN — IRAN,2026-09-22
"HAWRANI, Habib",ZZ,US OFAC SDN — NPWMD,2026-09-22
"HAYDAR, Zuhayr",ZZ,US OFAC SDN — NPWMD,2026-09-22
"HEBEI XINHAI CHEMICAL GROUP CO., LTD.",CN,US OFAC SDN — IRAN-EO13846,2026-09-22
HEDY,IR,US OFAC SDN — IRAN,2026-09-22
"HEIDARI, Kiyumars",IR,US OFAC SDN — IRAN-HR,2026-09-22
"HEIDARI, Reza",ZZ,US OFAC SDN — IRGC/IFSR,2026-09-22
HEIDI A,PA,US OFAC SDN — UKRAINE-EO13662/RUSSIA-EO14024,2026-09-22
HEILONGJIANG SHUNSHENG ECONOMIC AND TRADE DEVELOPMENT CO LTD,CN,US OFAC SDN — UKRAINE-EO13662/RUSSIA-EO14024,2026-09-22
HEJAB TEXTILE COMPANY,IR,US OFAC SDN — IRAN-EO13876,2026-09-22
"HEJABI, Mahdi",IR,US OFAC SDN — IRAN-HR,2026-09-22
"HEJAZI, Mohammad",ZZ,US OFAC SDN — NPWMD/IRGC/IFSR,2026-09-22
HEKMAT IRANIAN BANK,IR,US OFAC SDN — IRAN/NPWMD/IFSR,2026-09-22
HELM,IR,US OFAC SDN — IRAN,2026-09-22
HEMERA,PW,US OFAC SDN — IRAN-EO13902,2026-09-22
HEMERA LINES INC.,MH,US OFAC SDN — IRAN-EO13902,2026-09-22
"HEMMATI, Alireza",ZZ,US OFAC SDN — IRGC/IFSR,2026-09-22
"HEMMATIAN, Ali",IR,US OFAC SDN — IRGC/IRAN-HR,2026-09-22
HENG TAI,PA,US OFAC SDN — UKRAINE-EO13662/RUSSIA-EO14024,2026-09-22
HENGTAI SHIPPING LIMITED,MH,US OFAC SDN — UKRAINE-EO13662/RUSSIA-EO14024,2026-09-22
HENGYANG PETROCHEMICAL LOGISTICS LIMITED,SG,US OFAC SDN — IRAN-EO13846,2026-09-22
HENNA,IR,US OFAC SDN — IRAN,2026-09-22
HERA GAM LIMITED,CN,US OFAC SDN — UKRAINE-EO13662/RUSSIA-EO14024,2026-09-22
HERBARIUM OFFICE MANAGEMENT LLC,RU,US OFAC SDN — UKRAINE-EO13662/RUSSIA-EO14024,2026-09-22
HERBY,IR,US OFAC SDN — IRAN,2026-09-22
HERCULES INTERNATIONAL SHIP,AE,US OFAC SDN — IRAN,2026-09-22
HERMES,RU,US OFAC SDN — RUSSIA-EO14024,2026-09-22
HERMIS SHIPPING SA,AE,US OFAC SDN — IRAN,2026-09-22
HERO COMPANION LIMITED,CN,US OFAC SDN — IRAN-EO13902,2026-09-22
HERO II,IR,US OFAC SDN — IRAN,2026-09-22
HERSTEL TRADING LIMITED,MH,US OFAC SDN — IRAN-EO13846,2026-09-22
HESONG TRADING CORPORATION,KP,US OFAC SDN — NPWMD,2026-09-22
HIGH SEAS PETROLEUM LLC,AE,US OFAC SDN — IRAN-EO13902,2026-09-22
HIGHER INSTITUTE OF APPLIED SCIENCE AND TECHNOLOGY,SY,US OFAC SDN — NPWMD,2026-09-22
HIGHLINE LOGISTIC HK LIMITED,CN,US OFAC SDN — IRAN-EO13846,2026-09-22
HILDA I,IR,US OFAC SDN — IRAN,2026-09-22
HIMALAYAN,PA,US OFAC SDN — UKRAINE-EO13662/RUSSIA-EO14024,2026-09-22
HIRMAND SHIPPING COMPANY LIMITED,CY,US OFAC SDN — IRAN,2026-09-22
HIZBALLAH,ZZ,US OFAC SDN — IRGC/IFSR,2026-09-22
"HK SIHAI YINGTONG INDUSTRY CO., LIMITED",CN,US OFAC SDN — IRAN-EO13846,2026-09-22
HK YUANHANG SHIPPING LIMITED,CN,US OFAC SDN — IRAN-EO13846,2026-09-22
HMS TRADING FZE,AE,US OFAC SDN — IRAN-EO13902,2026-09-22
"HO, Jong Son",KP,US OFAC SDN — DPRK4,2026-09-22
"HO, Yong Chol",CN,US OFAC SDN — DPRK,2026-09-22
"HO, Yong Il",CN,US OFAC SDN — DPRK4,2026-09-22
"HOANG, Minh Quang",VN,US OFAC SDN — DPRK4,2026-09-22
HODA SHIPPING COMPANY LIMITED,CY,US OFAC SDN — IRAN,2026-09-22
HOE RYONG,KP,US OFAC SDN — DPRK3,2026-09-22
HOERYONG SHIPPING CO LTD,KP,US OFAC SDN — DPRK3,2026-09-22
"HOJATI, Mohsen",IR,US OFAC SDN — NPWMD/IFSR,2026-09-22
HOMA SHIPPING COMPANY LIMITED,CY,US OFAC SDN — IRAN,2026-09-22
"HOMAYUNFAL, Hamid",IR,US OFAC SDN — IRGC/IFSR,2026-09-22
HONAR SHIPPING COMPANY LIMITED,CY,US OFAC SDN — IRAN,2026-09-22
"HONG KONG AEONIAN COMPLEX CO., LIMITED",CN,US OFAC SDN — IRAN-EO13846,2026-09-22
HONG KONG ELECTRONICS,IR,US OFAC SDN — NPWMD,2026-09-22
HONG KONG HANGSHUN SHIPPING LIMITED,CN,US OFAC SDN — IRAN-EO13902,2026-09-22
HONG KONG HANYUAN SHIPPING CO LIMITED,CN,US OFAC SDN — UKRAINE-EO13662/RUSSIA-EO14024,2026-09-22
HONG KONG HESHUN TRANSPORTATION TRADING LIMITED,CN,US OFAC SDN — IRAN-EO13902,2026-09-22
HONG KONG INTERTRADE COMPANY,HK,US OFAC SDN — IRAN,2026-09-22
"HONG KONG PRIME TRADING CO., LIMITED",CN,US OFAC SDN — IRAN-EO13902,2026-09-22
HONG KONG YONGYE SHIPPING LIMITED,CN,US OFAC SDN — UKRAINE-EO13662/RUSSIA-EO14024,2026-09-22
HONG XUN,LR,US OFAC SDN — IRAN-EO13871,2026-09-22
"HONG, Jinhua",CN,US OFAC SDN — NPWMD,2026-09-22
"HONGKONG CANWAY CO., LIMITED",CN,US OFAC SDN — IRAN-EO13846,2026-09-22
HONGKONG WELL INTERNATIONAL TRADING LIMITED,CN,US OFAC SDN — IRAN-EO13846,2026-09-22
HONGXIANG MARINE HONG KONG LTD,CN,US OFAC SDN — DPRK4,2026-09-22
HONGYUAN MARINE CO LTD,CN,US OFAC SDN — IRAN-EO13871,2026-09-22
HOOPAD DARYA SHIPPING AGENCY SERVICES,IR,US OFAC SDN — IRAN,2026-09-22
HORAE,PA,US OFAC SDN — IRAN-EO13902,2026-09-22
HORIZON HARVEST SHIPPING LLC,AE,US OFAC SDN — IRAN-EO13902,2026-09-22
HORMOZ OIL REFINING COMPANY,IR,US OFAC SDN — IRAN,2026-09-22
HORMOZGAN STEEL COMPANY,IR,US OFAC SDN — IRAN-EO13871,2026-09-22
HORMUZ 2,IR,US OFAC SDN — IRAN/NPWMD/IFSR,2026-09-22
HORNET,SZ,US OFAC SDN — IRAN-EO13846,2026-09-22
"HORRYZIN INTERNATIONAL TRADE CO., LIMITED",CN,US OFAC SDN — IRAN-EO13846,2026-09-22
"HOSSEINI, Sayyed Jabar",ZZ,US OFAC SDN — IFSR,2026-09-22
"HOSSEINI, Seyed Sadegh",IR,US OFAC SDN — IRGC/IRAN-HR,2026-09-22
HOZDRA GROUP LIMITED,CN,US OFAC SDN — IRAN-EO13902,2026-09-22
"HRYB, Mikhail",BY,US OFAC SDN — BELARUS,2026-09-22
HSF DIS TICARET LIMITED SIRKETI,TR,US OFAC SDN — IRAN-EO13871,2026-09-22
HSI TRADING FZE,AE,US OFAC SDN — IFSR,2026-09-22
HTTS HANSEATIC TRADE TRUST & SHIPPING GMBH,DE,US OFAC SDN — IRAN,2026-09-22
HUA FU,PA,US OFAC SDN — DPRK4,2026-09-22
"HUANG, Wang Ken",TW,US OFAC SDN — DPRK4,2026-09-22
HUAXIA TRADING LTD,CN,US OFAC SDN — IRAN-EO13902,2026-09-22
HUAXIN SHIPPING HONGKONG LTD,CN,US OFAC SDN — DPRK4,2026-09-22
"HUAYING HUIZHOU DAYA BAY PETROCHEMICAL TERMINAL STORAGE CO., LTD",CN,US OFAC SDN — IRAN-EO13846,2026-09-22
HUGE,IR,US OFAC SDN — IRAN,2026-09-22
HUI HAI ATLANTIC,PA,US OFAC SDN — UKRAINE-EO13662/RUSSIA-EO14024,2026-09-22
HUIHAI HONG KONG SHIPPING CO LIMITED,CN,US OFAC SDN — UKRAINE-EO13662/RUSSIA-EO14024,2026-09-22
HUIHAI PACIFIC,PA,US OFAC SDN — UKRAINE-EO13662/RUSSIA-EO14024,2026-09-22
HUMANITY,IR,US OFAC SDN — IRAN,2026-09-22
"HUSSAIN, Mavungal",ZZ,US OFAC SDN — DPRK2,2026-09-22
HUZUR PLASTIK KIMYEVI MADDELER ITHALAT IHRACAT SANAYI VE TICARET LIMITED SIRKETI,TR,US OFAC SDN — IRAN-EO13846,2026-09-22
HWA SONG,KP,US OFAC SDN — DPRK4,2026-09-22
HWANG GUM SAN 2,KP,US OFAC SDN — DPRK,2026-09-22
"HWANG, Kil Su",CD,US OFAC SDN — DPRK4,2026-09-22
"HWANG, Pyong So",KP,US OFAC SDN — DPRK2,2026-09-22
"HWANG, Su Man",ZZ,US OFAC SDN — DPRK2,2026-09-22
HWASONG SHIPPING CO LTD,KP,US OFAC SDN — DPRK4,2026-09-22
HYOK SIN 2,KP,US OFAC SDN — DPRK,2026-09-22
"HYON, Gwang Il",KP,US OFAC SDN — NPWMD,2026-09-22
HYPERCORE LTD,GB,US OFAC SDN — CAATSA - RUSSIA,2026-09-22
HYPERION,BB,US OFAC SDN — UKRAINE-EO13662/RUSSIA-EO14024,2026-09-22
HYUNDAI MIPO 2655,IR,US OFAC SDN — IRAN/NPWMD/IFSR,2026-09-22
HYUNDAI MIPO 2656,IR,US OFAC SDN — IRAN/NPWMD/IFSR,2026-09-22
HYUNDAI MIPO 2657,IR,US OFAC SDN — IRAN/NPWMD/IFSR,2026-09-22
"IA INFOROS, OOO",RU,US OFAC SDN — NPWMD/CAATSA - RUSSIA,2026-09-22
IANTHE,PA,US OFAC SDN — IRAN-EO13902,2026-09-22
"IFDK, ZAO",RU,US OFAC SDN — UKRAINE-EO13685,2026-09-22
IFIC HOLDING AG,DE,US OFAC SDN — IRAN,2026-09-22
"IGNATOVA, Anastasia",RU,US OFAC SDN — RUSSIA-EO14024,2026-09-22
"IGNATOVA, Yekaterina Sergeyevna",RU,US OFAC SDN — RUSSIA-EO14024,2026-09-22
IHAG TRADING GMBH,DE,US OFAC SDN — IRAN,2026-09-22
IKS JOINT STOCK COMPANY,RU,US OFAC SDN — RUSSIA-EO14024,2026-09-22
ILL GAP,PA,US OFAC SDN — IRAN-EO13846,2026-09-22
ILLUMOVE SA,CH,US OFAC SDN — NPWMD/IRGC/IFSR,2026-09-22
ILSIM INTERNATIONAL BANK,KP,US OFAC SDN — DPRK3,2026-09-22
"ILYASHENKO, Andrey Vitalyevich",RU,US OFAC SDN — NPWMD/CAATSA - RUSSIA,2026-09-22
"IM, Song Jin",KP,US OFAC SDN — DPRK4,2026-09-22
"IM, Song Sun",KP,US OFAC SDN — DPRK4,2026-09-22
IMAM HOSSEIN UNIVERSITY,IR,US OFAC SDN — NPWMD/IRGC/IFSR,2026-09-22
IMAM KHOMEINI RELIEF COMMITTEE (LEBANON BRANCH),LB,US OFAC SDN — IFSR,2026-09-22
"IMANI, Seyyed Zia",IR,US OFAC SDN — IRAN-EO13876,2026-09-22
"IMANIRAD, Arman",ZZ,US OFAC SDN — NPWMD/IFSR,2026-09-22
"IMANIRAD, Mohammad Javad",ZZ,US OFAC SDN — NPWMD/IFSR,2026-09-22
IMEN SANAT ZAMAN FARA COMPANY,IR,US OFAC SDN — IRAN-HR,2026-09-22
IMENSAZEN CONSULTANT ENGINEERS INSTITUTE,IR,US OFAC SDN — NPWMD/IRGC/IFSR,2026-09-22
IMICO NEKA 455,IR,US OFAC SDN — IRAN,2026-09-22
IMPALAS,ST,US OFAC SDN — IRAN-EO13902,2026-09-22
IMPIRE SHIPPING COMPANY,GR,US OFAC SDN — IRAN,2026-09-22
IMS LTD,MY,US OFAC SDN — IRAN-EO13846,2026-09-22
INAYA SHIP MANAGEMENT PRIVATE LIMITED,PK,US OFAC SDN — IRAN-EO13902,2026-09-22
INDISOL MARKETING PRIVATE LIMITED,IN,US OFAC SDN — IRAN-EO13846,2026-09-22
INDUSTRIAL DEVELOPMENT AND RENOVATION ORGANIZATION OF IRAN,IR,US OFAC SDN — IRAN,2026-09-22
INDUSTRIAL SOLUTIONS,SY,US OFAC SDN — NPWMD,2026-09-22
INDUSTRIAL UNITARY ENTERPRISE OIL BITUMEN PLANT,BY,US OFAC SDN — BELARUS-EO14038,2026-09-22
INDUSTRIAL-COMMERCIAL PRIVATE UNITARY ENTERPRISE MINOTOR-SERVICE,BY,US OFAC SDN — BELARUS-EO14038,2026-09-22
INFORMATION SYSTEMS IRAN,IR,US OFAC SDN — NPWMD/IFSR,2026-09-22
"INFOROS, OOO",RU,US OFAC SDN — NPWMD/CAATSA - RUSSIA,2026-09-22
INGOSSTRAKH INSURANCE COMPANY,RU,US OFAC SDN — UKRAINE-EO13662/RUSSIA-EO14024,2026-09-22
INRESBANK OOO,RU,US OFAC SDN — UKRAINE-EO13661,2026-09-22
"INSTAR LODZHISTIKS, OOO",RU,US OFAC SDN — UKRAINE-EO13661/RUSSIA-EO14024,2026-09-22
"INSTITUT STROIPROEKT, AO",RU,US OFAC SDN — UKRAINE-EO13685,2026-09-22
INSURANCE COMPANY SBERBANK INSURANCE LIMITED LIABILITY COMPANY,RU,US OFAC SDN — UKRAINE-EO13662/RUSSIA-EO14024,2026-09-22
INSURANCE COMPANY SBERBANK LIFE INSURANCE LIMITED LIABILITY COMPANY,RU,US OFAC SDN — RUSSIA-EO14024,2026-09-22
INTAN PREMIER,PW,US OFAC SDN — IRAN-EO13902,2026-09-22
INTEGRATED SCIENTIFIC MICROWAVE TECHNOLOGY SDN BHD,MY,US OFAC SDN — NPWMD/IRGC/IFSR,2026-09-22
INTELLEKT LLC,RU,US OFAC SDN — DPRK2,2026-09-22
INTERNAL TROOPS OF THE MINISTRY OF INTERNAL AFFAIRS OF THE REPUBLIC OF BELARUS,BY,US OFAC SDN — BELARUS,2026-09-22
INTERNATIONAL ANTICRISIS CENTER,RU,US OFAC SDN — UKRAINE-EO13661,2026-09-22
INTERNATIONAL EXPERTISE GROUP LIMITED,IR,US OFAC SDN — IRAN,2026-09-22
INTERNATIONAL GENERAL RESOURCING FZE,AE,US OFAC SDN — NPWMD/IFSR,2026-09-22
INTERNATIONAL INDUSTRIAL DEVELOPMENT BANK,KP,US OFAC SDN — DPRK4,2026-09-22
INTERNATIONAL INVESTMENT BANK,HU,US OFAC SDN — UKRAINE-EO13662/RUSSIA-EO14024,2026-09-22
INTERNATIONAL MARINE MANAGEMENT FZE,AE,US OFAC SDN — UKRAINE-EO13662/RUSSIA-EO14024,2026-09-22
INTERNATIONAL NON-PROFIT FOUNDATION CENTER FOR GEOPOLITICAL EXPERTISE,RU,US OFAC SDN — CAATSA - RUSSIA/RUSSIA-EO14024,2026-09-22
INTERNATIONAL SHIPPING BUREAU L.L.C,AE,US OFAC SDN — IRAN-EO13902,2026-09-22
INTERNATIONAL TANKER LIMITED,IR,US OFAC SDN — IRAN,2026-09-22
INTERNATIONAL TRADE AND INDUSTRIAL TECHNOLOGY ITRITEC GMBH,DE,US OFAC SDN — IRAN-EO13876,2026-09-22
INTERSEAS SHIPYARD LTD,IR,US OFAC SDN — IRAN,2026-09-22
INTRA CHEM TRADING GMBH,DE,US OFAC SDN — IRAN,2026-09-22
INVENTION BRIDGE SL,ES,US OFAC SDN — RUSSIA-EO14024,2026-09-22
INVESTCAPITALBANK,RU,US OFAC SDN — UKRAINE-EO13661,2026-09-22
INVESTIGATIVE COMMITTEE OF THE REPUBLIC OF BELARUS,BY,US OFAC SDN — BELARUS-EO14038,2026-09-22
"IOFFE, Eduard A",ZZ,US OFAC SDN — UKRAINE-EO13661,2026-09-22
"IPATAU, Vadzim Dzmitrievich",BY,US OFAC SDN — BELARUS,2026-09-22
IPP OIL PRODUCTS (CYPRUS) LIMITED,CY,US OFAC SDN — UKRAINE-EO13661,2026-09-22
IRAN & SHARGH COMPANY,IR,US OFAC SDN — IRAN,2026-09-22
IRAN & SHARGH LEASING COMPANY,IR,US OFAC SDN — IRAN,2026-09-22
IRAN AIR,IR,US OFAC SDN — IRAN/IRAN-CON-ARMS-EO/RUSSIA-EO14024,2026-09-22
IRAN AIRCRAFT INDUSTRIES,IR,US OFAC SDN — NPWMD/IFSR,2026-09-22
IRAN AIRCRAFT MANUFACTURING INDUSTRIAL COMPANY,IR,US OFAC SDN — NPWMD/IFSR/IRAN-CON-ARMS-EO,2026-09-22
IRAN ALLOY STEEL COMPANY,IR,US OFAC SDN — IRAN-EO13871,2026-09-22
IRAN ALUMINUM COMPANY,IR,US OFAC SDN — IRAN-EO13871,2026-09-22
IRAN AVIATION INDUSTRIES ORGANIZATION,IR,US OFAC SDN — NPWMD/IFSR/IRAN-CON-ARMS-EO,2026-09-22
IRAN CENTRAL IRON ORE COMPANY,IR,US OFAC SDN — IRAN-EO13871,2026-09-22
IRAN CENTRIFUGE TECHNOLOGY COMPANY,IR,US OFAC SDN — NPWMD/IFSR,2026-09-22
IRAN CHARAK,IR,US OFAC SDN — IRAN/NPWMD/IFSR,2026-09-22
IRAN CHEMICAL INDUSTRIES INVESTMENT COMPANY PUBLIC JOINT STOCK,IR,US OFAC SDN — IRAN-EO13846,2026-09-22
IRAN COMBINE MANUFACTURING CO.,IR,US OFAC SDN — IRAN-EO13876,2026-09-22
IRAN COMMUNICATION INDUSTRIES,IR,US OFAC SDN — NPWMD/IFSR,2026-09-22
IRAN ELECTRONIC DEVELOPMENT COMPANY,IR,US OFAC SDN — IRAN-EO13876,2026-09-22
IRAN ELECTRONICS INDUSTRIES,IR,US OFAC SDN — NPWMD/IFSR/IRAN-TRA,2026-09-22
IRAN FOREIGN INVESTMENT COMPANY,IR,US OFAC SDN — IRAN,2026-09-22
IRAN HELICOPTER SUPPORT AND RENEWAL COMPANY,IR,US OFAC SDN — NPWMD/IFSR,2026-09-22
IRAN HORMUZ 12,IR,US OFAC SDN — IRAN/NPWMD/IFSR,2026-09-22
IRAN HORMUZ 14,IR,US OFAC SDN — IRAN/NPWMD/IFSR,2026-09-22
IRAN HORMUZ 22,IR,US OFAC SDN — IRAN/NPWMD/IFSR,2026-09-22
IRAN HORMUZ 25,IR,US OFAC SDN — IRAN/NPWMD/IFSR,2026-09-22
IRAN INSURANCE COMPANY,IR,US OFAC SDN — IRAN,2026-09-22
"IRAN MARINE INDUSTRIAL COMPANY, SADRA",IR,US OFAC SDN — NPWMD/IRGC/IFSR,2026-09-22
IRAN MOBIN ELECTRONIC DEVELOPMENT COMPANY,IR,US OFAC SDN — IRAN-EO13876,2026-09-22
IRAN PARAK,IR,US OFAC SDN — IRAN/NPWMD/IFSR,2026-09-22
IRAN PETROCHEMICAL COMMERCIAL COMPANY,IR,US OFAC SDN — IRAN,2026-09-22
IRAN POOYA,IR,US OFAC SDN — NPWMD/IFSR,2026-09-22
IRAN SHAHED,IR,US OFAC SDN — IRAN/NPWMD/IFSR,2026-09-22
IRAN SHALAK,IR,US OFAC SDN — IRAN/NPWMD/IFSR,2026-09-22
IRAN SHALAMCHEH,IR,US OFAC SDN — IRAN/NPWMD/IFSR,2026-09-22
IRAN TIRE MANUFACTURING COMPANY,IR,US OFAC SDN — IRAN-EO13876,2026-09-22
IRAN TRACTOR MANUFACTURING COMPANY,IR,US OFAC SDN — IFSR,2026-09-22
IRAN YOUSHAT,IR,US OFAC SDN — IRAN/NPWMD/IFSR,2026-09-22
IRAN ZAMIN BANK,IR,US OFAC SDN — IRAN/IRAN-EO13902,2026-09-22
IRAN ZINC MINES DEVELOPMENT COMPANY,IR,US OFAC SDN — IFSR,2026-09-22
IRAN'S COUNTER-TERROR SPECIAL FORCES,IR,US OFAC SDN — IRAN-HR,2026-09-22
IRAN'S MORALITY POLICE,IR,US OFAC SDN — IRAN-HR,2026-09-22
IRAN'S NUCLEAR POWER PLANT CONSTRUCTION MANAGEMENT COMPANY,ZZ,US OFAC SDN — IRAN,2026-09-22
IRAN-VENEZUELA BI-NATIONAL BANK,IR,US OFAC SDN — IRAN/IFSR,2026-09-22
"IRANAGH, Gholamreza Radmard",IR,US OFAC SDN — IRAN-HR,2026-09-22
IRANIAN ATLAS COMPANY,IR,US OFAC SDN — IRGC/IFSR,2026-09-22
IRANIAN COMMITTEE FOR THE RECONSTRUCTION OF LEBANON,LB,US OFAC SDN — IFSR,2026-09-22
IRANIAN COMMUNICATIONS REGULATORY AUTHORITY,IR,US OFAC SDN — IRAN-TRA,2026-09-22
IRANIAN CYBER POLICE,ZZ,US OFAC SDN — IRAN-TRA,2026-09-22
IRANIAN GHADIR IRON & STEEL CO.,IR,US OFAC SDN — IRAN-EO13871,2026-09-22
IRANIAN ISLAMIC REVOLUTIONARY GUARD CORPS CYBER-ELECTRONIC COMMAND,IR,US OFAC SDN — IRGC/IFSR/IRAN-CON-ARMS-EO,2026-09-22
IRANIAN MINES AND MINING INDUSTRIES DEVELOPMENT AND RENOVATION ORGANIZATION,IR,US OFAC SDN — IRAN,2026-09-22
IRANIAN MINISTRY OF INTELLIGENCE AND SECURITY,IR,US OFAC SDN — IFSR/IRAN-HR,2026-09-22
IRANIAN NOVIN INDUSTRY DEVELOPMENT,IR,US OFAC SDN — IRAN,2026-09-22
IRANIAN OIL COMPANY (U.K.) LIMITED,GB,US OFAC SDN — IRAN,2026-09-22
IRANIAN OIL TERMINALS COMPANY,IR,US OFAC SDN — IRAN-EO13902,2026-09-22
IRANO HIND SHIPPING COMPANY LTD,IR,US OFAC SDN — IRAN,2026-09-22
IRANO MISR SHIPPING COMPANY,EG,US OFAC SDN — IRAN,2026-09-22
IRASCO S.R.L.,IT,US OFAC SDN — IRAN,2026-09-22
IRGC GROUND FORCES,IR,US OFAC SDN — IRGC,2026-09-22
IRGC NAVY,IR,US OFAC SDN — IRGC,2026-09-22
IRIS,PW,US OFAC SDN — IRAN-EO13902,2026-09-22
IRISL EUROPE GMBH,DE,US OFAC SDN — IRAN,2026-09-22
IRISL MARITIME TRAINING INSTITUTE,IR,US OFAC SDN — IRAN,2026-09-22
IRISL MULTIMODAL TRANSPORT CO.,IR,US OFAC SDN — IRAN,2026-09-22
IRITAL SHIPPING LINES COMPANY,IT,US OFAC SDN — IRAN,2026-09-22
IRKUTSK AVIATION PLANT,RU,US OFAC SDN — RUSSIA-EO14024,2026-09-22
"IRLU, Hasan",YE,US OFAC SDN — IRGC/IFSR,2026-09-22
"IS BANK, AO",RU,US OFAC SDN — UKRAINE-EO13685,2026-09-22
"ISAKOV, Vladimir Pavlovich",RU,US OFAC SDN — RUSSIA-EO14024,2026-09-22
ISFAHAN CENTRAL PRISON,IR,US OFAC SDN — CAATSA - IRAN,2026-09-22
"ISHCHENKO, Dmitry Olegovich",BY,US OFAC SDN — RUSSIA-EO14024/BELARUS-EO14038,2026-09-22
ISI MARITIME LIMITED,MT,US OFAC SDN — IRAN,2026-09-22
ISIM ATR LIMITED,MT,US OFAC SDN — IRAN,2026-09-22
ISIM SININ LIMITED,MT,US OFAC SDN — IRAN,2026-09-22
ISIM TAJ MAHAL LIMITED,MT,US OFAC SDN — IRAN,2026-09-22
ISLAMIC REGIONAL COOPERATION BANK,IQ,US OFAC SDN — IRAN/IRAN-EO13902,2026-09-22
ISLAMIC REPUBLIC OF IRAN - CHINA SHIPPING LINES,CN,US OFAC SDN — IRAN,2026-09-22
ISLAMIC REPUBLIC OF IRAN - MIDDLE EAST SHIPPING LINES COMPANY,AE,US OFAC SDN — IRAN,2026-09-22
ISLAMIC REPUBLIC OF IRAN AIR FORCE,IR,US OFAC SDN — IRAN-CON-ARMS-EO,2026-09-22
ISLAMIC REPUBLIC OF IRAN BROADCASTING,IR,US OFAC SDN — IRAN-TRA,2026-09-22
ISLAMIC REPUBLIC OF IRAN SHIPPING LINES,IR,US OFAC SDN — IRAN/NPWMD/IFSR,2026-09-22
ISLAMIC REPUBLIC OF IRAN SHIPPING LINES INVESTMENT,IR,US OFAC SDN — IRAN,2026-09-22
ISLAMIC REVOLUTION MOSTAZAFAN FOUNDATION,IR,US OFAC SDN — IRAN-EO13876,2026-09-22
ISLAMIC REVOLUTIONARY GUARD CORPS,IR,US OFAC SDN — NPWMD/IRGC/IFSR/IRAN-HR,2026-09-22
ISLAMIC REVOLUTIONARY GUARD CORPS (IRGC)-QODS FORCE,IR,US OFAC SDN — IRGC/IFSR/IRAN-HR,2026-09-22
ISLAMIC REVOLUTIONARY GUARD CORPS AEROSPACE FORCE SELF SUFFICIENCY JIHAD ORGANIZATION,IR,US OFAC SDN — NPWMD/IRGC/IFSR,2026-09-22
ISLAMIC REVOLUTIONARY GUARD CORPS AIR FORCE,IR,US OFAC SDN — NPWMD/IRGC/IFSR/RUSSIA-EO14024,2026-09-22
ISLAMIC REVOLUTIONARY GUARD CORPS AL-GHADIR MISSILE COMMAND,IR,US OFAC SDN — NPWMD/IRGC/IFSR,2026-09-22
ISLAMIC REVOLUTIONARY GUARD CORPS RESEARCH AND SELF-SUFFICIENCY JEHAD ORGANIZATION,IR,US OFAC SDN — NPWMD/IRGC/IFSR,2026-09-22
ISLE INNOVATION INC,PA,US OFAC SDN — IRAN-EO13846,2026-09-22
"ISMAILOV, Zaur",ZZ,US OFAC SDN — UKRAINE-EO13660,2026-09-22
ITAUGUA,KM,US OFAC SDN — IRAN-EO13902,2026-09-22
ITAUGUA SERVICES INC,LR,US OFAC SDN — IRAN-EO13902,2026-09-22
"IVAKIN, Yuriy Vladimirovich",ZZ,US OFAC SDN — UKRAINE-EO13660,2026-09-22
IVAN AIVAZOVSKY,RU,US OFAC SDN — UKRAINE-EO13662/RUSSIA-EO14024,2026-09-22
IVAN SIDORENKO,RU,US OFAC SDN — RUSSIA-EO14024,2026-09-22
"IVANKOVICH, Valery Valerievich",BY,US OFAC SDN — BELARUS-EO14038,2026-09-22
"IVANOV, Nikolay Nikolayevich",RU,US OFAC SDN — RUSSIA-EO14024,2026-09-22
"IVANOV, Sergei Borisovich",RU,US OFAC SDN — UKRAINE-EO13661/RUSSIA-EO14024,2026-09-22
"IVANOV, Sergei Sergeevich",RU,US OFAC SDN — RUSSIA-EO14024,2026-09-22
"IVANOV, Timur",RU,US OFAC SDN — RUSSIA-EO14024,2026-09-22
"IVANOV, Victor Petrovich",ZZ,US OFAC SDN — UKRAINE-EO13661,2026-09-22
"IVANYUZHENKOV, Boris Viktorovich",RU,US OFAC SDN — RUSSIA-EO14024,2026-09-22
IVY,VN,US OFAC SDN — UKRAINE-EO13662/IRAN-EO13846/RUSSIA-EO14024,2026-09-22
"IZADI, Muhammad Sa'id",IR,US OFAC SDN — IRGC/IFSR,2026-09-22
IZHEVSK UNMANNED SYSTEMS RESEARCH AND PRODUCTION ASSOCIATED LIMITED LIABILITY COMPANY,RU,US OFAC SDN — RUSSIA-EO14024,2026-09-22
IZHEVSKY MEKHANICHESKY ZAVOD JSC,RU,US OFAC SDN — UKRAINE-EO13661,2026-09-22
J M A,CK,US OFAC SDN — IRAN-EO13902,2026-09-22
J M A SHIPPING INC.,PA,US OFAC SDN — IRAN-EO13902,2026-09-22
J.S SERENITY TRADING FZE,AE,US OFAC SDN — IRAN-EO13902,2026-09-22
"JA'FARABADI, Ali",IR,US OFAC SDN — NPWMD/IRGC/IFSR,2026-09-22
"JA'FARI, Mohammad Agha",IR,US OFAC SDN — IRGC/IFSR,2026-09-22
"JABARI, Abolfazl",IR,US OFAC SDN — IRAN-HR,2026-09-22
JABBER IBN HAYAN,IR,US OFAC SDN — IRAN,2026-09-22
"JAFARI DOLATABADI, Abbas",IR,US OFAC SDN — IRAN-HR,2026-09-22
"JAFARI, Mani",ZZ,US OFAC SDN — NPWMD/IFSR,2026-09-22
"JAFARI, Mehrdad",IR,US OFAC SDN — IRAN-CON-ARMS-EO,2026-09-22
"JAFARI, Milad",ZZ,US OFAC SDN — NPWMD/IFSR,2026-09-22
"JAFARI, Mohammad Ali",IR,US OFAC SDN — NPWMD/IRGC/IFSR/IRAN-HR,2026-09-22
"JAFARI, Mohammad Javad",IR,US OFAC SDN — NPWMD/IFSR,2026-09-22
"JAFARIBANDARABADI, Mohammadreza",IR,US OFAC SDN — IRAN-HR,2026-09-22
JAHAN ARAS KISH,IR,US OFAC SDN — IRGC/IFSR,2026-09-22
JAHAN TECH ROOYAN PARS,IR,US OFAC SDN — NPWMD/IFSR,2026-09-22
"JAHANDUST, Mojtaba",IR,US OFAC SDN — IRGC,2026-09-22
JAIRAN,IR,US OFAC SDN — IRAN/NPWMD/IFSR,2026-09-22
"JALALI, Maysam",IR,US OFAC SDN — IRAN-HR,2026-09-22
"JALILI, Masoud",IR,US OFAC SDN — IRGC/IFSR,2026-09-22
"JALILI, Rasool",IR,US OFAC SDN — IRAN-TRA,2026-09-22
JAM PETROCHEMICAL COMPANY,IR,US OFAC SDN — IRAN-EO13846,2026-09-22
JAMAICA,VN,US OFAC SDN — IRAN-EO13846,2026-09-22
"JANE SHANG CO., LIMITED",CN,US OFAC SDN — IRAN-EO13846,2026-09-22
JANG GYONG,KP,US OFAC SDN — DPRK4,2026-09-22
JANG JA SAN CHONG NYON HO,KP,US OFAC SDN — DPRK,2026-09-22
"JANG, Bom Su",SY,US OFAC SDN — NPWMD,2026-09-22
"JANG, Kuk Chol",RU,US OFAC SDN — DPRK4,2026-09-22
"JANG, Myong Chol",CN,US OFAC SDN — DPRK4,2026-09-22
"JANG, Song Chol",ZZ,US OFAC SDN — DPRK2,2026-09-22
"JANG, Sung Nam",CN,US OFAC SDN — NPWMD,2026-09-22
"JANG, Yong Son",ZZ,US OFAC SDN — DPRK2,2026-09-22
"JANNATI, Ahmad",IR,US OFAC SDN — IRAN-EO13876,2026-09-22
"JAROSH, Petr Grigorievich",UA,US OFAC SDN — UKRAINE-EO13660,2026-09-22
"JASHNSAZ, Seifollah",ZZ,US OFAC SDN — IRAN,2026-09-22
"JAVANI, Yadollah",IR,US OFAC SDN — IRGC/IFSR/IRAN-HR,2026-09-22
"JAVANMARDI, Shahab",IR,US OFAC SDN — IRAN-EO13902,2026-09-22
JAVEDAN MEHR TOOS,IR,US OFAC SDN — NPWMD/IFSR,2026-09-22
"JAVIYA, Piyush Maganlal",IN,US OFAC SDN — IRAN-EO13846,2026-09-22
JAYA,MH,US OFAC SDN — IRAN-EO13902,2026-09-22
JAZIRA DAS INTERNATIONAL REFINDED OIL PRODUCTS TRADING L.L.C,AE,US OFAC SDN — IRAN-EO13846,2026-09-22
"JEBELLI, Peyman",IR,US OFAC SDN — IRAN-EO13846,2026-09-22
"JEGA, Ali Abbas Usman",NG,US OFAC SDN — IFSR,2026-09-22
"JETEE CO., LIMITED",CN,US OFAC SDN — IRAN-EO13902,2026-09-22
JH 86,KH,US OFAC SDN — DPRK,2026-09-22
JI SONG 6,KP,US OFAC SDN — DPRK4,2026-09-22
JI SONG 8,KP,US OFAC SDN — DPRK4,2026-09-22
"JI, Sang Jun",RU,US OFAC SDN — DPRK4,2026-09-22
"JIANGYIN FOREVERSUN CHEMICAL LOGISTICS CO., LTD.",CN,US OFAC SDN — IRAN-EO13846,2026-09-22
JIAXIANG ENERGY HOLDING PTE. LTD.,SG,US OFAC SDN — IRAN-EO13846,2026-09-22
JIAXIANG INDUSTRY HONG KONG LIMITED,HK,US OFAC SDN — IRAN-EO13846,2026-09-22
JILIN PROVINCE SHUNDA TRADING COMPANY LTD,CN,US OFAC SDN — UKRAINE-EO13662/RUSSIA-EO14024,2026-09-22
JIN TAI,SL,US OFAC SDN — DPRK,2026-09-22
JIN TENG,SL,US OFAC SDN — DPRK,2026-09-22
JIN XIN NUO TRADING LIMITED,CN,US OFAC SDN — IRAN-EO13846,2026-09-22
JINGHO TECHNOLOGY CO. LIMITED,HK,US OFAC SDN — IRAN-EO13846,2026-09-22
"JINHOU INTERNATIONAL HOLDINGS CO., LTD.",CN,US OFAC SDN — DPRK3,2026-09-22
JINMYONG JOINT BANK,KP,US OFAC SDN — DPRK4,2026-09-22
JINSONG JOINT BANK,KP,US OFAC SDN — DPRK4,2026-09-22
"JO, Chol Song",CN,US OFAC SDN — NPWMD,2026-09-22
"JO, Kyong-Chol",KP,US OFAC SDN — DPRK2,2026-09-22
"JO, Yong Chol",SY,US OFAC SDN — DPRK2,2026-09-22
"JO, Yong-Won",KP,US OFAC SDN — DPRK2,2026-09-22
JOINT PARTNERSHIP OF MOHAMMADREZA KHEDMATI AND ASSOCIATES,ZZ,US OFAC SDN — IRGC/IFSR,2026-09-22
JOINT STOCK COMMERCIAL BANK AK BARS PUBLIC JOINT STOCK COMPANY,RU,US OFAC SDN — UKRAINE-EO13662/RUSSIA-EO14024,2026-09-22
JOINT STOCK COMMERCIAL BANK NOVIKOMBANK,RU,US OFAC SDN — UKRAINE-EO13662/RUSSIA-EO14024,2026-09-22
JOINT STOCK COMMERCIAL BANK PRIMORYE,RU,US OFAC SDN — UKRAINE-EO13662/RUSSIA-EO14024,2026-09-22
JOINT STOCK COMMERCIAL BANK RUBLEV,RU,US OFAC SDN — UKRAINE-EO13685,2026-09-22
JOINT STOCK COMPANY 140 REPAIR PLANT,BY,US OFAC SDN — BELARUS-EO14038,2026-09-22
JOINT STOCK COMPANY AEROSPACE DEFENSE CONCERN ALMAZ-ANTEY,RU,US OFAC SDN — UKRAINE-EO13661/RUSSIA-EO14024,2026-09-22
JOINT STOCK COMPANY ALFA-BANK,RU,US OFAC SDN — UKRAINE-EO13662/RUSSIA-EO14024,2026-09-22
JOINT STOCK COMPANY ALMAZ-ANTEY AIR DEFENSE CONCERN MAIN SYSTEM DESIGN BUREAU NAMED BY ACADEMICIAN A.A. RASPLETIN,RU,US OFAC SDN — UKRAINE-EO13661,2026-09-22
JOINT STOCK COMPANY ANGSTREM,RU,US OFAC SDN — UKRAINE-EO13662/RUSSIA-EO14024,2026-09-22
JOINT STOCK COMPANY ARCTUR,RU,US OFAC SDN — UKRAINE-EO13662/RUSSIA-EO14024,2026-09-22
JOINT STOCK COMPANY AVANGARD,RU,US OFAC SDN — RUSSIA-EO14024,2026-09-22
JOINT STOCK COMPANY AVTOVAZ,RU,US OFAC SDN — UKRAINE-EO13662/RUSSIA-EO14024,2026-09-22
JOINT STOCK COMPANY BANK DOM RF,RU,US OFAC SDN — UKRAINE-EO13662/RUSSIA-EO14024,2026-09-22
JOINT STOCK COMPANY BLACK SEA BANK OF DEVELOPMENT AND RECONSTRUCTION,UA,US OFAC SDN — UKRAINE-EO13685,2026-09-22
JOINT STOCK COMPANY COMMUNICATION EQUIPMENT,BY,US OFAC SDN — BELARUS-EO14038,2026-09-22
JOINT STOCK COMPANY CONCERN KALASHNIKOV,RU,US OFAC SDN — UKRAINE-EO13661/RUSSIA-EO14024,2026-09-22
JOINT STOCK COMPANY CONCERN RADIO ELECTRONIC TECHNOLOGIES,RU,US OFAC SDN — UKRAINE-EO13661/RUSSIA-EO14024,2026-09-22
JOINT STOCK COMPANY CONCERN SOZVEZDIE,RU,US OFAC SDN — UKRAINE-EO13661,2026-09-22
JOINT STOCK COMPANY FEDERAL SCIENTIFIC AND PRODUCTION CENTER TITAN BARRIKADY,RU,US OFAC SDN — RUSSIA-EO14024,2026-09-22
JOINT STOCK COMPANY GAZSTROYPROM,RU,US OFAC SDN — UKRAINE-EO13662/RUSSIA-EO14024,2026-09-22
JOINT STOCK COMPANY GENBANK,RU,US OFAC SDN — UKRAINE-EO13685,2026-09-22
JOINT STOCK COMPANY INVESTGEOSERVIS,RU,US OFAC SDN — UKRAINE-EO13662/RUSSIA-EO14024,2026-09-22
JOINT STOCK COMPANY INVESTTRADEBANK,RU,US OFAC SDN — RUSSIA-EO14024,2026-09-22
JOINT STOCK COMPANY IZHEVSK ELECTROMECHANICAL PLANT KUPOL,RU,US OFAC SDN — UKRAINE-EO13662/RUSSIA-EO14024,2026-09-22
JOINT STOCK COMPANY MANAGEMENT COMPANY OF THE RUSSIAN DIRECT INVESTMENT FUND,RU,US OFAC SDN — RUSSIA-EO14024,2026-09-22
JOINT STOCK COMPANY MIKRON,RU,US OFAC SDN — UKRAINE-EO13662/RUSSIA-EO14024,2026-09-22
JOINT STOCK COMPANY MILITARY-INDUSTRIAL CORPORATION NPO MASHINOSTROYENIA,RU,US OFAC SDN — UKRAINE-EO13661/RUSSIA-EO14024,2026-09-22
JOINT STOCK COMPANY NOBILITY,RU,US OFAC SDN — RUSSIA-EO14024,2026-09-22
JOINT STOCK COMPANY ODK-KLIMOV,RU,US OFAC SDN — RUSSIA-EO14024,2026-09-22
JOINT STOCK COMPANY OFS TECHNOLOGIES,RU,US OFAC SDN — UKRAINE-EO13662/RUSSIA-EO14024,2026-09-22
JOINT STOCK COMPANY PLANT LEGMASH,BY,US OFAC SDN — BELARUS-EO14038,2026-09-22
JOINT STOCK COMPANY POLIMETALL,RU,US OFAC SDN — UKRAINE-EO13662/RUSSIA-EO14024,2026-09-22
JOINT STOCK COMPANY POST BANK,RU,US OFAC SDN — UKRAINE-EO13662/RUSSIA-EO14024,2026-09-22
JOINT STOCK COMPANY RASCHETNIYE RESHENIYA,RU,US OFAC SDN — RUSSIA-EO14024,2026-09-22
JOINT STOCK COMPANY RAZREZ KOLYVANSKIY,RU,US OFAC SDN — UKRAINE-EO13662/RUSSIA-EO14024,2026-09-22
JOINT STOCK COMPANY RESEARCH AND PRODUCTION ASSOCIATION NAMED AFTER S. A. LAVOCHKINA,RU,US OFAC SDN — UKRAINE-EO13662/RUSSIA-EO14024,2026-09-22
JOINT STOCK COMPANY RESEARCH AND PRODUCTION CORPORATION KONSTRUKTORSKOYE BYURO MASHYNOSTROYENIYA,RU,US OFAC SDN — RUSSIA-EO14024,2026-09-22
JOINT STOCK COMPANY ROSNEFTEFLOT,RU,US OFAC SDN — UKRAINE-EO13662/RUSSIA-EO14024,2026-09-22
JOINT STOCK COMPANY ROSSIYSKIYE KOSMICHESKIYE SISTEMY,RU,US OFAC SDN — UKRAINE-EO13662/RUSSIA-EO14024,2026-09-22
JOINT STOCK COMPANY RUSSIAN NATIONAL REINSURANCE COMPANY,RU,US OFAC SDN — UKRAINE-EO13662/RUSSIA-EO14024,2026-09-22
JOINT STOCK COMPANY SALAVAT CHEMICAL PLANT,RU,US OFAC SDN — RUSSIA-EO14024,2026-09-22
JOINT STOCK COMPANY SANATORIUM AY-PETRI,UA,US OFAC SDN — UKRAINE-EO13685,2026-09-22
JOINT STOCK COMPANY SANATORIUM DYULBER,UA,US OFAC SDN — UKRAINE-EO13685,2026-09-22
JOINT STOCK COMPANY SANATORIUM MISKHOR,UA,US OFAC SDN — UKRAINE-EO13685,2026-09-22
JOINT STOCK COMPANY SAROVBUSINESSBANK,RU,US OFAC SDN — RUSSIA-EO14024,2026-09-22
JOINT STOCK COMPANY SBERBANK,UA,US OFAC SDN — UKRAINE-EO13662/RUSSIA-EO14024,2026-09-22
JOINT STOCK COMPANY SBERBANK AUTOMATED TRADE SYSTEM,RU,US OFAC SDN — UKRAINE-EO13662/RUSSIA-EO14024,2026-09-22
JOINT STOCK COMPANY SBERBANK LEASING,RU,US OFAC SDN — UKRAINE-EO13662/RUSSIA-EO14024,2026-09-22
JOINT STOCK COMPANY SBERBANK PRIVATE PENSION FUND,RU,US OFAC SDN — UKRAINE-EO13662/RUSSIA-EO14024,2026-09-22
JOINT STOCK COMPANY SCIENTIFIC AND PRODUCTION CORPORATION URALVAGONZAVOD NAMED AFTER F E DZERZHINSKY,RU,US OFAC SDN — UKRAINE-EO13661/RUSSIA-EO14024,2026-09-22
JOINT STOCK COMPANY SEVASTOPOLSKY MORSKOY BANK,UA,US OFAC SDN — UKRAINE-EO13685,2026-09-22
JOINT STOCK COMPANY SHVABE,RU,US OFAC SDN — UKRAINE-EO13662/RUSSIA-EO14024,2026-09-22
JOINT STOCK COMPANY SOVCOMBANK LIFE,RU,US OFAC SDN — RUSSIA-EO14024,2026-09-22
JOINT STOCK COMPANY SOVCOMFLOT,RU,US OFAC SDN — UKRAINE-EO13662/RUSSIA-EO14024,2026-09-22
JOINT STOCK COMPANY SPECIAL ECONOMIC ZONE OF INDUSTRIAL PRODUCTION ALABUGA,RU,US OFAC SDN — UKRAINE-EO13662/RUSSIA-EO14024,2026-09-22
JOINT STOCK COMPANY STATE TRANSPORTATION LEASING COMPANY,RU,US OFAC SDN — UKRAINE-EO13662/RUSSIA-EO14024,2026-09-22
JOINT STOCK COMPANY SURGUTNEFTEGASBANK,RU,US OFAC SDN — UKRAINE-EO13662/RUSSIA-EO14024,2026-09-22
JOINT STOCK COMPANY TEKHNODINAMIKA,RU,US OFAC SDN — UKRAINE-EO13662/RUSSIA-EO14024,2026-09-22
JOINT STOCK COMPANY UGOLNAYA KOMPANIYA KUZBASSRAZREZUGOL,RU,US OFAC SDN — UKRAINE-EO13662/RUSSIA-EO14024,2026-09-22
JOINT STOCK COMPANY UNITED ENGINE CORPORATION,RU,US OFAC SDN — UKRAINE-EO13662/RUSSIA-EO14024,2026-09-22
JOINT STOCK COMPANY UNITED METALLURGICAL COMPANY,RU,US OFAC SDN — UKRAINE-EO13662/RUSSIA-EO14024,2026-09-22
JOINT STOCK COMPANY UNITED SHIPBUILDING CORPORATION,RU,US OFAC SDN — UKRAINE-EO13661/RUSSIA-EO14024,2026-09-22
JOINT-STOCK COMPANY COMMERCIAL BANK NORTH CREDIT,RU,US OFAC SDN — UKRAINE-EO13685,2026-09-22
JOINT-STOCK COMPANY THE BERKAKIT-TOMMOT-YAKUTSK RAILWAY LINE'S CONSTRUCTION DIRECTORATE,RU,US OFAC SDN — UKRAINE-EO13685,2026-09-22
JON JIN 2,KP,US OFAC SDN — DPRK,2026-09-22
"JON, Il Ho",KP,US OFAC SDN — DPRK2,2026-09-22
"JON, Jin Yong",RU,US OFAC SDN — DPRK2,2026-09-22
"JON, Myong Guk",SY,US OFAC SDN — NPWMD,2026-09-22
"JON, Yun Gun",LA,US OFAC SDN — DPRK2,2026-09-22
"JONG, In Chol",LA,US OFAC SDN — DPRK3,2026-09-22
"JONG, Kyong Thaek",KP,US OFAC SDN — DPRK2,2026-09-22
"JONG, Man Bok",CN,US OFAC SDN — DPRK2,2026-09-22
"JONG, Song Ho",RU,US OFAC SDN — DPRK4,2026-09-22
"JONG, Song Hwa",ZZ,US OFAC SDN — DPRK4,2026-09-22
"JONG, Sung Hyok",RU,US OFAC SDN — DPRK3,2026-09-22
"JONG, Yong Su",KP,US OFAC SDN — DPRK2,2026-09-22
JOURNEY INVESTMENT COMPANY,MH,US OFAC SDN — IRAN-EO13902,2026-09-22
JOZA INDUSTRIAL COMPANY,IR,US OFAC SDN — NPWMD/IFSR,2026-09-22
JSB SOBINBANK,RU,US OFAC SDN — UKRAINE-EO13661,2026-09-22
JSC 558 AIRCRAFT REPAIR PLANT,BY,US OFAC SDN — RUSSIA-EO14024/BELARUS-EO14038,2026-09-22
JSC ACADEMICIAN M.F. RESHETNEV INFORMATION SATELLITE SYSTEMS,RU,US OFAC SDN — UKRAINE-EO13662/RUSSIA-EO14024,2026-09-22
JSC AGAT-SYSTEM,BY,US OFAC SDN — BELARUS-EO14038,2026-09-22
JSC ANGSTREM-T,RU,US OFAC SDN — RUSSIA-EO14024,2026-09-22
JSC CENTRAL RESEARCH INSTITUTE OF AUTOMATION AND HYDRAULICS,RU,US OFAC SDN — RUSSIA-EO14024,2026-09-22
JSC INFRAVEB,RU,US OFAC SDN — RUSSIA-EO14024,2026-09-22
JSC MINSK MECHANICAL PLANT NAMED AFTER S.I. VAVILOV MANAGEMENT COMPANY OF BELOMO HOLDING,BY,US OFAC SDN — BELARUS-EO14038,2026-09-22
JSC NIIEVM,BY,US OFAC SDN — BELARUS-EO14038,2026-09-22
JSC NOVOSIBIRSK AIRCRAFT PRODUCTION ASSOCIATION PLANT NAMED AFTER V.P. CHKALOV,RU,US OFAC SDN — RUSSIA-EO14024,2026-09-22
JSC NPO HIGH PRECISION SYSTEMS,RU,US OFAC SDN — UKRAINE-EO13662/RUSSIA-EO14024,2026-09-22
JSC PFC CSKA,RU,US OFAC SDN — RUSSIA-EO14024,2026-09-22
JSC PKK MILANDR,RU,US OFAC SDN — RUSSIA-EO14024,2026-09-22
JSC POWER MACHINES,RU,US OFAC SDN — UKRAINE-EO13685/RUSSIA-EO14024,2026-09-22
JSC RESEARCH AND PRODUCTION ASSOCIATION KVANT,RU,US OFAC SDN — RUSSIA-EO14024,2026-09-22
JSC RUSSIAN EXPORT CENTER,RU,US OFAC SDN — RUSSIA-EO14024,2026-09-22
JSC SLAVA,RU,US OFAC SDN — RUSSIA-EO14024,2026-09-22
JSC SUEK,RU,US OFAC SDN — UKRAINE-EO13662/RUSSIA-EO14024,2026-09-22
JSC V. TIKHOMIROV SCIENTIFIC RESEARCH INSTITUTE OF INSTRUMENT DESIGN,RU,US OFAC SDN — UKRAINE-EO13661,2026-09-22
JSC VEB.DV,RU,US OFAC SDN — UKRAINE-EO13662/RUSSIA-EO14024,2026-09-22
JSC ZENIT BELOMO,BY,US OFAC SDN — BELARUS-EO14038,2026-09-22
"JU, Chang Il",KP,US OFAC SDN — DPRK2,2026-09-22
JUI CHENG SHIPPING COMPANY LIMITED,TW,US OFAC SDN — DPRK4,2026-09-22
JUI PANG SHIPPING CO LTD,TW,US OFAC SDN — DPRK4,2026-09-22
JUI ZONG SHIP MANAGEMENT CO LTD,TW,US OFAC SDN — DPRK4,2026-09-22
JULIET TRADING LIMITED,CN,US OFAC SDN — IRAN-EO13902,2026-09-22
JUPITER,BB,US OFAC SDN — UKRAINE-EO13662/RUSSIA-EO14024,2026-09-22
JUPITER DYE CHEM PRIVATE LIMITED,IN,US OFAC SDN — IRAN-EO13846,2026-09-22
JUPITER SEAWAYS SHIPPING,AE,US OFAC SDN — IRAN,2026-09-22
"KABYSHEV, Sergey Vladimirovich",RU,US OFAC SDN — RUSSIA-EO14024,2026-09-22
"KACHANAVA, Natallia Ivanauna",BY,US OFAC SDN — BELARUS,2026-09-22
"KADKHODAEI, Abbas Ali",IR,US OFAC SDN — IRAN-EO13876,2026-09-22
KADOS,IR,US OFAC SDN — IRAN/NPWMD/IFSR,2026-09-22
"KADYROV, Ramzan Akhmatovich",RU,US OFAC SDN — RUSSIA-EO14024,2026-09-22
KAFOLATBANK,TJ,US OFAC SDN — IRAN,2026-09-22
"KAHVARIN, Iradj Mohammadi",ZZ,US OFAC SDN — NPWMD/IFSR,2026-09-22
"KAIFENG PINGMEI NEW CARBON MATERIALS TECHNOLOGY CO., LTD.",CN,US OFAC SDN — IRAN-EO13871,2026-09-22
KAISA I,PA,US OFAC SDN — IRAN-EO13902,2026-09-22
KALA LIMITED,GB,US OFAC SDN — IRAN,2026-09-22
KALA PENSION TRUST LIMITED,GB,US OFAC SDN — IRAN,2026-09-22
"KALAMI, Seyed Mohammad",IR,US OFAC SDN — IRAN-HR,2026-09-22
KALAN KISH SHIPPING CO,IR,US OFAC SDN — IRAN,2026-09-22
"KALASHNIKOV, Alexander Petrovich",RU,US OFAC SDN — UKRAINE-EO13661,2026-09-22
"KALASHNIKOV, Leonid Ivanovich",RU,US OFAC SDN — RUSSIA-EO14024,2026-09-22
KALAYE ELECTRIC COMPANY,IR,US OFAC SDN — NPWMD/IFSR,2026-09-22
KALININ MACHINE PLANT JSC,RU,US OFAC SDN — UKRAINE-EO13661,2026-09-22
KALININGRADNEFTEPRODUKT OOO,RU,US OFAC SDN — UKRAINE-EO13662/RUSSIA-EO14024,2026-09-22
"KALINOWSKI, Siarhei Aliaksiejevich",BY,US OFAC SDN — BELARUS,2026-09-22
"KAMALI, Ali",IR,US OFAC SDN — IRAN-HR,2026-09-22
"KAMALI, Hossein Zare",IR,US OFAC SDN — IRGC/IFSR/IRAN-HR,2026-09-22
KAMAZ PUBLICLY TRADED COMPANY,RU,US OFAC SDN — UKRAINE-EO13662/RUSSIA-EO14024,2026-09-22
KAMBIZ NABIZADEH AND PARTNERS EXCHANGE,IR,US OFAC SDN — IRAN-EO13846,2026-09-22
"KAMNEV, Georgy Petrovich",RU,US OFAC SDN — RUSSIA-EO14024,2026-09-22
"KAMSHILOV, Oleg Anatolievich",UA,US OFAC SDN — UKRAINE-EO13660,2026-09-22
"KAMYSHANOVA, Aleksandra Aleksandrovna",RU,US OFAC SDN — NPWMD/CAATSA - RUSSIA,2026-09-22
KANCHAN POLYMERS,IN,US OFAC SDN — IRAN-EO13846,2026-09-22
"KANDI, Omid Moosazadeh Hamzeh",IR,US OFAC SDN — IRAN-HR,2026-09-22
KANG SONG 1,KP,US OFAC SDN — DPRK4,2026-09-22
"KANG, Chol Su",CN,US OFAC SDN — NPWMD,2026-09-22
"KANG, Kyong Il",IR,US OFAC SDN — DPRK,2026-09-22
"KANG, Min",CN,US OFAC SDN — DPRK4,2026-09-22
"KANG, Mun-kil",KP,US OFAC SDN — NPWMD,2026-09-22
"KANG, P'il-Hun",KP,US OFAC SDN — DPRK2,2026-09-22
"KANG, Phyong Guk",CN,US OFAC SDN — DPRK,2026-09-22
"KANG, Ryong",ZZ,US OFAC SDN — DPRK2,2026-09-22
"KANG, Song Nam",KP,US OFAC SDN — DPRK3,2026-09-22
KANGAN PETRO REFINING COMPANY,IR,US OFAC SDN — IRAN-EO13846,2026-09-22
KANGBONG TRADING CORPORATION,KP,US OFAC SDN — DPRK3,2026-09-22
KANGEN MARITIME CORPORATION,SC,US OFAC SDN — UKRAINE-EO13662/RUSSIA-EO14024,2026-09-22
"KANISHCHEV, Pavel",ZZ,US OFAC SDN — UKRAINE-EO13660,2026-09-22
"KANOKOV, Timur Borisovich",RU,US OFAC SDN — RUSSIA-EO14024,2026-09-22
KANTI,SM,US OFAC SDN — IRAN-EO13902,2026-09-22
KANTI LINES INC.,MH,US OFAC SDN — IRAN-EO13902,2026-09-22
KAPAL CANTIK,CK,US OFAC SDN — UKRAINE-EO13662/RUSSIA-EO14024,2026-09-22
KAPITAN BEKLEMISHEV,RU,US OFAC SDN — RUSSIA-EO14024,2026-09-22
KAPITAN GOTSKY,RU,US OFAC SDN — UKRAINE-EO13662/RUSSIA-EO14024,2026-09-22
KARA INDUSTRIAL TRADING GMBH,DE,US OFAC SDN — IRAN-EO13871,2026-09-22
"KARAEU, Yuriy Khadzymuratavich",BY,US OFAC SDN — BELARUS,2026-09-22
KARAFARIN BANK,IR,US OFAC SDN — IRAN/IRAN-EO13902,2026-09-22
KARAMAAD SYSTEMS MANAGEMENT,IR,US OFAC SDN — IRAN,2026-09-22
"KARAMAN, Aleksandr",ZZ,US OFAC SDN — UKRAINE-EO13660,2026-09-22
"KARAMI, Hassan",IR,US OFAC SDN — IRAN-HR,2026-09-22
"KARAMI, Mohammad",IR,US OFAC SDN — CAATSA - IRAN,2026-09-22
"KARAMYAN, Vakhtang",ZZ,US OFAC SDN — UKRAINE-EO13661,2026-09-22
"KARANDA, Pavel Leonidovich",UA,US OFAC SDN — UKRAINE-EO13660,2026-09-22
"KARAT INDUSTRY CO., LTD.",CN,US OFAC SDN — NPWMD/IFSR,2026-09-22
"KAREEM, Aras Habib",IQ,US OFAC SDN — IRGC/IFSR,2026-09-22
"KARGINOV, Sergey Genrikhovich",RU,US OFAC SDN — RUSSIA-EO14024,2026-09-22
"KARIMI, Ahmad",IR,US OFAC SDN — IRGC/IRAN-HR,2026-09-22
"KARPENKA, Ihar Vasilyevich",BY,US OFAC SDN — BELARUS-EO14038,2026-09-22
"KARPIANKOU, Mikalai",BY,US OFAC SDN — BELARUS,2026-09-22
"KARST, OOO",RU,US OFAC SDN — UKRAINE-EO13685,2026-09-22
"KARYAKIN, Alexei Vyacheslavovich",ZZ,US OFAC SDN — UKRAINE-EO13660,2026-09-22
"KASAEI, Soheila",IR,US OFAC SDN — IRAN-EO13846,2026-09-22
"KASAT, Kamla Kanayalal",IN,US OFAC SDN — IRAN-EO13846,2026-09-22
"KASAT, Kunal Kanayalal",IN,US OFAC SDN — IRAN-EO13846,2026-09-22
"KASAT, Poonam Kunal",IN,US OFAC SDN — IRAN-EO13846,2026-09-22
KASB INTERNATIONAL LLC,AE,US OFAC SDN — IRAN,2026-09-22
KASHAN,IR,US OFAC SDN — IRAN/NPWMD/IFSR,2026-09-22
"KASHIN, Vladimir Ivanovich",RU,US OFAC SDN — RUSSIA-EO14024,2026-09-22
KASMA,IR,US OFAC SDN — IRAN/NPWMD/IFSR,2026-09-22
KASSIA,PA,US OFAC SDN — IRAN-EO13902,2026-09-22
"KASTSIANOK, Siarhei Uladzimiravich",BY,US OFAC SDN — BELARUS-EO14038,2026-09-22
KAT DENNINGS LIMITED,CN,US OFAC SDN — UKRAINE-EO13662/RUSSIA-EO14024,2026-09-22
KATINA DRUSTVO S OGRANICENOM ODGOVORNOSCU ZA NEKRETNINE I UGOSTITELJSTVO,HR,US OFAC SDN — RUSSIA-EO14024,2026-09-22
"KATRANGI, Amir",ZZ,US OFAC SDN — NPWMD,2026-09-22
"KATRANGI, Houssam",LB,US OFAC SDN — NPWMD,2026-09-22
"KATRANGI, Maher",LB,US OFAC SDN — NPWMD,2026-09-22
"KATRANGI, Mohamad",ZZ,US OFAC SDN — NPWMD,2026-09-22
"KATSUBA, Sviatlana Piatrowna",BY,US OFAC SDN — BELARUS,2026-09-22
KATSUYA,GM,US OFAC SDN — IRAN-EO13902,2026-09-22
"KAUROV, Valery Vladimirovich",ZZ,US OFAC SDN — UKRAINE-EO13660,2026-09-22
KAVAN ELECTRONICS BEHRAD LIMITED LIABILITY COMPANY,IR,US OFAC SDN — NPWMD/IRGC/IFSR,2026-09-22
KAVEH CUTTING TOOLS COMPANY,IR,US OFAC SDN — NPWMD/IFSR,2026-09-22
KAVEH KHOZESTAN ALUMINUM COMPANY,IR,US OFAC SDN — IRAN-EO13876,2026-09-22
KAVEH METHANOL COMPANY,IR,US OFAC SDN — IRAN-EO13846,2026-09-22
KAVEH PARS MINING INDUSTRIES DEVELOPMENT COMPANY,IR,US OFAC SDN — IRAN-EO13876,2026-09-22
KAVEH SHARGH STEEL CO.,IR,US OFAC SDN — IRAN-EO13876,2026-09-22
KAVIAN PETROCHEMICAL COMPANY,IR,US OFAC SDN — IRAN-EO13846,2026-09-22
"KAYVANPOUR, Siavash",IR,US OFAC SDN — IRGC,2026-09-22
"KAZAKEVICH, Henadz Arkadzievich",BY,US OFAC SDN — BELARUS,2026-09-22
"KAZANKOV, Sergey Ivanovich",RU,US OFAC SDN — RUSSIA-EO14024,2026-09-22
KAZANSKII GOSUDARSTVENNYI KAZENNYI POROKHOVOI ZAVOD,RU,US OFAC SDN — UKRAINE-EO13662/RUSSIA-EO14024,2026-09-22
"KAZEMABAD, Mahmud Bagheri",IR,US OFAC SDN — IRGC/IFSR,2026-09-22
"KAZEMI, Mohammad",IR,US OFAC SDN — IRGC/IFSR/IRAN-HR,2026-09-22
KB UNMANNED HELICOPTERS LLC,BY,US OFAC SDN — BELARUS-EO14038,2026-09-22
KEEL,KM,US OFAC SDN — IRAN-EO13902,2026-09-22
KEELY SHIPTRADE LIMITED,MH,US OFAC SDN — IRAN-EO13902,2026-09-22
KEEN WELL INTERNATIONAL LIMITED,CN,US OFAC SDN — IRAN-EO13846,2026-09-22
"KENIUKH, Ihar Ryhoravich",BY,US OFAC SDN — BELARUS-EO14038,2026-09-22
"KERIMOV, Suleiman Abusaidovich",RU,US OFAC SDN — UKRAINE-EO13661/RUSSIA-EO14024,2026-09-22
KERMAN SHIPPING COMPANY LIMITED,MT,US OFAC SDN — IRAN,2026-09-22
KERMANSHAH PETROCHEMICAL INDUSTRIES CO.,IR,US OFAC SDN — IRAN-EO13846,2026-09-22
"KETABACHI, Mehrdada Akhlaghi",IR,US OFAC SDN — NPWMD/IFSR/IRAN-CON-ARMS-EO,2026-09-22
KEYHAN SANJESH AZMA TECHNICAL QUANTITY AND QUALITY INTERNATIONAL INSPECTION CO.,IR,US OFAC SDN — IRAN-EO13846,2026-09-22
KGB ALPHA,BY,US OFAC SDN — BELARUS,2026-09-22
"KHADEMI, Majid",IR,US OFAC SDN — IRGC/IFSR/IRAN-HR,2026-09-22
KHADIGA,PW,US OFAC SDN — IRAN-EO13902,2026-09-22
"KHAKI, Parviz",ZZ,US OFAC SDN — NPWMD/IFSR,2026-09-22
KHALAGH TADBIR PARS CO.,IR,US OFAC SDN — IRAN-EO13871,2026-09-22
"KHALILI, Jamshid",ZZ,US OFAC SDN — IRAN,2026-09-22
"KHALILZADEH, Mohammad",IR,US OFAC SDN — IRAN-HR,2026-09-22
"KHAMENEI, Ali Husseini",IR,US OFAC SDN — IRAN-EO13876,2026-09-22
"KHAMENEI, Mojtaba",IR,US OFAC SDN — IRAN-EO13876,2026-09-22
"KHAMER, Hamid Reza",IR,US OFAC SDN — IRAN-EO13902,2026-09-22
"KHAMZAEV, Sultan Sultanbiyevich",RU,US OFAC SDN — RUSSIA-EO14024,2026-09-22
"KHAN, Abdul Qadeer",ZZ,US OFAC SDN — NPWMD,2026-09-22
"KHANI, Mostafa Mohammad",LB,US OFAC SDN — IRGC/IFSR,2026-09-22
"KHANMIRI, Amin Hosseinzadeh",IR,US OFAC SDN — IRAN-HR,2026-09-22
"KHARCHENKO, Ekaterina Vladimirovna",RU,US OFAC SDN — RUSSIA-EO14024,2026-09-22
KHARG PETROCHEMICAL COMPANY LIMITED,IR,US OFAC SDN — IRAN-EO13846,2026-09-22
"KHARITONOV, Nikolay Mikhaylovich",RU,US OFAC SDN — RUSSIA-EO14024,2026-09-22
"KHASANOV, Murat Ruslanovich",RU,US OFAC SDN — RUSSIA-EO14024,2026-09-22
KHATAM OL ANBIA GHARARGAH SAZANDEGI NOOH,IR,US OFAC SDN — NPWMD/IRGC/IFSR,2026-09-22
"KHATIB, Esmail",IR,US OFAC SDN — IFSR/IRAN-HR,2026-09-22
"KHATIBI AGHADA, Ahmad",IR,US OFAC SDN — IRGC/IFSR,2026-09-22
KHAVARMIANEH BANK,IR,US OFAC SDN — IRAN/IRAN-EO13902,2026-09-22
KHAYBAR COMPANY,IR,US OFAC SDN — IRAN,2026-09-22
"KHAZAI, Ahmad",IR,US OFAC SDN — IRAN-HR,2026-09-22
KHAZAR SEA SHIPPING LINES,IR,US OFAC SDN — IRAN/RUSSIA-EO14024,2026-09-22
KHAZAR STEEL CO.,IR,US OFAC SDN — IRAN-EO13871,2026-09-22
"KHAZEIN, Mahmoud",IR,US OFAC SDN — IRAN-HR,2026-09-22
"KHIABANI, Hossein Modarres",IR,US OFAC SDN — IRAN-HR,2026-09-22
"KHODA'I, Mohammad Hasan",ZZ,US OFAC SDN — IRGC/IFSR,2026-09-22
"KHODADADI, Soghra",IR,US OFAC SDN — CAATSA - IRAN,2026-09-22
"KHODAKOVSKYY, Oleksandr Sergeyevich",ZZ,US OFAC SDN — UKRAINE-EO13660,2026-09-22
"KHODOTOV, Yevgeny",CF,US OFAC SDN — UKRAINE-EO13661,2026-09-22
KHOLTSVUD OOO,RU,US OFAC SDN — RUSSIA-EO14024,2026-09-22
"KHORAMABADI, Abdolsamad",IR,US OFAC SDN — IRAN-TRA,2026-09-22
KHORASAN METALLURGY INDUSTRIES,IR,US OFAC SDN — NPWMD/IFSR,2026-09-22
KHORASAN STEEL COMPANY,IR,US OFAC SDN — IRAN-EO13871,2026-09-22
"KHORONEKO, Vyacheslav Vasilyevich",BY,US OFAC SDN — BELARUS-EO14038,2026-09-22
"KHORRAMDEL, Hamid",IR,US OFAC SDN — IRGC/IRAN-HR,2026-09-22
KHORS AIRCOMPANY,UA,US OFAC SDN — IFSR,2026-09-22
"KHORSHEVA, Natalya Ivanovna",UA,US OFAC SDN — UKRAINE-EO13660,2026-09-22
"KHOSRAVI, Mohammad Hossein",IR,US OFAC SDN — IRAN-HR,2026-09-22
"KHOSROWTAJ, Mojtaba",ZZ,US OFAC SDN — IRAN,2026-09-22
KHOUZESTAN STEEL COMPANY,IR,US OFAC SDN — IRAN-EO13871,2026-09-22
"KHOVANSKAYA, Galina Petrovna",RU,US OFAC SDN — RUSSIA-EO14024,2026-09-22
"KHRENIN, Viktor Gennadievich",BY,US OFAC SDN — BELARUS-EO14038,2026-09-22
"KHRYAKOV, Alexander",UA,US OFAC SDN — UKRAINE-EO13660,2026-09-22
KHURAN,TG,US OFAC SDN — IRAN/NPWMD/IFSR,2026-09-22
KIAZAND,IR,US OFAC SDN — IRAN/NPWMD/IFSR,2026-09-22
KIDMA TECH OJSC,BY,US OFAC SDN — BELARUS-EO14038,2026-09-22
"KIL, Jong Hun",ZZ,US OFAC SDN — DPRK2,2026-09-22
"KILIMNIK, Konstantin Viktorovich",RU,US OFAC SDN — UKRAINE-EO13660,2026-09-22
"KIM, Chol",CN,US OFAC SDN — DPRK4,2026-09-22
"KIM, Chol Nam",KP,US OFAC SDN — NPWMD,2026-09-22
"KIM, Chol Sam",ZZ,US OFAC SDN — NPWMD,2026-09-22
"KIM, Geum Cheol",KP,US OFAC SDN — DPRK2,2026-09-22
"KIM, Ho Kyu",RU,US OFAC SDN — DPRK2,2026-09-22
"KIM, Hyok Chol",CN,US OFAC SDN — DPRK4,2026-09-22
"KIM, Il-Nam",KP,US OFAC SDN — DPRK2,2026-09-22
"KIM, Jong Man",KP,US OFAC SDN — DPRK4,2026-09-22
"KIM, Jong Sik",KP,US OFAC SDN — DPRK2,2026-09-22
"KIM, Jong Un",KP,US OFAC SDN — DPRK3,2026-09-22
"KIM, Jung Jong",VN,US OFAC SDN — NPWMD,2026-09-22
"KIM, Kang Jin",KP,US OFAC SDN — DPRK2,2026-09-22
"KIM, Ki Nam",KP,US OFAC SDN — DPRK2,2026-09-22
"KIM, Kwang Chun",ZZ,US OFAC SDN — DPRK2,2026-09-22
"KIM, Kwang Hyok",MM,US OFAC SDN — DPRK2,2026-09-22
"KIM, Kwang Yon",ZZ,US OFAC SDN — DPRK2,2026-09-22
"KIM, Kwang-Il",CN,US OFAC SDN — NPWMD,2026-09-22
"KIM, Kyong Hak",CN,US OFAC SDN — DPRK2,2026-09-22
"KIM, Kyong Hyok",CN,US OFAC SDN — DPRK4,2026-09-22
"KIM, Kyong Il",LY,US OFAC SDN — DPRK2,2026-09-22
"KIM, Kyong Nam",RU,US OFAC SDN — NPWMD,2026-09-22
"KIM, Kyong Ok",KP,US OFAC SDN — DPRK2,2026-09-22
"KIM, Kyu",ZZ,US OFAC SDN — DPRK2,2026-09-22
"KIM, Lidia",ZZ,US OFAC SDN — IFSR,2026-09-22
"KIM, Man Chun",CN,US OFAC SDN — DPRK2,2026-09-22
"KIM, Min Chol",VN,US OFAC SDN — DPRK2,2026-09-22
"KIM, Mun Chol",CN,US OFAC SDN — DPRK3,2026-09-22
"KIM, Myong Chol",FR,US OFAC SDN — DPRK3,2026-09-22
"KIM, Myong Jin",CN,US OFAC SDN — DPRK,2026-09-22
"KIM, Nam Ung",RU,US OFAC SDN — DPRK3,2026-09-22
"KIM, Pyong Chan",KP,US OFAC SDN — DPRK2,2026-09-22
"KIM, Sang Man",RU,US OFAC SDN — DPRK4,2026-09-22
"KIM, Sang-ho",CN,US OFAC SDN — DPRK4,2026-09-22
"KIM, Se Gon",ZZ,US OFAC SDN — NPWMD,2026-09-22
"KIM, Sok Chol",MM,US OFAC SDN — DPRK2,2026-09-22
"KIM, Song",CN,US OFAC SDN — DPRK2,2026-09-22
"KIM, Song Chol",ZZ,US OFAC SDN — NPWMD,2026-09-22
"KIM, Su Gil",KP,US OFAC SDN — DPRK2,2026-09-22
"KIM, Su Il",VN,US OFAC SDN — DPRK2,2026-09-22
"KIM, Su-Kwang",ZZ,US OFAC SDN — DPRK2,2026-09-22
"KIM, Tong Chol",CN,US OFAC SDN — DPRK2,2026-09-22
"KIM, Tong-Myo'ng",ZZ,US OFAC SDN — NPWMD,2026-09-22
"KIM, Tong-chol",NA,US OFAC SDN — DPRK3,2026-09-22
"KIM, Tong-ho",VN,US OFAC SDN — DPRK3,2026-09-22
"KIM, Ung Sun",RU,US OFAC SDN — DPRK2,2026-09-22
"KIM, Won Hong",KP,US OFAC SDN — DPRK2,2026-09-22
"KIM, Yo Jong",KP,US OFAC SDN — DPRK2,2026-09-22
"KIM, Yong Bok",KP,US OFAC SDN — DPRK2,2026-09-22
"KIM, Yong Chol",ZZ,US OFAC SDN — DPRK,2026-09-22
"KIM, Yong Ju",CN,US OFAC SDN — DPRK2,2026-09-22
"KIM, Yong Su",VN,US OFAC SDN — DPRK2,2026-09-22
KIMIA SADR PASARGAD COMPANY,IR,US OFAC SDN — IRAN-EO13902,2026-09-22
KIMPAS KIMYEVI MADDELER PAZARLAMA TICARET VE SANAYII ANONIM SIRKETI,TR,US OFAC SDN — IRAN-EO13846,2026-09-22
KIMSUKY,KP,US OFAC SDN — DPRK2,2026-09-22
KINEF OOO,RU,US OFAC SDN — UKRAINE-EO13662/RUSSIA-EO14024,2026-09-22
"KINGLY WON INTERNATIONAL CO., LTD.",MH,US OFAC SDN — DPRK3,2026-09-22
KINLERE TRADING LIMITED,CN,US OFAC SDN — IRAN-EO13902,2026-09-22
KINOATIS LLC,RU,US OFAC SDN — DPRK3,2026-09-22
"KIRAKOSYAN, Ruben Ruslanovich",RU,US OFAC SDN — NPWMD,2026-09-22
KIRILL LAVROV,RU,US OFAC SDN — UKRAINE-EO13662/RUSSIA-EO14024,2026-09-22
"KIRILLOVA, Anastasiya Sergeyevna",RU,US OFAC SDN — NPWMD/CAATSA - RUSSIA,2026-09-22
KIRISHIAVTOSERVIS OOO,RU,US OFAC SDN — UKRAINE-EO13662/RUSSIA-EO14024,2026-09-22
"KIRIYENKO, Sergei Vladilenovich",RU,US OFAC SDN — UKRAINE-EO13661/RUSSIA-EO14024,2026-09-22
"KIRIYENKO, Vladimir Sergeevich",RU,US OFAC SDN — RUSSIA-EO14024,2026-09-22
KISH INTERNATIONAL BANK,IR,US OFAC SDN — IRAN,2026-09-22
KISH ROOYA-E ZENDEGI,IR,US OFAC SDN — IRAN,2026-09-22
"KIVIKO, Irina Valerievna",ZZ,US OFAC SDN — UKRAINE-EO13660,2026-09-22
"KLISHAS, Andrey Aleksandrovich",RU,US OFAC SDN — UKRAINE-EO13661/RUSSIA-EO14024,2026-09-22
"KLISHIN, Mikhail Alekseevich",RU,US OFAC SDN — UKRAINE-EO13661,2026-09-22
"KLYUYEV, Andriy Petrovych",ZZ,US OFAC SDN — UKRAINE-EO13660,2026-09-22
"KNYAZEV, Igor Anatolyevich",RU,US OFAC SDN — CAATSA - RUSSIA,2026-09-22
"KNYRIK, Konstantin Sergeyevich",UA,US OFAC SDN — NPWMD/CAATSA - RUSSIA,2026-09-22
"KO, Ch'o'l-Chae",CN,US OFAC SDN — NPWMD,2026-09-22
"KO, Chol Man",CN,US OFAC SDN — DPRK2,2026-09-22
"KO, Il Hwan",CN,US OFAC SDN — DPRK4,2026-09-22
"KO, Tae Hun",ZZ,US OFAC SDN — NPWMD,2026-09-22
KOBAN SHIPPING L.L.C,AE,US OFAC SDN — IRAN-EO13902,2026-09-22
"KOCAK, Abdulvahap",TR,US OFAC SDN — IRAN-HR,2026-09-22
"KOCAK, Ali",IR,US OFAC SDN — IRAN-HR,2026-09-22
"KOFMAN, Aleksandr Igorevich",ZZ,US OFAC SDN — UKRAINE-EO13660,2026-09-22
KOHAS AG,CH,US OFAC SDN — NPWMD,2026-09-22
KOLA,RU,US OFAC SDN — UKRAINE-EO13662/RUSSIA-EO14024,2026-09-22
"KOLBIN, Petr",ZZ,US OFAC SDN — UKRAINE-EO13661,2026-09-22
"KOLCHANOV, Vasili Aleksandrovich",ZZ,US OFAC SDN — DPRK4,2026-09-22
"KOLOKOLTSEV, Vladimir Alexandrovich",RU,US OFAC SDN — UKRAINE-EO13661/RUSSIA-EO14024,2026-09-22
"KOLOMEITSEV, Nikolay Vasilievich",RU,US OFAC SDN — RUSSIA-EO14024,2026-09-22
"KOLOSOV, Bogdan Valeryevich",RU,US OFAC SDN — UKRAINE-EO13661,2026-09-22
"KOMAROV, Igor Anatolyevich",RU,US OFAC SDN — RUSSIA-EO14024,2026-09-22
"KOMOTSKY, Boris Olegovich",RU,US OFAC SDN — RUSSIA-EO14024,2026-09-22
"KOMPANIYA GAZ-ALYANS, OOO",RU,US OFAC SDN — UKRAINE-EO13660,2026-09-22
KOMSOMOLSK-ON-AMUR AVIATION PLANT,RU,US OFAC SDN — RUSSIA-EO14024,2026-09-22
KONGM,PA,US OFAC SDN — IRAN-EO13902,2026-09-22
KONING MARINE CORP,AE,US OFAC SDN — IRAN,2026-09-22
"KONONOV, Vladimir",ZZ,US OFAC SDN — UKRAINE-EO13660,2026-09-22
KONOSAG TRADING LIMITED,CN,US OFAC SDN — IRAN-EO13902,2026-09-22
"KONSTANTINOV, Vladimir Andreyevich",ZZ,US OFAC SDN — UKRAINE-EO13660,2026-09-22
KONSTRUKTORSKOE BYURO PRIBOROSTROENIYA OTKRYTOE AKTSIONERNOE OBSHCHESTVO,RU,US OFAC SDN — UKRAINE-EO13661,2026-09-22
"KORCHIK, Dmitry Aleksandrovich",BY,US OFAC SDN — BELARUS-EO14038,2026-09-22
KOREA ACHIM SHIPPING CO,KP,US OFAC SDN — DPRK4,2026-09-22
KOREA ANSAN SHIPPING COMPANY,KP,US OFAC SDN — DPRK4,2026-09-22
KOREA CHOLSAN GENERAL TRADING CORPORATION,RU,US OFAC SDN — DPRK3,2026-09-22
KOREA COMPLEX EQUIPMENT IMPORT CORPORATION,KP,US OFAC SDN — NPWMD,2026-09-22
KOREA COMPUTER CENTER,KP,US OFAC SDN — DPRK3,2026-09-22
KOREA DAEBONG SHIPPING CO,KP,US OFAC SDN — DPRK4,2026-09-22
KOREA DAESONG BANK,KP,US OFAC SDN — DPRK,2026-09-22
KOREA DAESONG GENERAL TRADING CORPORATION,KP,US OFAC SDN — DPRK,2026-09-22
KOREA DAIZIN TRADING CORP.,KP,US OFAC SDN — DPRK2/DPRK3,2026-09-22
KOREA EXPO JOINT VENTURE,KP,US OFAC SDN — DPRK3,2026-09-22
KOREA FOREIGN TECHNICAL TRADE CENTER,KP,US OFAC SDN — DPRK3,2026-09-22
KOREA GENERAL CORPORATION FOR EXTERNAL CONSTRUCTION,KP,US OFAC SDN — DPRK3,2026-09-22
KOREA HAEGUMGANG TRADING CORPORATION,KP,US OFAC SDN — DPRK2,2026-09-22
KOREA HEUNGJIN TRADING COMPANY,KP,US OFAC SDN — NPWMD,2026-09-22
KOREA HYOKSIN TRADING CORPORATION,KP,US OFAC SDN — NPWMD,2026-09-22
KOREA INTERNATIONAL CHEMICAL JOINT VENTURE COMPANY,KP,US OFAC SDN — NPWMD,2026-09-22
KOREA KUMBYOL TRADING COMPANY,KP,US OFAC SDN — DPRK4,2026-09-22
KOREA KUMSAN TRADING CORPORATION,KP,US OFAC SDN — NPWMD,2026-09-22
KOREA KUMUNSAN SHIPPING CO,KP,US OFAC SDN — DPRK4,2026-09-22
KOREA KWANGSON BANKING CORP,KP,US OFAC SDN — NPWMD,2026-09-22
KOREA KWANGSONG TRADING CORPORATION,KP,US OFAC SDN — NPWMD,2026-09-22
KOREA MANDAL CREDIT BANK,KP,US OFAC SDN — DPRK4,2026-09-22
KOREA MANGYONGDAE COMPUTER TECHNOLOGY CORPORATION,KP,US OFAC SDN — DPRK4,2026-09-22
KOREA MARINE & INDUSTRIAL TRDG,KP,US OFAC SDN — DPRK4,2026-09-22
KOREA MINING DEVELOPMENT TRADING CORPORATION,KP,US OFAC SDN — NPWMD/DPRK2,2026-09-22
KOREA MYONGDOK SHIPPING CO,KP,US OFAC SDN — DPRK4,2026-09-22
KOREA NAMGANG TRADING CORPORATION,KP,US OFAC SDN — DPRK3/DPRK-NKSPEA,2026-09-22
KOREA NATIONAL INSURANCE CORPORATION,KP,US OFAC SDN — DPRK3,2026-09-22
KOREA OCEAN SHIPPING AGENCY,KP,US OFAC SDN — DPRK3,2026-09-22
KOREA OIL EXPLORATION CORPORATION,KP,US OFAC SDN — DPRK3,2026-09-22
KOREA OSONG SHIPPING CORPORATION,KP,US OFAC SDN — DPRK3,2026-09-22
KOREA PAEKHO TRADING CORPORATION,KP,US OFAC SDN — DPRK2,2026-09-22
KOREA PUGANG TRADING CORPORATION,KP,US OFAC SDN — NPWMD,2026-09-22
KOREA RUNGRADO GENERAL TRADING CORPORATION,KP,US OFAC SDN — DPRK3,2026-09-22
KOREA RUNGRADO RYONGAK TRADING CO,KP,US OFAC SDN — DPRK4,2026-09-22
KOREA RUNGRADO SHIPPING CO,KP,US OFAC SDN — DPRK4,2026-09-22
KOREA RYONBONG GENERAL CORPORATION,KP,US OFAC SDN — NPWMD,2026-09-22
KOREA RYONGWANG TRADING CORPORATION,KP,US OFAC SDN — NPWMD,2026-09-22
KOREA RYONHA MACHINERY JOINT VENTURE CORPORATION,KP,US OFAC SDN — NPWMD,2026-09-22
KOREA SAENAL TRADING CORPORATION,KP,US OFAC SDN — DPRK4,2026-09-22
KOREA SAMILPO SHIPPING CO,KP,US OFAC SDN — DPRK3,2026-09-22
KOREA SAMJONG SHIPPING CO,KP,US OFAC SDN — DPRK4,2026-09-22
KOREA SAMMA SHPG CO,KP,US OFAC SDN — DPRK4,2026-09-22
KOREA SINJIN TRADING CORPORATION,KP,US OFAC SDN — DPRK2,2026-09-22
KOREA SONGKWANG TRADING GENERAL CORPORATION,KP,US OFAC SDN — DPRK4,2026-09-22
KOREA SOUTH-SOUTH COOPERATION CORPORATION,KP,US OFAC SDN — DPRK3,2026-09-22
KOREA TAESONG TRADING COMPANY,KP,US OFAC SDN — NPWMD,2026-09-22
KOREA TANGUN TRADING CORPORATION,KP,US OFAC SDN — NPWMD/DPRK2,2026-09-22
KOREA UNGUM CORPORATION,KP,US OFAC SDN — DPRK3,2026-09-22
KOREA UNITED DEVELOPMENT BANK,KP,US OFAC SDN — DPRK3,2026-09-22
KOREA UNPHA SHIPPING & TRADING,KP,US OFAC SDN — DPRK4,2026-09-22
KOREA YUJONG SHIPPING CO LTD,KP,US OFAC SDN — DPRK4,2026-09-22
KOREA ZINC INDUSTRIAL GROUP,KP,US OFAC SDN — DPRK3,2026-09-22
KOREA ZUZAGBONG MARITIME LTD,KP,US OFAC SDN — DPRK3,2026-09-22
KOREAN BUYON SHIPPING CO. LTD.,KP,US OFAC SDN — DPRK3,2026-09-22
KOREAN COMMITTEE FOR SPACE TECHNOLOGY,KP,US OFAC SDN — NPWMD,2026-09-22
KOREAN PEOPLE'S ARMY,KP,US OFAC SDN — DPRK3,2026-09-22
KOREAN POLISH SHPG CO LTD,KP,US OFAC SDN — DPRK3,2026-09-22
"KOREAN WORKERS PARTY, PROPAGANDA AND AGITATION DEPARTMENT",KP,US OFAC SDN — DPRK3,2026-09-22
"KORNET, Igor Aleksandrovich",UA,US OFAC SDN — UKRAINE-EO13660,2026-09-22
"KORNIYENKO, Alexey Viktorovich",RU,US OFAC SDN — RUSSIA-EO14024,2026-09-22
"KOROBOV, Igor Valentinovich",ZZ,US OFAC SDN — CAATSA - RUSSIA,2026-09-22
KORYO BANK,KP,US OFAC SDN — DPRK3,2026-09-22
KORYO COMMERCIAL BANK LTD.,KP,US OFAC SDN — DPRK4,2026-09-22
KORYO CREDIT DEVELOPMENT BANK,KP,US OFAC SDN — DPRK3,2026-09-22
"KORZYUK, Dmitriy Mikhaylovich",BY,US OFAC SDN — BELARUS-EO14038,2026-09-22
"KOSACHEV, Konstantin Iosifovich",RU,US OFAC SDN — UKRAINE-EO13661/RUSSIA-EO14024,2026-09-22
"KOSHELEV, Vladimir Alekseyevich",RU,US OFAC SDN — RUSSIA-EO14024,2026-09-22
"KOSTENKO, Elena Nikolaevna",UA,US OFAC SDN — UKRAINE-EO13660,2026-09-22
"KOSTIN, Andrey Leonidovich",RU,US OFAC SDN — UKRAINE-EO13661,2026-09-22
"KOSTRUBITSKY, Aleksey Aleksandrovich",UA,US OFAC SDN — UKRAINE-EO13660/RUSSIA-EO14024,2026-09-22
"KOSTYUKOV, Igor Olegovich",ZZ,US OFAC SDN — CAATSA - RUSSIA,2026-09-22
KOTI,PA,US OFAC SDN — DPRK4,2026-09-22
KOTI CORP,PA,US OFAC SDN — DPRK4,2026-09-22
"KOUCHAKZAEI, Ebrahim",IR,US OFAC SDN — IRAN-HR,2026-09-22
KOURF OOO,RU,US OFAC SDN — RUSSIA-EO14024,2026-09-22
"KOVACH, Dmitriy Aleksandrovich",BY,US OFAC SDN — BELARUS-EO14038,2026-09-22
"KOVALCHUK, Kirill Mikhailovich",RU,US OFAC SDN — UKRAINE-EO13661/RUSSIA-EO14024,2026-09-22
"KOVALCHUK, Yuri Valentinovich",RU,US OFAC SDN — UKRAINE-EO13661/RUSSIA-EO14024,2026-09-22
"KOVALENKO, Andrey",ZZ,US OFAC SDN — UKRAINE-EO13660,2026-09-22
"KOVALEV, Anatoliy Sergeyevich",RU,US OFAC SDN — CAATSA - RUSSIA,2026-09-22
"KOZACHEK, Nikolay Yuryevich",RU,US OFAC SDN — CAATSA - RUSSIA,2026-09-22
"KOZAK, Dmitry",ZZ,US OFAC SDN — UKRAINE-EO13661,2026-09-22
"KOZAK, Taras Romanovych",UA,US OFAC SDN — RUSSIA-EO14024,2026-09-22
"KOZENKO, Andrey Dmitrievich",UA,US OFAC SDN — UKRAINE-EO13660/RUSSIA-EO14024,2026-09-22
"KOZHIN, Vladimir Igorevich",RU,US OFAC SDN — UKRAINE-EO13661/RUSSIA-EO14024,2026-09-22
"KOZITSYN, Nikolai",ZZ,US OFAC SDN — UKRAINE-EO13660,2026-09-22
"KOZLOV, Sergey Mikhaylovich",RU,US OFAC SDN — DPRK2,2026-09-22
"KOZYAKOV, Serhiy",ZZ,US OFAC SDN — UKRAINE-EO13660,2026-09-22
"KOZYURA, Oleg Grigorievich",ZZ,US OFAC SDN — UKRAINE-EO13660,2026-09-22
"KPSK, OOO",UA,US OFAC SDN — UKRAINE-EO13685,2026-09-22
"KRANS, Maksim Iosifovich",RU,US OFAC SDN — NPWMD/CAATSA - RUSSIA,2026-09-22
"KRASNOV, Igor Victorovich",RU,US OFAC SDN — UKRAINE-EO13661/RUSSIA-EO14024,2026-09-22
"KRASOVSKIY, Maksim Borisovich",RU,US OFAC SDN — NPWMD/CAATSA - RUSSIA,2026-09-22
KRIOGENMASH OAO,RU,US OFAC SDN — UKRAINE-EO13662/RUSSIA-EO14024,2026-09-22
KRISHNA 1,PA,US OFAC SDN — UKRAINE-EO13662/RUSSIA-EO14024,2026-09-22
"KRIVORUCHKO, Aleksei Yurievich",RU,US OFAC SDN — UKRAINE-EO13661/RUSSIA-EO14024,2026-09-22
"KROKHOTIN, Evgeniy Yurievich",BY,US OFAC SDN — BELARUS-EO14038,2026-09-22
"KRYLLO, Pavel Velerevich",UA,US OFAC SDN — UKRAINE-EO13685,2026-09-22
"KRYMTETS, AO",UA,US OFAC SDN — UKRAINE-EO13685,2026-09-22
KU BONG RYONG,KP,US OFAC SDN — DPRK4,2026-09-22
"KU, Ja Hyong",LY,US OFAC SDN — DPRK2,2026-09-22
"KU, Sung Sop",CN,US OFAC SDN — DPRK2,2026-09-22
"KUBRAKOU, Ivan Uladzimiravich",BY,US OFAC SDN — BELARUS,2026-09-22
"KUCHEROV, Oleg Vyacheslavovich",RU,US OFAC SDN — CAATSA - RUSSIA,2026-09-22
"KUDRYASHOV, Sergei Ivanovich",RU,US OFAC SDN — UKRAINE-EO13662/RUSSIA-EO14024,2026-09-22
"KUHI, Fatemeh Sarlak",IR,US OFAC SDN — IRAN-EO13902,2026-09-22
"KULIK, Vadim Valerievich",RU,US OFAC SDN — RUSSIA-EO14024,2026-09-22
"KULINICH, Larisa Vitalievna",UA,US OFAC SDN — UKRAINE-EO13660,2026-09-22
KUM GANG 3,KP,US OFAC SDN — DPRK4,2026-09-22
KUM SONG 3,KP,US OFAC SDN — DPRK4,2026-09-22
KUM SONG 5,KP,US OFAC SDN — DPRK4,2026-09-22
KUM SONG 7,KP,US OFAC SDN — DPRK4,2026-09-22
KUM UN SAN,KP,US OFAC SDN — DPRK4,2026-09-22
KUM UN SAN 3,KP,US OFAC SDN — DPRK4,2026-09-22
KUMGANG BANK,KP,US OFAC SDN — DPRK3,2026-09-22
"KUMIN, Vadim Valentinovich",RU,US OFAC SDN — RUSSIA-EO14024,2026-09-22
KUNLUN HOLDING COMPANY LTD.,VG,US OFAC SDN — IRAN-EO13846,2026-09-22
KUNLUN SHIPPING COMPANY LIMITED,HK,US OFAC SDN — IRAN-EO13846,2026-09-22
"KUNTSEVICH, Alena Kanstantsinauna",BY,US OFAC SDN — BELARUS-EO14038,2026-09-22
KUPA LINES INCORPORATED,MH,US OFAC SDN — UKRAINE-EO13662/RUSSIA-EO14024,2026-09-22
"KURBANOV, Nurmurad",CY,US OFAC SDN — BELARUS-EO14038,2026-09-22
"KURCHENKO, Sergey Vitalievich",ZZ,US OFAC SDN — UKRAINE-EO13660,2026-09-22
KURDOS,PW,US OFAC SDN — IRAN-EO13902,2026-09-22
KURDOS II,PW,US OFAC SDN — IRAN-EO13902,2026-09-22
KURDOS III,PW,US OFAC SDN — IRAN-EO13902,2026-09-22
KURDOS SHIPPING INC.,PA,US OFAC SDN — IRAN-EO13902,2026-09-22
KURGANMASHZAVOD,RU,US OFAC SDN — RUSSIA-EO14024,2026-09-22
"KURIAN, Jacob",IN,US OFAC SDN — IRAN-EO13902,2026-09-22
"KURINNIY, Aleksey Vladimirovich",RU,US OFAC SDN — RUSSIA-EO14024,2026-09-22
"KUZIN, Aleksandr Yuryevich",CF,US OFAC SDN — UKRAINE-EO13661,2026-09-22
"KUZNETSOV, Andrey Anatolyevich",RU,US OFAC SDN — RUSSIA-EO14024,2026-09-22
"KUZNETSOV, Dmitry Vadimovich",RU,US OFAC SDN — RUSSIA-EO14024,2026-09-22
KVANT SCIENTIFIC RESEARCH INSTITUTE,RU,US OFAC SDN — CAATSA - RUSSIA,2026-09-22
KVT-RUS,RU,US OFAC SDN — CAATSA - RUSSIA/RUSSIA-EO14024,2026-09-22
"KWAK, Chong-chol",AE,US OFAC SDN — DPRK4,2026-09-22
"KWEK, Kee Seng",SG,US OFAC SDN — DPRK4,2026-09-22
KYLO,KM,US OFAC SDN — IRAN-EO13902,2026-09-22
KYLO SHIPPING INC.,MH,US OFAC SDN — IRAN-EO13902,2026-09-22
KYRGYZ TRANS AVIA,KG,US OFAC SDN — IFSR,2026-09-22
"LADOGA MENEDZHMENT, OOO",RU,US OFAC SDN — UKRAINE-EO13662,2026-09-22
LADY LUCY,LR,US OFAC SDN — IRAN-EO13902,2026-09-22
LAFIT,ST,US OFAC SDN — IRAN-EO13902,2026-09-22
LAGOSMARINE LIMITED,CY,US OFAC SDN — UKRAINE-EO13662/RUSSIA-EO14024,2026-09-22
"LAI, Leonard",ZZ,US OFAC SDN — DPRK,2026-09-22
LAKE VIEW SHIP MANAGEMENT PRIVATE LIMITED,IN,US OFAC SDN — IRAN-EO13902,2026-09-22
"LAKHTA PARK PREMIUM, OOO",RU,US OFAC SDN — RUSSIA-EO14024,2026-09-22
"LAKHTA PARK, OOO",RU,US OFAC SDN — RUSSIA-EO14024,2026-09-22
"LAKHTA PLAZA, OOO",RU,US OFAC SDN — RUSSIA-EO14024,2026-09-22
LALEH PETROCHEMICAL COMPANY,IR,US OFAC SDN — IRAN-EO13846,2026-09-22
LAMANTIN,RU,US OFAC SDN — RUSSIA-EO14024,2026-09-22
LAMD,PA,US OFAC SDN — IRAN-EO13902,2026-09-22
"LANTRATOVA, Yana Valeryevna",RU,US OFAC SDN — RUSSIA-EO14024,2026-09-22
"LAPO, Anatol Piatrovich",BY,US OFAC SDN — BELARUS-EO14038,2026-09-22
"LAPYR, Uladzimir Iosifavich",BY,US OFAC SDN — BELARUS-EO14038,2026-09-22
LARA II,PA,US OFAC SDN — IRAN-EO13902,2026-09-22
"LARIJANI, Ali",IR,US OFAC SDN — IRAN-EO13876,2026-09-22
"LARIJANI, Sadegh Amoli",IR,US OFAC SDN — IRAN-HR,2026-09-22
"LARIN, Oleg Valentinovich",BY,US OFAC SDN — BELARUS-EO14038,2026-09-22
"LASHGARIAN, Hamid Reza",IR,US OFAC SDN — IRGC/IFSR,2026-09-22
"LASHGARIAN, Mahdi",IR,US OFAC SDN — IRGC/IFSR,2026-09-22
"LASIAKIN, Aliaksandr Mikhajlavich",BY,US OFAC SDN — BELARUS,2026-09-22
LASTSIX TRADING LIMITED,CN,US OFAC SDN — IRAN-EO13902,2026-09-22
LATHYRUS SHIPPING COMPANY,LR,US OFAC SDN — UKRAINE-EO13662/RUSSIA-EO14024,2026-09-22
LAUREN,TV,US OFAC SDN — IRAN-EO13846,2026-09-22
LAUREN II,PA,US OFAC SDN — UKRAINE-EO13662/RUSSIA-EO14024,2026-09-22
LAVINYA PLAST KIMYEVI MADDELER VE PETROL URUNLERI NAKLIYE SANAYI IC VE DIS TICARET ANONIM SIRKETI,TR,US OFAC SDN — IRAN-EO13846,2026-09-22
"LAVRENKOV, Igor Valerievich",TH,US OFAC SDN — UKRAINE-EO13661,2026-09-22
"LAVROV, Sergei Viktorovich",RU,US OFAC SDN — RUSSIA-EO14024,2026-09-22
LAW ENFORCEMENT FORCES OF THE ISLAMIC REPUBLIC OF IRAN,ZZ,US OFAC SDN — IRAN-HR,2026-09-22
LAW ENFORCEMENT FORCES OF THE ISLAMIC REPUBLIC OF IRAN COOPERATIVE FOUNDATION,IR,US OFAC SDN — IRAN-HR,2026-09-22
LAZARUS GROUP,KP,US OFAC SDN — DPRK3,2026-09-22
LE MONDE MARINE SERVICES LIMITED,LR,US OFAC SDN — IRAN-EO13902,2026-09-22
LEADER (HONG KONG) INTERNATIONAL TRADING LIMITED,HK,US OFAC SDN — NPWMD,2026-09-22
"LEBEDEV, Dmitri Alekseevich",RU,US OFAC SDN — UKRAINE-EO13661/RUSSIA-EO14024,2026-09-22
"LEBEDEV, Oleg Aleksandrovich",RU,US OFAC SDN — RUSSIA-EO14024,2026-09-22
LEGACY,BB,US OFAC SDN — UKRAINE-EO13662/RUSSIA-EO14024,2026-09-22
LENGIPRONEFTEKHIM OOO,RU,US OFAC SDN — UKRAINE-EO13662/RUSSIA-EO14024,2026-09-22
LENINOGORSKREMSERVICE LIMITED LIABILITY COMPANY,RU,US OFAC SDN — UKRAINE-EO13662/RUSSIA-EO14024,2026-09-22
LENPROMTRANSPROYEKT,RU,US OFAC SDN — UKRAINE-EO13685,2026-09-22
LEO,BB,US OFAC SDN — UKRAINE-EO13662/RUSSIA-EO14024,2026-09-22
"LEONOV, Sergey Dmitriyevich",RU,US OFAC SDN — RUSSIA-EO14024,2026-09-22
LEOPARD,VN,US OFAC SDN — UKRAINE-EO13662/RUSSIA-EO14024,2026-09-22
LEPUS SAI LIMITED,CN,US OFAC SDN — UKRAINE-EO13662/RUSSIA-EO14024,2026-09-22
"LERCH, Gotthard",CH,US OFAC SDN — NPWMD,2026-09-22
LERMA TRADING S.A.,PA,US OFAC SDN — UKRAINE-EO13661,2026-09-22
"LESCHANKA, Aliaksandr Mikalayevich",BY,US OFAC SDN — BELARUS-EO14038,2026-09-22
"LEVCHENKO, Sergey Georgiyevich",RU,US OFAC SDN — RUSSIA-EO14024,2026-09-22
LEXI,CM,US OFAC SDN — IRAN-EO13902,2026-09-22
LI BAI,PA,US OFAC SDN — UKRAINE-EO13662/RUSSIA-EO14024,2026-09-22
"LI, Fangwei",CN,US OFAC SDN — NPWMD/IFSR,2026-09-22
"LI, Hong Ri",CN,US OFAC SDN — DPRK3,2026-09-22
"LI, Jiadong",CN,US OFAC SDN — DPRK3,2026-09-22
"LI, Shangfu",ZZ,US OFAC SDN — CAATSA - RUSSIA,2026-09-22
"LI, Xinchun",CN,US OFAC SDN — IRAN-EO13846,2026-09-22
"LI, Yi",CN,US OFAC SDN — IRAN-EO13846,2026-09-22
"LI, Youmin",CN,US OFAC SDN — IRAN-EO13846,2026-09-22
LIANG SHENG,HK,US OFAC SDN — IRAN-EO13846,2026-09-22
"LIAONING CHINA TRADE INDUSTRY CO., LTD.",CN,US OFAC SDN — DPRK2,2026-09-22
LIAONING DANXING INTERNATIONAL FORWARDING CO. LTD.,CN,US OFAC SDN — DPRK4,2026-09-22
LIBERTY,BB,US OFAC SDN — UKRAINE-EO13662/RUSSIA-EO14024,2026-09-22
LIBERTY SHIPPING CO LTD,CN,US OFAC SDN — DPRK4,2026-09-22
LIDIA,LR,US OFAC SDN — IRAN-EO13902,2026-09-22
LIGHTSHIP MANAGEMENT LTD,UA,US OFAC SDN — IRAN-EO13902,2026-09-22
LILIANA,LR,US OFAC SDN — IRAN-EO13902,2026-09-22
LIMITED LIABILITY COMPANY ACTIVE BUSINESS CONSULT,RU,US OFAC SDN — UKRAINE-EO13662/RUSSIA-EO14024,2026-09-22
LIMITED LIABILITY COMPANY ALIS,RU,US OFAC SDN — DPRK2,2026-09-22
LIMITED LIABILITY COMPANY ARCTIC LNG 2,RU,US OFAC SDN — UKRAINE-EO13662/RUSSIA-EO14024,2026-09-22
LIMITED LIABILITY COMPANY ATLANT S,RU,US OFAC SDN — RUSSIA-EO14024,2026-09-22
LIMITED LIABILITY COMPANY BELINVEST-ENGINEERING,BY,US OFAC SDN — BELARUS-EO14038,2026-09-22
LIMITED LIABILITY COMPANY BREMINO GROUP,BY,US OFAC SDN — BELARUS-EO14038,2026-09-22
LIMITED LIABILITY COMPANY CATKONEFT,RU,US OFAC SDN — UKRAINE-EO13662/RUSSIA-EO14024,2026-09-22
LIMITED LIABILITY COMPANY CONCORD MANAGEMENT AND CONSULTING,RU,US OFAC SDN — UKRAINE-EO13661,2026-09-22
LIMITED LIABILITY COMPANY DUBAI WATER FRONT,BY,US OFAC SDN — BELARUS-EO14038,2026-09-22
LIMITED LIABILITY COMPANY EMIRATES BLUE SKY,BY,US OFAC SDN — BELARUS-EO14038,2026-09-22
LIMITED LIABILITY COMPANY FOREIGN ECONOMIC ASSOCIATION TECHNOPROMEXPORT,RU,US OFAC SDN — UKRAINE-EO13685,2026-09-22
LIMITED LIABILITY COMPANY GARANT-SV,UA,US OFAC SDN — UKRAINE-EO13685,2026-09-22
LIMITED LIABILITY COMPANY GAZPROMNEFT REGIONAL SALES,RU,US OFAC SDN — UKRAINE-EO13662/RUSSIA-EO14024,2026-09-22
LIMITED LIABILITY COMPANY INFRASTRUCTURE PROJECTS MANAGEMENT COMPANY,UA,US OFAC SDN — UKRAINE-EO13685,2026-09-22
LIMITED LIABILITY COMPANY INSPIRA INVEST A,RU,US OFAC SDN — RUSSIA-EO14024,2026-09-22
LIMITED LIABILITY COMPANY INTER TOBACCO,BY,US OFAC SDN — BELARUS-EO14038,2026-09-22
LIMITED LIABILITY COMPANY KORUS CONSULTING CIS,RU,US OFAC SDN — UKRAINE-EO13662/RUSSIA-EO14024,2026-09-22
LIMITED LIABILITY COMPANY MACHINE BUILDING PLANT TONAR,RU,US OFAC SDN — UKRAINE-EO13662/RUSSIA-EO14024,2026-09-22
LIMITED LIABILITY COMPANY MARKET FUND ADMINISTRATION,RU,US OFAC SDN — RUSSIA-EO14024,2026-09-22
LIMITED LIABILITY COMPANY MORTRANSSERVICE,RU,US OFAC SDN — RUSSIA-EO14024,2026-09-22
LIMITED LIABILITY COMPANY NAFTAGAZ DRILLING,RU,US OFAC SDN — UKRAINE-EO13662/RUSSIA-EO14024,2026-09-22
LIMITED LIABILITY COMPANY NAVIMAKS GROUP,RU,US OFAC SDN — UKRAINE-EO13662/RUSSIA-EO14024,2026-09-22
LIMITED LIABILITY COMPANY NEMCHINOVO INVESTMENTS,RU,US OFAC SDN — RUSSIA-EO14024,2026-09-22
LIMITED LIABILITY COMPANY NEW OIL COMPANY EAST,RU,US OFAC SDN — BELARUS-EO14038,2026-09-22
LIMITED LIABILITY COMPANY OBSKY GAS CHEMICAL COMPLEX,RU,US OFAC SDN — UKRAINE-EO13662/RUSSIA-EO14024,2026-09-22
LIMITED LIABILITY COMPANY OIL SERVICE GARANT,RU,US OFAC SDN — UKRAINE-EO13662/RUSSIA-EO14024,2026-09-22
LIMITED LIABILITY COMPANY OSTOZHENKA 19,RU,US OFAC SDN — RUSSIA-EO14024,2026-09-22
LIMITED LIABILITY COMPANY PROMISING INVESTMENTS,RU,US OFAC SDN — RUSSIA-EO14024,2026-09-22
LIMITED LIABILITY COMPANY RN SERVICE,RU,US OFAC SDN — UKRAINE-EO13662/RUSSIA-EO14024,2026-09-22
LIMITED LIABILITY COMPANY RNCB INSURANCE,RU,US OFAC SDN — RUSSIA-EO14024,2026-09-22
LIMITED LIABILITY COMPANY RVC MANAGEMENT COMPANY,RU,US OFAC SDN — RUSSIA-EO14024,2026-09-22
LIMITED LIABILITY COMPANY SBERBANK CAPITAL,RU,US OFAC SDN — UKRAINE-EO13662/RUSSIA-EO14024,2026-09-22
LIMITED LIABILITY COMPANY SBERBANK CIB HOLDING,RU,US OFAC SDN — RUSSIA-EO14024,2026-09-22
LIMITED LIABILITY COMPANY SBERBANK FACTORING,RU,US OFAC SDN — RUSSIA-EO14024,2026-09-22
LIMITED LIABILITY COMPANY SBERBANK FINANCIAL COMPANY,RU,US OFAC SDN — UKRAINE-EO13662/RUSSIA-EO14024,2026-09-22
LIMITED LIABILITY COMPANY SBERBANK INSURANCE BROKER,RU,US OFAC SDN — UKRAINE-EO13662/RUSSIA-EO14024,2026-09-22
LIMITED LIABILITY COMPANY SBERBANK INVESTMENTS,RU,US OFAC SDN — UKRAINE-EO13662/RUSSIA-EO14024,2026-09-22
LIMITED LIABILITY COMPANY SHIPBUILDING COMPLEX ZVEZDA,RU,US OFAC SDN — UKRAINE-EO13662/RUSSIA-EO14024,2026-09-22
LIMITED LIABILITY COMPANY SIGMA PARTNERS,RU,US OFAC SDN — UKRAINE-EO13662/RUSSIA-EO14024,2026-09-22
LIMITED LIABILITY COMPANY SOUTHERN PROJECT,RU,US OFAC SDN — UKRAINE-EO13661/UKRAINE-EO13685,2026-09-22
LIMITED LIABILITY COMPANY TOCHNAYA MEKHANIKA,BY,US OFAC SDN — BELARUS-EO14038,2026-09-22
LIMITED LIABILITY COMPANY VERUS,RU,US OFAC SDN — DPRK,2026-09-22
LIMITED LIABILITY COMPANY VOLGA DNEPR AIRLINES,RU,US OFAC SDN — UKRAINE-EO13662/RUSSIA-EO14024,2026-09-22
LIMITED LIABILITY COMPANY VTB DC,RU,US OFAC SDN — UKRAINE-EO13662/RUSSIA-EO14024,2026-09-22
LIMITED LIABILITY COMPANY WELLTECH,RU,US OFAC SDN — UKRAINE-EO13662/RUSSIA-EO14024,2026-09-22
LIMITED LIABILITY COMPANY YOOMONEY,RU,US OFAC SDN — RUSSIA-EO14024,2026-09-22
"LIMMT ECONOMIC AND TRADE COMPANY, LTD.",CN,US OFAC SDN — NPWMD/IFSR,2026-09-22
LIMONIUM PETROCHEMICALS TRADING LLC SOC,AE,US OFAC SDN — IRAN-EO13902,2026-09-22
"LIN, Zuoyou",CN,US OFAC SDN — IRAN-EO13846,2026-09-22
LINBURG INDUSTRIES LTD.,SC,US OFAC SDN — UKRAINE-EO13661,2026-09-22
LINER TRANSPORT KISH,IR,US OFAC SDN — IFSR,2026-09-22
LIONESS,PA,US OFAC SDN — IRAN-EO13902,2026-09-22
"LISITSYN, Anatoly Ivanovich",RU,US OFAC SDN — RUSSIA-EO14024,2026-09-22
"LIU, Baoxia",CN,US OFAC SDN — NPWMD/IFSR,2026-09-22
LK VOLGA LIMITED LIABILITY COMPANY,RU,US OFAC SDN — UKRAINE-EO13662/RUSSIA-EO14024,2026-09-22
LLC 24X7 PANOPTES,BY,US OFAC SDN — BELARUS-EO14038,2026-09-22
LLC ALYURTEKH,BY,US OFAC SDN — BELARUS-EO14038,2026-09-22
LLC BAIKAL CENTER,RU,US OFAC SDN — RUSSIA-EO14024,2026-09-22
LLC GOLFSTRIM,RU,US OFAC SDN — UKRAINE-EO13662/RUSSIA-EO14024,2026-09-22
LLC GROSVER GRUP,BY,US OFAC SDN — BELARUS-EO14038,2026-09-22
LLC INFRASTRUCTURE MOLZHANINOVO,RU,US OFAC SDN — UKRAINE-EO13662/RUSSIA-EO14024,2026-09-22
LLC INNOTECH SOLUTIONS,BY,US OFAC SDN — BELARUS-EO14038,2026-09-22
LLC KOKSOKHIMTRANS,RU,US OFAC SDN — UKRAINE-EO13685/RUSSIA-EO14024,2026-09-22
LLC LABORATORY OF ADDITIVE TECHNOLOGIES,BY,US OFAC SDN — BELARUS-EO14038,2026-09-22
LLC MOT,BY,US OFAC SDN — BELARUS-EO14038,2026-09-22
LLC NM-TEKH,RU,US OFAC SDN — RUSSIA-EO14024,2026-09-22
LLC NOVYE PROEKTY,RU,US OFAC SDN — UKRAINE-EO13685,2026-09-22
LLC PROGOROD,RU,US OFAC SDN — RUSSIA-EO14024,2026-09-22
LLC RESORT ZOLOTOE KOLTSO,RU,US OFAC SDN — RUSSIA-EO14024,2026-09-22
LLC RUSCHEMTRADE,RU,US OFAC SDN — UKRAINE-EO13685,2026-09-22
LLC SIBUGLEMET GROUP,RU,US OFAC SDN — RUSSIA-EO14024,2026-09-22
LLC SK CONSOL-STROI LTD,UA,US OFAC SDN — UKRAINE-EO13685,2026-09-22
LLC SPECIAL ORGANIZATION FOR PROJECT FINANCE FACTORY OF PROJECT FINANCE,RU,US OFAC SDN — RUSSIA-EO14024,2026-09-22
LLC SYNESIS,BY,US OFAC SDN — BELARUS-EO14038,2026-09-22
LLC TORGOVY KVARTAL-NOVOSIBIRSK,RU,US OFAC SDN — RUSSIA-EO14024,2026-09-22
LLC VEB SERVICE,RU,US OFAC SDN — RUSSIA-EO14024,2026-09-22
LLC VEB VENTURES,RU,US OFAC SDN — RUSSIA-EO14024,2026-09-22
LLC VEB.RF ASSET MANAGEMENT,RU,US OFAC SDN — RUSSIA-EO14024,2026-09-22
LOANNA,PW,US OFAC SDN — IRAN-EO13846,2026-09-22
LOBAYE INVEST,CF,US OFAC SDN — UKRAINE-EO13661,2026-09-22
LOENGO SHIPPING AND TRADER LIMITED,SC,US OFAC SDN — UKRAINE-EO13662/RUSSIA-EO14024,2026-09-22
"LOGINOV, Ilya",ZZ,US OFAC SDN — UKRAINE-EO13685,2026-09-22
LOGOS MARINE PTE. LTD.,SG,US OFAC SDN — IRAN-EO13902,2026-09-22
LONDON IRINVEST SHIP COMPANY,GB,US OFAC SDN — IRAN,2026-09-22
LONGEVITY 7,ZZ,US OFAC SDN — IRAN-EO13902,2026-09-22
LONGEVITY SHIPPING LIMITED,MH,US OFAC SDN — IRAN-EO13902,2026-09-22
LONGFORD TRADING L.L.C,AE,US OFAC SDN — IRAN-EO13846,2026-09-22
"LOTFI, Benham",IR,US OFAC SDN — IRAN-HR,2026-09-22
LOWELL LIMITED,CN,US OFAC SDN — IRAN-EO13846,2026-09-22
LTD BINA GROUP,RU,US OFAC SDN — UKRAINE-EO13662/RUSSIA-EO14024,2026-09-22
LTS HOLDING LIMITED,CH,US OFAC SDN — UKRAINE-EO13661,2026-09-22
"LU, Hezheng",CN,US OFAC SDN — DPRK3,2026-09-22
LUANDA 1,PA,US OFAC SDN — IRAN-EO13902,2026-09-22
LUCKY OCEAN SHIPPING LIMITED,MH,US OFAC SDN — IRAN-EO13902,2026-09-22
LUCKY STAR,ZZ,US OFAC SDN — DPRK4,2026-09-22
LUFINDO HOLDING LIMITED,SC,US OFAC SDN — IRAN-EO13902,2026-09-22
"LUGOVOY, Andrey Konstantinovich",RU,US OFAC SDN — RUSSIA-EO14024,2026-09-22
LUHANSK PEOPLE'S REPUBLIC,UA,US OFAC SDN — UKRAINE-EO13660/RUSSIA-EO14065,2026-09-22
"LUKASHENKA, Alyaksandr Ryhorovich",BY,US OFAC SDN — BELARUS,2026-09-22
"LUKASHENKA, Dzmitry Aliaksandravich",BY,US OFAC SDN — BELARUS,2026-09-22
"LUKASHENKA, Halina Radzivonawna",BY,US OFAC SDN — BELARUS,2026-09-22
"LUKASHENKA, Viktar Aliaksandravich",ZZ,US OFAC SDN — BELARUS,2026-09-22
"LUKASHEV, Aleksey Viktorovich",RU,US OFAC SDN — CAATSA - RUSSIA,2026-09-22
LUKOIL OAO,RU,US OFAC SDN — UKRAINE-EO13662/RUSSIA-EO14024,2026-09-22
"LUKYANENKO, Valerii Vasilyevich",RU,US OFAC SDN — RUSSIA-EO14024,2026-09-22
LULE ONE SERVICES INC,LR,US OFAC SDN — UKRAINE-EO13662/RUSSIA-EO14024,2026-09-22
LUMA,VU,US OFAC SDN — IRAN-EO13902,2026-09-22
LUNA PRIME,PA,US OFAC SDN — IRAN-EO13846,2026-09-22
"LUO, Chuanxu",CN,US OFAC SDN — NPWMD,2026-09-22
LUSEIA MARINE SERVICES CO LTD,CN,US OFAC SDN — UKRAINE-EO13662/RUSSIA-EO14024,2026-09-22
LUSTRO INDUSTRY LIMITED,CN,US OFAC SDN — IRAN-EO13846,2026-09-22
LX-MOW,ZZ,US OFAC SDN — RUSSIA-EO14024,2026-09-22
"LYABIKHOV, Roman Mikhaylovich",RU,US OFAC SDN — RUSSIA-EO14024,2026-09-22
"LYAGIN, Roman",ZZ,US OFAC SDN — UKRAINE-EO13660,2026-09-22
"LYASHENKO, Igor Vasilyevich",BY,US OFAC SDN — BELARUS,2026-09-22
LYDIA II,PA,US OFAC SDN — IRAN-EO13902,2026-09-22
LYDYA N,PW,US OFAC SDN — IRAN-EO13902,2026-09-22
LYRA,PA,US OFAC SDN — UKRAINE-EO13662/RUSSIA-EO14024,2026-09-22
LYRARI GROUP LTD,VG,US OFAC SDN — IRAN-EO13902,2026-09-22
M FINANS,RU,US OFAC SDN — UKRAINE-EO13661,2026-09-22
"M INVEST, OOO",RU,US OFAC SDN — UKRAINE-EO13661,2026-09-22
M K A,CK,US OFAC SDN — IRAN-EO13902,2026-09-22
M K A SHIPPING INC,MH,US OFAC SDN — IRAN-EO13902,2026-09-22
M SOPHIA,PA,US OFAC SDN — UKRAINE-EO13662/RUSSIA-EO14024,2026-09-22
M-IABU,ZZ,US OFAC SDN — RUSSIA-EO14024,2026-09-22
M-SAAN,ZZ,US OFAC SDN — UKRAINE-EO13661,2026-09-22
M. BABAIE INDUSTRIES,IR,US OFAC SDN — NPWMD/IFSR,2026-09-22
"MA, Xiaohong",CN,US OFAC SDN — NPWMD,2026-09-22
MABROOKA TRADING CO L.L.C.,AE,US OFAC SDN — NPWMD/IFSR,2026-09-22
MACHINE PARDAZAN CO.,IR,US OFAC SDN — NPWMD/IFSR,2026-09-22
MACHINE SAZI ARAK CO. LTD.,IR,US OFAC SDN — IRAN,2026-09-22
MACPAR MAKINA SAN VE TIC A.S.,TR,US OFAC SDN — NPWMD/IFSR,2026-09-22
MADAME GU,KY,US OFAC SDN — UKRAINE-EO13661/RUSSIA-EO14024,2026-09-22
MADESTAR,PA,US OFAC SDN — IRAN-EO13902,2026-09-22
"MADHI, Shahriyar",IR,US OFAC SDN — IRAN-HR,2026-09-22
"MADURO MOROS, Nicolas",VE,US OFAC SDN — IRAN-CON-ARMS-EO,2026-09-22
"MAGANOV, Nail Ulfatovich",RU,US OFAC SDN — UKRAINE-EO13662/RUSSIA-EO14024,2026-09-22
MAGELLANIC PHOENIX MARINE AND TRADING LIMITED,CN,US OFAC SDN — IRAN-EO13871,2026-09-22
"MAGHAM, Mohammad",ZZ,US OFAC SDN — NPWMD/IFSR,2026-09-22
"MAGHSOUDI, Hassan Fazli",IR,US OFAC SDN — IRAN-HR,2026-09-22
MAGICAL EAGLE LIMITED,CN,US OFAC SDN — IRAN-EO13902,2026-09-22
MAHAB GHODSS CONSULTING ENGINEERING COMPANY,IR,US OFAC SDN — IRAN,2026-09-22
MAHADEV,PW,US OFAC SDN — IRAN-EO13902,2026-09-22
MAHADEV MARITIME INC,LR,US OFAC SDN — IRAN-EO13902,2026-09-22
MAHAN AIR,IR,US OFAC SDN — NPWMD/IFSR,2026-09-22
MAHAN TRAVEL AND TOURISM SDN BHD,MY,US OFAC SDN — IFSR,2026-09-22
"MAHDAVI, Mo'in",IR,US OFAC SDN — IRGC/IFSR,2026-09-22
MAHER TRADING AND CONSTRUCTION COMPANY,LB,US OFAC SDN — IRGC/IFSR,2026-09-22
"MAHMOODZADEH, Yahya",IR,US OFAC SDN — IRAN-HR,2026-09-22
"MAHMOUDI, Gholamreza",ZZ,US OFAC SDN — IFSR,2026-09-22
"MAHMOUDI, Mohammad",IR,US OFAC SDN — IRAN-HR,2026-09-22
MAHNAM,IR,US OFAC SDN — IRAN/NPWMD/IFSR,2026-09-22
MAHROUS GROUP,SY,US OFAC SDN — NPWMD,2026-09-22
MAHROUS TRADING FZE,AE,US OFAC SDN — NPWMD,2026-09-22
"MAHROUS, Iyad Mohammad Esam",ZZ,US OFAC SDN — NPWMD,2026-09-22
"MAHSOULI, Sadeq",ZZ,US OFAC SDN — IRAN-HR,2026-09-22
MAIN DIRECTORATE FOR COMBATING ORGANIZED CRIME AND CORRUPTION OF THE MVD OF THE REPUBLIC OF BELARUS,BY,US OFAC SDN — BELARUS,2026-09-22
MAIN DIRECTORATE OF DEEP SEA RESEARCH,RU,US OFAC SDN — UKRAINE-EO13662/RUSSIA-EO14024,2026-09-22
MAIN INTELLIGENCE DIRECTORATE,RU,US OFAC SDN — NPWMD/CAATSA - RUSSIA/RUSSIA-EO14024,2026-09-22
MAIN INTERNAL AFFAIRS DIRECTORATE OF THE MINSK CITY EXECUTIVE COMMITTEE,BY,US OFAC SDN — BELARUS,2026-09-22
MAIN STREET 1095 PROPRIETARY LIMITED,ZA,US OFAC SDN — IRAN-EO13846,2026-09-22
MAJESTY,CK,US OFAC SDN — IRAN-EO13902,2026-09-22
"MAJID, Vahid Mohammad Naser",IR,US OFAC SDN — IRAN-TRA,2026-09-22
"MAJIDI, Mazaher",IR,US OFAC SDN — IRGC/IFSR/IRAN-HR,2026-09-22
MAJORY LLP,GB,US OFAC SDN — RUSSIA-EO14024,2026-09-22
MAKALU,BB,US OFAC SDN — UKRAINE-EO13662/RUSSIA-EO14024,2026-09-22
"MAKAREVICH, Andrei Iosifovich",BY,US OFAC SDN — BELARUS-EO14038,2026-09-22
"MAKAROV, Maksim Vladimirovich",RU,US OFAC SDN — CAATSA - RUSSIA,2026-09-22
MAKEYEV STATE MISSILE CENTER,RU,US OFAC SDN — RUSSIA-EO14024,2026-09-22
MAKIN INSTITUTE,IR,US OFAC SDN — NPWMD/IRGC/IFSR,2026-09-22
"MALAKHOVA, Svetlana Anatolievna",UA,US OFAC SDN — UKRAINE-EO13660,2026-09-22
MALBERG LIMITED,MT,US OFAC SDN — RUSSIA-EO14024,2026-09-22
MALEK ASHTAR UNIVERSITY OF TECHNOLOGY,IR,US OFAC SDN — NPWMD/IFSR,2026-09-22
"MALEKI, Azizollah",IR,US OFAC SDN — IRAN-HR,2026-09-22
"MALEKI, Mohammadmahdi",BY,US OFAC SDN — NPWMD/IFSR/IRAN-CON-ARMS-EO,2026-09-22
"MALEKI, Naser",IR,US OFAC SDN — NPWMD/IFSR,2026-09-22
"MALEKOUTI POUR, Hamidreza",ZZ,US OFAC SDN — IFSR,2026-09-22
"MALEVANYY, Konstantin Vasilyevich",RU,US OFAC SDN — CAATSA - RUSSIA,2026-09-22
"MALGIN, Pavel Vladimirovich",UA,US OFAC SDN — UKRAINE-EO13660,2026-09-22
MALILI,ID,US OFAC SDN — IRAN-EO13846,2026-09-22
"MALKEVICH, Alexander Aleksandrovich",RU,US OFAC SDN — UKRAINE-EO13661,2026-09-22
"MALOFEYEV, Konstantin",RU,US OFAC SDN — UKRAINE-EO13660/RUSSIA-EO14024,2026-09-22
MALTARENT LTD,MT,US OFAC SDN — RUSSIA-EO14024,2026-09-22
"MALYSHEV, Artem Andreyevich",RU,US OFAC SDN — CAATSA - RUSSIA,2026-09-22
"MALYSHEV, Mikhail Grigorevich",UA,US OFAC SDN — UKRAINE-EO13660,2026-09-22
"MAMASHOYEV, Azizjon Makhmudovich",UZ,US OFAC SDN — CAATSA - RUSSIA,2026-09-22
MANAGEMENT COMPANY PROMSVYAZ LLC,RU,US OFAC SDN — RUSSIA-EO14024,2026-09-22
MANARAT ALKHALEEJ MARINE SERVICES FZE,AE,US OFAC SDN — IRAN-EO13846,2026-09-22
MANASLU,PA,US OFAC SDN — IRAN-EO13902,2026-09-22
MANDEGAR BASPAR KIMIYA COMPANY,IR,US OFAC SDN — NPWMD/IFSR,2026-09-22
"MANDEL, Andrei Sergeevich",RU,US OFAC SDN — UKRAINE-EO13661,2026-09-22
MANSOUR ZARRIN GHALAM AND PARTNERS COMPANY,IR,US OFAC SDN — IRAN-EO13902,2026-09-22
MANSUDAE OVERSEAS PROJECT GROUP OF COMPANIES,KP,US OFAC SDN — DPRK3,2026-09-22
MANSUDAE OVERSEAS PROJECTS ARCHITECTURAL AND TECHNICAL SERVICES (PTY) LIMITED,NA,US OFAC SDN — DPRK3,2026-09-22
"MANSURI, Milad",IR,US OFAC SDN — IRGC/IFSR,2026-09-22
"MANSUROV, Dmitri Flerovich",RU,US OFAC SDN — UKRAINE-EO13661,2026-09-22
"MANUILOV, Evgeny",ZZ,US OFAC SDN — UKRAINE-EO13660,2026-09-22
"MAO, Yu Hua",ZZ,US OFAC SDN — IRAN-EO13846,2026-09-22
MAPLES SA,LU,US OFAC SDN — UKRAINE-EO13661,2026-09-22
"MARAFI INTERNATIONAL TRADING CO., LIMITED",CN,US OFAC SDN — IRAN-EO13846,2026-09-22
MARANER HOLDINGS LIMITED,MT,US OFAC SDN — IRAN,2026-09-22
MARANT SHIPPING AND TRADING S.A.,GR,US OFAC SDN — IRAN-EO13902,2026-09-22
MARBLE SHIPPING LTD,MT,US OFAC SDN — IRAN,2026-09-22
"MARGARITIS, Antonios",GR,US OFAC SDN — IRAN-EO13902,2026-09-22
MARIA III,PA,US OFAC SDN — IRAN,2026-09-22
MARINA VISION,ID,US OFAC SDN — IRAN-EO13846,2026-09-22
MARINE INDUSTRIES ORGANIZATION,IR,US OFAC SDN — NPWMD/IFSR/IRAN-CON-ARMS-EO,2026-09-22
MARINE INFORMATION TECHNOLOGY DEVELOPMENT COMPANY,IR,US OFAC SDN — IRAN,2026-09-22
MARINE SOLUTION PVT LTD,LK,US OFAC SDN — IRAN-EO13902,2026-09-22
MARION COMMODITY DMCC,AE,US OFAC SDN — UKRAINE-EO13662/RUSSIA-EO14024,2026-09-22
MARITIME ADMINISTRATION OF THE DEMOCRATIC PEOPLE'S REPUBLIC OF KOREA,KP,US OFAC SDN — DPRK3,2026-09-22
MARITIME ASSISTANCE LLC,RU,US OFAC SDN — UKRAINE-EO13685,2026-09-22
MARIVAN,IR,US OFAC SDN — IRAN,2026-09-22
MARJAN PETROCHEMICAL COMPANY,IR,US OFAC SDN — IRAN,2026-09-22
MARKAN WHITE TRADING CRUDE OIL ABROAD CO. L.L.C,AE,US OFAC SDN — IRAN-EO13902,2026-09-22
"MARKHAYEV, Vyacheslav Mikhaylovich",RU,US OFAC SDN — RUSSIA-EO14024,2026-09-22
"MARKOV, Yevgeny Vladimirovich",RU,US OFAC SDN — RUSSIA-EO14024,2026-09-22
MARLENA TRADING LIMITED,CN,US OFAC SDN — IRAN-EO13902,2026-09-22
MARO SANAT COMPANY,IR,US OFAC SDN — NPWMD/IFSR,2026-09-22
"MAROUFI, Hossein",IR,US OFAC SDN — IRGC/IRAN-HR,2026-09-22
MARS OCEANWAY INC,TR,US OFAC SDN — IRAN-EO13846,2026-09-22
MARSA ENERGY TRADING DMCC,AE,US OFAC SDN — UKRAINE-EO13662/RUSSIA-EO14024,2026-09-22
MARSHAL ZHUKOV,RU,US OFAC SDN — UKRAINE-EO13685,2026-09-22
MARSHALL CAPITAL PARTNERS,RU,US OFAC SDN — UKRAINE-EO13660,2026-09-22
"MARSHALOV, Igor Anatolievich",BY,US OFAC SDN — BELARUS-EO14038,2026-09-22
"MARSHAVIN, Roman Anatolyevich",RU,US OFAC SDN — UKRAINE-EO13662/RUSSIA-EO14024,2026-09-22
MARTYRS FOUNDATION,IR,US OFAC SDN — IFSR,2026-09-22
MARUN PETROCHEMICAL COMPANY,IR,US OFAC SDN — IRAN-EO13846,2026-09-22
MARUN SEPEHR OFOGH COMPANY,IR,US OFAC SDN — IRAN-EO13846,2026-09-22
MARUN SUPPLEMENTAL INDUSTRIES COMPANY,IR,US OFAC SDN — IRAN-EO13846,2026-09-22
MARUN TADBIR TINA COMPANY,IR,US OFAC SDN — IRAN-EO13846,2026-09-22
MARUTI,CK,US OFAC SDN — IRAN-EO13902,2026-09-22
MARUTI SHIPPING INC.,MH,US OFAC SDN — IRAN-EO13902,2026-09-22
"MARVI, Ahmad",IR,US OFAC SDN — IRAN-EO13876,2026-09-22
MARVISE SMC DMCC,AE,US OFAC SDN — IRAN-EO13902,2026-09-22
MARZIYA SHIPPING OPC PVT LTD,IN,US OFAC SDN — IRAN-EO13846,2026-09-22
MASAL,IR,US OFAC SDN — IRAN-EO13902,2026-09-22
"MASALOVICH, Andrey Igorevich",RU,US OFAC SDN — RUSSIA-EO14024,2026-09-22
"MASJEDI, Iraj",IQ,US OFAC SDN — IRGC/IFSR,2026-09-22
"MASTER JOINT CO., LIMITED",CN,US OFAC SDN — IRAN-EO13902,2026-09-22
MATIN SANAT NIK ANDISHAN,IR,US OFAC SDN — NPWMD/IFSR,2026-09-22
MATRIX LLC,RU,US OFAC SDN — CAATSA - RUSSIA,2026-09-22
"MATVEYEV, Mikhail Nikolayevich",RU,US OFAC SDN — RUSSIA-EO14024,2026-09-22
"MATVIYENKO, Valentina Ivanovna",RU,US OFAC SDN — UKRAINE-EO13661/RUSSIA-EO14024,2026-09-22
"MATYUSHCHENKO, Ekaterina Sergeevna",UA,US OFAC SDN — UKRAINE-EO13660,2026-09-22
MAX ENERGY FUEL TRADING L.L.C,AE,US OFAC SDN — IRAN-EO13902,2026-09-22
MAX MARITIME SOLUTIONS FZE,AE,US OFAC SDN — IRAN-EO13846,2026-09-22
MAX STAR,PW,US OFAC SDN — IRAN-EO13902,2026-09-22
MAYMEI,PW,US OFAC SDN — IRAN-EO13846,2026-09-22
MB BANK,RU,US OFAC SDN — IFSR/RUSSIA-EO14024,2026-09-22
MCFLY PLASTIC HK LIMITED,HK,US OFAC SDN — IRAN-EO13846,2026-09-22
MCS ENGINEERING,DE,US OFAC SDN — IRAN,2026-09-22
MCS INTERNATIONAL GMBH,DE,US OFAC SDN — IRAN,2026-09-22
"MEADOWS, John Edward",GB,US OFAC SDN — IFSR,2026-09-22
MECHANICAL CONSTRUCTION FACTORY,SY,US OFAC SDN — NPWMD,2026-09-22
MEDIA LAND TECHNOLOGY LIMITED LIABILITY COMPANY,RU,US OFAC SDN — CAATSA - RUSSIA,2026-09-22
"MEDIA LAND, LLC",RU,US OFAC SDN — CAATSA - RUSSIA,2026-09-22
"MEDVEDCHUK, Viktor",ZZ,US OFAC SDN — UKRAINE-EO13660,2026-09-22
"MEDVEDEV, Gennadiy",ZZ,US OFAC SDN — UKRAINE-EO13661,2026-09-22
"MEDVEDEV, Valery Kirillovich",UA,US OFAC SDN — UKRAINE-EO13660,2026-09-22
MEENTROPY TECHNOLOGY HANGZHOU CO LTD,CN,US OFAC SDN — IRAN-CON-ARMS-EO,2026-09-22
MEGATRADE,SY,US OFAC SDN — NPWMD,2026-09-22
MEGHAN GROUP LIMITED,VG,US OFAC SDN — UKRAINE-EO13662/RUSSIA-EO14024,2026-09-22
MEHR BANK,IR,US OFAC SDN — NPWMD/IRGC/IFSR,2026-09-22
MEHR EQTESAD BANK,IR,US OFAC SDN — IFSR,2026-09-22
MEHR EQTESAD FINANCIAL GROUP,IR,US OFAC SDN — IFSR,2026-09-22
MEHR IRAN CREDIT UNION BANK,IR,US OFAC SDN — IRAN/IRAN-EO13902,2026-09-22
MEHR PETROCHEMICAL COMPANY,IR,US OFAC SDN — IRAN-EO13846,2026-09-22
MEHR-E EQTESAD-E IRANIAN INVESTMENT COMPANY,IR,US OFAC SDN — NPWMD/IRGC/IFSR,2026-09-22
"MEHRABI, Abdollah",IR,US OFAC SDN — NPWMD/IRGC/IFSR,2026-09-22
MEHRAN SHIPPING COMPANY LIMITED,CY,US OFAC SDN — IRAN,2026-09-22
"MEHRI, Mahdi",IR,US OFAC SDN — IRAN-HR,2026-09-22
"MEHRI, Mahmoud",IR,US OFAC SDN — IRAN-HR,2026-09-22
"MEHRI, Mohammad Hassan",IR,US OFAC SDN — IRAN-HR,2026-09-22
MEHRSAM ANDISHEH SAZ NIK,IR,US OFAC SDN — IRGC/IFSR,2026-09-22
"MELIKAL FOR MEDICAL & MEDICINE TRADING CO., LIMITED",CN,US OFAC SDN — IRAN-EO13846,2026-09-22
MELLAT INSURANCE COMPANY,IR,US OFAC SDN — IRAN,2026-09-22
MELLI BANK PLC,GB,US OFAC SDN — IFSR,2026-09-22
MELLI SAKHTEMAN COMPANY,IR,US OFAC SDN — IRAN-EO13876,2026-09-22
"MELNIKOV, Andrei Gennadyevich",RU,US OFAC SDN — UKRAINE-EO13660/RUSSIA-EO14024,2026-09-22
"MELNIKOV, Ivan Ivanovich",RU,US OFAC SDN — RUSSIA-EO14024,2026-09-22
"MELNYCHUK, Oleksandr",UA,US OFAC SDN — UKRAINE-EO13660,2026-09-22
"MELNYCHUK, Serhiy",UA,US OFAC SDN — UKRAINE-EO13660,2026-09-22
MENA,TG,US OFAC SDN — IRAN/NPWMD/IFSR,2026-09-22
MENG XIN,PA,US OFAC SDN — IRAN-EO13846,2026-09-22
"MENYAILO, Sergei Ivanovich",ZZ,US OFAC SDN — UKRAINE-EO13660,2026-09-22
MERAJ AIR,IR,US OFAC SDN — IFSR,2026-09-22
"MERAT, Kaveh",IR,US OFAC SDN — NPWMD/IRGC/IFSR,2026-09-22
MERCURY,GA,US OFAC SDN — UKRAINE-EO13662/RUSSIA-EO14024,2026-09-22
MERLUZA GROUP LIMITED,CN,US OFAC SDN — UKRAINE-EO13662/RUSSIA-EO14024,2026-09-22
MERMAR,PA,US OFAC SDN — UKRAINE-EO13662/RUSSIA-EO14024,2026-09-22
MEROE GOLD CO. LTD.,SD,US OFAC SDN — UKRAINE-EO13661,2026-09-22
MEROPE,PA,US OFAC SDN — UKRAINE-EO13662/IRAN-EO13902/RUSSIA-EO14024,2026-09-22
MERSAD SHIPPING COMPANY LIMITED,CY,US OFAC SDN — IRAN,2026-09-22
MERU,SL,US OFAC SDN — UKRAINE-EO13662/RUSSIA-EO14024,2026-09-22
MESBAH ENERGY COMPANY,IR,US OFAC SDN — IRAN/NPWMD/IFSR,2026-09-22
"MESHKAT, Farahnaz",IR,US OFAC SDN — IRAN-EO13902,2026-09-22
METAL & MINERAL TRADE S.A.R.L.,LU,US OFAC SDN — IRAN,2026-09-22
METALLIC MANUFACTURING FACTORY,SY,US OFAC SDN — NPWMD,2026-09-22
METIL STEEL,IR,US OFAC SDN — IRAN-EO13871,2026-09-22
MEUSE SHIPPING INC.,MH,US OFAC SDN — IRAN-EO13902,2026-09-22
MHK SHIPPING CORP,TR,US OFAC SDN — IRAN-EO13846,2026-09-22
MI RIM,KP,US OFAC SDN — DPRK3,2026-09-22
MI RIM 2,KP,US OFAC SDN — DPRK3,2026-09-22
MIAMI PRIDE,TG,US OFAC SDN — IRAN/NPWMD/IFSR,2026-09-22
"MICHURIN, Igor Aleksandrovich",RU,US OFAC SDN — NPWMD,2026-09-22
MIDDLE EAST KIMIYA PARS CO.,IR,US OFAC SDN — IRAN-EO13846,2026-09-22
MIDDLE EAST MINES AND MINERAL INDUSTRIES DEVELOPMENT HOLDING COMPANY,IR,US OFAC SDN — IRAN-EO13871,2026-09-22
MIKHAIL LAZAREV,RU,US OFAC SDN — UKRAINE-EO13662/RUSSIA-EO14024,2026-09-22
MIKHAIL ULYANOV,RU,US OFAC SDN — UKRAINE-EO13662/RUSSIA-EO14024,2026-09-22
"MIKHAILIUK, Leonid",UA,US OFAC SDN — UKRAINE-EO13660,2026-09-22
"MIKHALTSOU, Dzmitry",BY,US OFAC SDN — BELARUS-EO14038,2026-09-22
"MIKHOLAP, Evgeniy Ivanovich",BY,US OFAC SDN — RUSSIA-EO14024/BELARUS-EO14038,2026-09-22
"MIKLASHEVICH, Petr Petrovich",ZZ,US OFAC SDN — BELARUS,2026-09-22
MIKROTEKNIK KIMYEVI MADDELER LABORATUVAR MALZEMELERI VE CIHAZLARI SANAYI TICARET LIMITED SIRKETI,TR,US OFAC SDN — IRAN-EO13846,2026-09-22
MILAVOUS COMMODITIES HOLDING LIMITED,AE,US OFAC SDN — IRAN-EO13902,2026-09-22
MILAVOUS GROUP LTD,AE,US OFAC SDN — IRAN-EO13902,2026-09-22
MILAVOUS HOLDING LIMITED,AE,US OFAC SDN — IRAN-EO13902,2026-09-22
MILITARY SECURITY COMMAND,KP,US OFAC SDN — DPRK3,2026-09-22
"MILLER, Alexey Borisovich",RU,US OFAC SDN — UKRAINE-EO13661/RUSSIA-EO14024,2026-09-22
MIN HANG,CK,US OFAC SDN — UKRAINE-EO13662/IRAN-EO13902/RUSSIA-EO14024,2026-09-22
"MIN, Byong Chol",KP,US OFAC SDN — DPRK2,2026-09-22
"MINA'I, Mohammad",ZZ,US OFAC SDN — IRGC/IFSR,2026-09-22
MINAB SHIPPING COMPANY LIMITED,CY,US OFAC SDN — IRAN,2026-09-22
"MINAEV, Oleg Aleksandrovich",RU,US OFAC SDN — UKRAINE-EO13661,2026-09-22
MINERVA M,PA,US OFAC SDN — UKRAINE-EO13662/RUSSIA-EO14024,2026-09-22
MINES AND METALS ENGINEERING GMBH,DE,US OFAC SDN — IRAN,2026-09-22
MINGZHENG INTERNATIONAL TRADING LIMITED,HK,US OFAC SDN — NPWMD,2026-09-22
"MININ, Alexey Valerevich",RU,US OFAC SDN — CAATSA - RUSSIA,2026-09-22
MINISTRY OF ATOMIC ENERGY INDUSTRY,KP,US OFAC SDN — NPWMD,2026-09-22
MINISTRY OF CRUDE OIL INDUSTRY,KP,US OFAC SDN — DPRK3,2026-09-22
MINISTRY OF CULTURE AND ISLAMIC GUIDANCE,IR,US OFAC SDN — IRAN-TRA,2026-09-22
MINISTRY OF DEFENCE EXPORT CENTER,IR,US OFAC SDN — NPWMD/IFSR/IRAN-CON-ARMS-EO,2026-09-22
MINISTRY OF DEFENSE AND ARMED FORCES LOGISTICS,IR,US OFAC SDN — NPWMD/IFSR/IRAN-CON-ARMS-EO/RUSSIA-EO14024,2026-09-22
MINISTRY OF LABOR,KP,US OFAC SDN — DPRK3,2026-09-22
MINISTRY OF LAND AND MARITIME TRANSPORTATION OF THE DEMOCRATIC PEOPLE'S REPUBLIC OF KOREA,KP,US OFAC SDN — DPRK3,2026-09-22
MINISTRY OF PEOPLE'S ARMED FORCES,KP,US OFAC SDN — DPRK3,2026-09-22
MINISTRY OF PEOPLE'S SECURITY,KP,US OFAC SDN — DPRK3,2026-09-22
MINISTRY OF PEOPLE'S SECURITY CORRECTIONAL BUREAU,KP,US OFAC SDN — DPRK3,2026-09-22
MINISTRY OF STATE SECURITY,KP,US OFAC SDN — DPRK3,2026-09-22
MINISTRY OF STATE SECURITY BORDER GUARD GENERAL BUREAU,KP,US OFAC SDN — DPRK2,2026-09-22
MINISTRY OF STATE SECURITY PRISONS BUREAU,KP,US OFAC SDN — DPRK3,2026-09-22
MINSK SPECIAL PURPOSE POLICE UNIT,BY,US OFAC SDN — BELARUS,2026-09-22
MINSK WHEEL TRACTOR PLANT,BY,US OFAC SDN — NPWMD/BELARUS-EO14038,2026-09-22
"MIR-HEJAZI, Asghar",IR,US OFAC SDN — IRAN-HR/IRAN-EO13876,2026-09-22
MIRACLE TRANSPORTATION LIMITED,IR,US OFAC SDN — IRAN,2026-09-22
MIRAGE,BB,US OFAC SDN — IRAN-EO13902,2026-09-22
MIRAGE FOR ENGINEERING AND TRADING,LB,US OFAC SDN — IRGC/IFSR,2026-09-22
MIRAGE FOR WASTE MANAGEMENT AND ENVIRONMENTAL SERVICES SARL,LB,US OFAC SDN — IRGC/IFSR,2026-09-22
"MIRHEYDARY, Mohammad Reza",IR,US OFAC SDN — CAATSA - IRAN,2026-09-22
"MIRI, Sayyed Ali",IR,US OFAC SDN — IRAN-EO13902,2026-09-22
MIRIM SHIPPING CO LTD,KP,US OFAC SDN — DPRK3,2026-09-22
"MIRONOV, Sergey Mikhailovich",RU,US OFAC SDN — UKRAINE-EO13661/RUSSIA-EO14024,2026-09-22
"MIRZAEI, Haj Ahmad",IR,US OFAC SDN — IRAN-HR,2026-09-22
"MIRZAEI, Mohammad Ali",IR,US OFAC SDN — IRAN-HR,2026-09-22
"MIRZAEI, Reza",IR,US OFAC SDN — IRAN-HR,2026-09-22
MISHELL,PA,US OFAC SDN — IRAN-EO13902,2026-09-22
"MISHKIN, Alexander Yevgeniyevich",RU,US OFAC SDN — NPWMD/CAATSA - RUSSIA,2026-09-22
"MISHUSTIN, Mikhail Vladimirovich",RU,US OFAC SDN — RUSSIA-EO14024,2026-09-22
MISTRAL 1,SM,US OFAC SDN — UKRAINE-EO13662/RUSSIA-EO14024,2026-09-22
MIZAN MACHINE MANUFACTURING GROUP,IR,US OFAC SDN — NPWMD/IFSR,2026-09-22
"MIZULINA, Yelena Borisovna",RU,US OFAC SDN — UKRAINE-EO13661/RUSSIA-EO14024,2026-09-22
"MKRTYCHEV, Ashot",SK,US OFAC SDN — DPRK,2026-09-22
MKS INTERNATIONAL CO. LTD.,IR,US OFAC SDN — NPWMD/IFSR,2026-09-22
ML HOLDING GROUP LIMITED,CN,US OFAC SDN — IRAN-EO13846,2026-09-22
"ML.CLOUD, LLC",RU,US OFAC SDN — CAATSA - RUSSIA,2026-09-22
"MOALEMI, Ali",IR,US OFAC SDN — IRAN-EO13902,2026-09-22
MOALLEM INSURANCE CO.,IR,US OFAC SDN — IRAN,2026-09-22
MOANA,LR,US OFAC SDN — IRAN-EO13902,2026-09-22
MOBILE VALUE-ADDED SERVICES LABORATORY,IR,US OFAC SDN — NPWMD/IFSR,2026-09-22
MOBILNYE PLATEZHI LIMITED LIABILITY COMPANY,RU,US OFAC SDN — RUSSIA-EO14024,2026-09-22
MOBIN PETROCHEMICAL COMPANY,IR,US OFAC SDN — IRAN/NPWMD/IFSR,2026-09-22
MODABER,ZZ,US OFAC SDN — IRAN,2026-09-22
MODERATE GENERAL TRADING L.L.C,AE,US OFAC SDN — IRAN-EO13846,2026-09-22
MODY CHEM,IN,US OFAC SDN — IRAN-EO13846,2026-09-22
"MOEIN, Moslem",IR,US OFAC SDN — IRAN-HR,2026-09-22
MOFIDRAHBAR AUDIT FIRM,IR,US OFAC SDN — IRAN-EO13876,2026-09-22
"MOGHADAM FAR, Hamidreza",IR,US OFAC SDN — IRGC/IFSR/IRAN-HR,2026-09-22
"MOGHADAM, Ismail Ahmadi",ZZ,US OFAC SDN — IRAN-HR/IRAN-TRA,2026-09-22
"MOGHADAM, Mohsen Matloub",IR,US OFAC SDN — IRAN-HR,2026-09-22
"MOGHISSEH, Mohammad",IR,US OFAC SDN — IRAN/IRAN-TRA,2026-09-22
"MOHADDES, Seyed Mahmoud",ZZ,US OFAC SDN — IRAN,2026-09-22
"MOHAGHEGHI, Mohammad Hassan",IR,US OFAC SDN — IRGC/IFSR,2026-09-22
"MOHAMMADABADI, Mehdi Dehghani",IR,US OFAC SDN — NPWMD/IRGC/IFSR,2026-09-22
"MOHAMMADI, Gholamali",IR,US OFAC SDN — IRAN-HR,2026-09-22
"MOHSENI-EJEI, Qolam-Hossein",ZZ,US OFAC SDN — IRAN-HR,2026-09-22
"MOHTASHAM, Abdolhamid",IR,US OFAC SDN — IRAN-HR,2026-09-22
"MOKHBER, Mohammad",IR,US OFAC SDN — IRAN-EO13876,2026-09-22
"MOKHTARI, Khosro",IR,US OFAC SDN — IRAN-EO13876,2026-09-22
MOKRAN LLC,RU,US OFAC SDN — DPRK3,2026-09-22
"MOLCHANOV, Grigoriy Viktorovich",ZZ,US OFAC SDN — CAATSA - RUSSIA,2026-09-22
MOLLY,KM,US OFAC SDN — IRAN-EO13846,2026-09-22
"MOLOSTOV, Konstantin Gennadievich",BY,US OFAC SDN — BELARUS-EO14038,2026-09-22
"MOLOT-ORUZHIE, OOO",RU,US OFAC SDN — UKRAINE-EO13661,2026-09-22
"MOMENI KALAGARI, Eskandar",IR,US OFAC SDN — IRAN-HR,2026-09-22
MOMENT INVESTMENT LIMITED,IR,US OFAC SDN — IRAN,2026-09-22
MOMTAZ ELECTRIC,IR,US OFAC SDN — IRAN,2026-09-22
MONCH GENERAL TRADING L.L.C.,AE,US OFAC SDN — IRAN-EO13846,2026-09-22
MONSOON SHIPPING LTD,AE,US OFAC SDN — IRAN,2026-09-22
"MONTAZERI, Mohammad Jafar",IR,US OFAC SDN — IRAN-HR,2026-09-22
"MONTAZEROLMEHDI, Saeed",IR,US OFAC SDN — IRAN-HR,2026-09-22
MONTROSE,SM,US OFAC SDN — IRAN-EO13902,2026-09-22
"MONZAVI, Azim",IR,US OFAC SDN — IRGC/IFSR,2026-09-22
"MORADI, Alireza",IR,US OFAC SDN — IRAN-HR,2026-09-22
"MORENETS, Aleksei Sergeyevich",RU,US OFAC SDN — CAATSA - RUSSIA,2026-09-22
"MOROZ, Alexander Ivanovich",BY,US OFAC SDN — BELARUS-EO14038,2026-09-22
"MORTAZAVI, Saeed",ZZ,US OFAC SDN — IRAN-HR,2026-09-22
"MORTEZAVI, Hasan",IR,US OFAC SDN — IRGC/IFSR,2026-09-22
MORVARID PETROCHEMICAL,IR,US OFAC SDN — IRAN-EO13846,2026-09-22
MOSAKHAR DARYA SHIPPING CO,IR,US OFAC SDN — IRAN,2026-09-22
MOSCOW EXCHANGE,RU,US OFAC SDN — UKRAINE-EO13662/RUSSIA-EO14024,2026-09-22
"MOSHKANI, Abolfazl Ramazanzadeh",IR,US OFAC SDN — IRGC/IFSR,2026-09-22
MOSKOVSKY PROSPECT,GA,US OFAC SDN — UKRAINE-EO13662/RUSSIA-EO14024,2026-09-22
"MOSLEHI, Heydar",IR,US OFAC SDN — IRAN-HR,2026-09-22
"MOSTAFAEI, Saeed",IR,US OFAC SDN — IRAN-HR,2026-09-22
"MOSTAFANEJAD, Vali",IR,US OFAC SDN — IRAN-HR,2026-09-22
MOTI,DJ,US OFAC SDN — UKRAINE-EO13662/RUSSIA-EO14024,2026-09-22
MOTOJEN,IR,US OFAC SDN — IRAN,2026-09-22
MOTOJEN AUTO INDUSTRY COMPANY,IR,US OFAC SDN — IRAN,2026-09-22
"MOUSA, Mohammad Sadegh Heidari",IR,US OFAC SDN — NPWMD/IRGC/IFSR,2026-09-22
"MOUSAABADI, Abbasali Mohammadian",IR,US OFAC SDN — IRAN-HR,2026-09-22
"MOUSAVI, Sayyed Abdolrahim",IR,US OFAC SDN — IRAN-HR,2026-09-22
MOXING CARTOON,CN,US OFAC SDN — DPRK3,2026-09-22
"MOZAFFARINIA, Reza",IR,US OFAC SDN — NPWMD/IFSR,2026-09-22
"MOZGOVOY, Aleksey",UA,US OFAC SDN — UKRAINE-EO13660,2026-09-22
"MOZHELYANSKIY, Viktor Anatolyevich",UA,US OFAC SDN — UKRAINE-EO13685,2026-09-22
MPHASIS MARINE SOLUTIONS FZE,AE,US OFAC SDN — IRAN-EO13846,2026-09-22
MRB BANK,GE,US OFAC SDN — DPRK3/RUSSIA-EO14024,2026-09-22
MRIYA RESORT & SPA,UA,US OFAC SDN — UKRAINE-EO13685,2026-09-22
MS ANGIA,SM,US OFAC SDN — IRAN-EO13902,2026-09-22
MS ENOLA,DJ,US OFAC SDN — IRAN-EO13902,2026-09-22
MS MELENIA,PA,US OFAC SDN — IRAN-EO13902,2026-09-22
MSN 164,ZZ,US OFAC SDN — NPWMD/IFSR,2026-09-22
MSN 371,ZZ,US OFAC SDN — NPWMD/IFSR,2026-09-22
MSN 376,ZZ,US OFAC SDN — NPWMD/IFSR,2026-09-22
MSN 383,ZZ,US OFAC SDN — NPWMD/IFSR,2026-09-22
MSN 391,ZZ,US OFAC SDN — NPWMD/IFSR,2026-09-22
MSN 416,ZZ,US OFAC SDN — NPWMD/IFSR,2026-09-22
MSN 449,ZZ,US OFAC SDN — NPWMD/IFSR,2026-09-22
MSN 550,ZZ,US OFAC SDN — NPWMD/IFSR,2026-09-22
MSN 615,ZZ,US OFAC SDN — NPWMD/IFSR,2026-09-22
MSP KALA NAFT CO. TEHRAN,IR,US OFAC SDN — IRAN,2026-09-22
MTTO INDUSTRY AND TRADE LIMITED,CN,US OFAC SDN — NPWMD/IFSR,2026-09-22
MU DU BONG,KP,US OFAC SDN — DPRK,2026-09-22
"MUHSIN AL-AZZAWI, Thamoud Mohammed",AE,US OFAC SDN — IRAN-EO13902,2026-09-22
"MULTI WELL TRADING CO., LIMITED",CN,US OFAC SDN — IRAN-EO13846,2026-09-22
MULTIMAT IC VE DIS TICARET PAZARLAMA LIMITED SIRKETI,TR,US OFAC SDN — NPWMD/IFSR,2026-09-22
MUM,AG,US OFAC SDN — UKRAINE-EO13662/RUSSIA-EO14024,2026-09-22
"MUN, Cho'ng-Ch'o'l",KP,US OFAC SDN — NPWMD,2026-09-22
"MUN, Kyong Hwan",KP,US OFAC SDN — DPRK4,2026-09-22
MUNITIONS INDUSTRY DEPARTMENT,KP,US OFAC SDN — NPWMD,2026-09-22
"MURADOV, Georgiy L'vovich",ZZ,US OFAC SDN — UKRAINE-EO13660,2026-09-22
"MURAJ, Yousef Ali",IR,US OFAC SDN — IRGC/IFSR,2026-09-22
"MURATOV, Aleksey Valentinovich",RU,US OFAC SDN — UKRAINE-EO13660/RUSSIA-EO14024,2026-09-22
MURMAN,RU,US OFAC SDN — RUSSIA-EO14024,2026-09-22
MURMANSK,RU,US OFAC SDN — UKRAINE-EO13662/RUSSIA-EO14024,2026-09-22
"MUROV, Evgeniy Alekseyevich",ZZ,US OFAC SDN — UKRAINE-EO13661,2026-09-22
"MUSATOV, Ivan Mikhaylovich",RU,US OFAC SDN — RUSSIA-EO14024,2026-09-22
"MUSAVI, Hossein",ZZ,US OFAC SDN — IRGC/IFSR,2026-09-22
"MUSAVI, Razi",SY,US OFAC SDN — IFSR,2026-09-22
"MUSAVI, Sayyed Javad",IR,US OFAC SDN — NPWMD/IFSR,2026-09-22
"MUSAVI, Sayyed Kamal",ZZ,US OFAC SDN — IRGC/IFSR,2026-09-22
"MUSAVIR, Sayyed Yaser",IR,US OFAC SDN — IRGC/IFSR,2026-09-22
MY AVIATION COMPANY LIMITED,TH,US OFAC SDN — IFSR,2026-09-22
"MYINT, Kyaw Thu Myo",MM,US OFAC SDN — DPRK,2026-09-22
MYOHYANG SHIPPING CO,KP,US OFAC SDN — DPRK4,2026-09-22
"MYONG, Chol Min",KP,US OFAC SDN — DPRK4,2026-09-22
MYRA,PA,US OFAC SDN — IRAN-EO13902,2026-09-22
MYTISHCHI MACHINE BUILDING PLANT,RU,US OFAC SDN — UKRAINE-EO13661/RUSSIA-EO14024,2026-09-22
N.I.T.C. REPRESENTATIVE OFFICE,NL,US OFAC SDN — IRAN,2026-09-22
NAAB KIMYA DIS TICARET LIMITED SIRKETI,TR,US OFAC SDN — IRAN-EO13846,2026-09-22
"NADERIAN, Ahmad",IR,US OFAC SDN — IRAN-HR,2026-09-22
NADIYA,PA,US OFAC SDN — IRAN-EO13902,2026-09-22
NAFTAN OAO,BY,US OFAC SDN — BELARUS,2026-09-22
"NAFTCHI, Mohsen Raeesi",IR,US OFAC SDN — IRAN-HR,2026-09-22
NAFTIRAN INTERTRADE CO. LIMITED,JE,US OFAC SDN — IRAN,2026-09-22
NAFTIRAN INTERTRADE CO. SARL,CH,US OFAC SDN — IRAN,2026-09-22
NAFTIRAN TRADING SERVICES CO. (NTS) LIMITED,GB,US OFAC SDN — IRAN,2026-09-22
"NAGHNEH, Mehdi Ghaffari",IR,US OFAC SDN — IRGC/IFSR,2026-09-22
"NAHAR DANI, Reza",IR,US OFAC SDN — IRGC/IFSR,2026-09-22
"NAIR, Anil Kumar Panackal Narayanan",IN,US OFAC SDN — IRAN-EO13902,2026-09-22
"NAJAFIANPUR, Amer",IR,US OFAC SDN — IRAN-EO13846,2026-09-22
"NAJAFPUR, Sa'id",ZZ,US OFAC SDN — IRGC/IFSR,2026-09-22
NAJEE TECHNOLOGY HOOSHMAND FATER LLC,IR,US OFAC SDN — IRGC/IFSR,2026-09-22
NAJI PARS AMIN INSTITUTE,IR,US OFAC SDN — IRAN-HR,2026-09-22
NAJI PAS COMPANY,IR,US OFAC SDN — IRAN-HR,2026-09-22
"NAJJAR, Mostafa Mohammad",ZZ,US OFAC SDN — IRAN-HR,2026-09-22
NAM SAN 8,KP,US OFAC SDN — DPRK4,2026-09-22
"NAM, Chol Ung",CN,US OFAC SDN — DPRK,2026-09-22
NAMCHONGANG TRADING CORPORATION,KP,US OFAC SDN — NPWMD,2026-09-22
NAMGANG CONSTRUCTION,KP,US OFAC SDN — DPRK3,2026-09-22
NANDA DEVI,GA,US OFAC SDN — UKRAINE-EO13662/RUSSIA-EO14024,2026-09-22
NANSHAN LTD,GB,US OFAC SDN — IRAN-EO13902,2026-09-22
"NAPSO, Yuri Aisovich",RU,US OFAC SDN — RUSSIA-EO14024,2026-09-22
"NAQDI, Mohammad Reza",IR,US OFAC SDN — NPWMD/IRGC/IFSR/IRAN-HR/IRAN-EO13876,2026-09-22
NARDIS,IR,US OFAC SDN — IRAN/NPWMD/IFSR,2026-09-22
"NAREIKO, Ivan Nikolaevich",BY,US OFAC SDN — RUSSIA-EO14024/BELARUS-EO14038,2026-09-22
NARENJESTAN HOTEL AND BUILDING DEVELOPMENT,IR,US OFAC SDN — IRAN,2026-09-22
NARI SHIPPING AND CHARTERING GMBH & CO. KG,DE,US OFAC SDN — IRAN,2026-09-22
NAROON,IR,US OFAC SDN — IRAN,2026-09-22
NARVAL,RU,US OFAC SDN — RUSSIA-EO14024,2026-09-22
"NARYSHKIN, Sergey Yevgenyevich",RU,US OFAC SDN — UKRAINE-EO13661/RUSSIA-EO14024,2026-09-22
"NASAB, Alireza Shafie",IR,US OFAC SDN — IRGC/IFSR,2026-09-22
"NASERZADEH, Muhammad Reza",IR,US OFAC SDN — IRAN-HR,2026-09-22
NASHA,IR,US OFAC SDN — IRAN,2026-09-22
NASHVILLE HK LIMITED,CN,US OFAC SDN — IRAN-EO13846,2026-09-22
NASSER ZARRIN GHALAM AND PARTNERS COMPANY,IR,US OFAC SDN — IRAN-EO13902,2026-09-22
NATALINA 7,KM,US OFAC SDN — IRAN-EO13902,2026-09-22
NATIONAL AEROSPACE DEVELOPMENT ADMINISTRATION,KP,US OFAC SDN — NPWMD,2026-09-22
NATIONAL CLEARING CENTER,RU,US OFAC SDN — UKRAINE-EO13662/RUSSIA-EO14024,2026-09-22
NATIONAL CYBERSPACE CENTER,IR,US OFAC SDN — IRAN-TRA,2026-09-22
NATIONAL DEFENSE COMMISSION,KP,US OFAC SDN — DPRK2,2026-09-22
NATIONAL DEVELOPMENT FUND OF IRAN,IR,US OFAC SDN — IRGC/IFSR,2026-09-22
NATIONAL IRANIAN COPPER INDUSTRIES COMPANY,IR,US OFAC SDN — IRAN-EO13871,2026-09-22
NATIONAL IRANIAN OIL COMPANY,IR,US OFAC SDN — IRAN/IFSR,2026-09-22
NATIONAL IRANIAN OIL COMPANY PTE LTD,SG,US OFAC SDN — IRAN,2026-09-22
NATIONAL IRANIAN TANKER COMPANY,IR,US OFAC SDN — IRAN/IFSR,2026-09-22
NATIONAL IRANIAN TANKER COMPANY LLC,AE,US OFAC SDN — IRAN,2026-09-22
NATIONAL OLYMPIC COMMITTEE OF THE REPUBLIC OF BELARUS,BY,US OFAC SDN — BELARUS,2026-09-22
NATIONAL PAYMENT CARD SYSTEM JOINT STOCK COMPANY,RU,US OFAC SDN — UKRAINE-EO13662/RUSSIA-EO14024,2026-09-22
NATIONAL PETROCHEMICAL COMPANY,IR,US OFAC SDN — IRAN/IFSR,2026-09-22
NATIONAL STANDARDS AND CALIBRATION LABORATORY,SY,US OFAC SDN — NPWMD,2026-09-22
NATIONWIDE SHIPPING LTD,IR,US OFAC SDN — IRAN,2026-09-22
NAUCHNO PROIZVODSTVENNOE PREDPRIYATIE BURENIE,RU,US OFAC SDN — UKRAINE-EO13662/RUSSIA-EO14024,2026-09-22
"NAUMAU, Uladzimir Uladzimiravich",ZZ,US OFAC SDN — BELARUS,2026-09-22
"NAUMOV, Stanislav Aleksandrovich",RU,US OFAC SDN — RUSSIA-EO14024,2026-09-22
NAVA HOBBIES SDN BHD,MY,US OFAC SDN — NPWMD/IRGC/IFSR,2026-09-22
NAVAL DEFENCE MISSILE INDUSTRY GROUP,IR,US OFAC SDN — NPWMD/IFSR,2026-09-22
NAVARZ,IR,US OFAC SDN — IRAN,2026-09-22
NAVID COMPOSITE MATERIAL COMPANY,IR,US OFAC SDN — NPWMD/IFSR,2026-09-22
NAVIERA SHIPPING AND TRADING FZ LLC,AE,US OFAC SDN — IRAN-EO13902,2026-09-22
NAVYAN ABR ARVAN PRIVATE LIMITED COMPANY,IR,US OFAC SDN — IRAN-EO13846,2026-09-22
"NAYDENKO, Aleksey Alekseevich",ZZ,US OFAC SDN — UKRAINE-EO13660,2026-09-22
"NAZARANKA, Yuriy Henadzievich",BY,US OFAC SDN — BELARUS,2026-09-22
"NAZARIKOLEHJOUB, Hossein",IR,US OFAC SDN — IRAN-HR,2026-09-22
"NAZAROV, Mikhail Anatolievich",ZZ,US OFAC SDN — UKRAINE-EO13660,2026-09-22
"NAZAROV, Sergey Makarovich",RU,US OFAC SDN — UKRAINE-EO13660/UKRAINE-EO13661,2026-09-22
NEBULA DRIFT,PW,US OFAC SDN — IRAN-EO13902,2026-09-22
NEDA INDUSTRIAL GROUP,IR,US OFAC SDN — NPWMD/IFSR,2026-09-22
NEEL,PA,US OFAC SDN — IRAN-EO13846,2026-09-22
NEGAR,IR,US OFAC SDN — IRAN/NPWMD/IFSR,2026-09-22
NEGEEN,IR,US OFAC SDN — IRAN/NPWMD/IFSR,2026-09-22
NEGIN KISH INTERNATIONAL SAHEL AND FARASAHEL DEVELOPMENT,IR,US OFAC SDN — IRAN,2026-09-22
NEGIN PARTO KHAVAR,IR,US OFAC SDN — NPWMD/IFSR,2026-09-22
NEGIN SAHEL ROYAL INVESTMENT COMPANY,IR,US OFAC SDN — IFSR,2026-09-22
"NEJAT, Hossein",IR,US OFAC SDN — IRGC/IFSR/IRAN-HR,2026-09-22
NEKA NOVIN,IR,US OFAC SDN — NPWMD/IFSR,2026-09-22
"NEKLYUDOV, Dmitry Sergeyevich",ZZ,US OFAC SDN — UKRAINE-EO13660,2026-09-22
"NEMIROVSKIY, Alexander Valeryevich",RU,US OFAC SDN — UKRAINE-EO13662/RUSSIA-EO14024,2026-09-22
NEMRUT,LR,US OFAC SDN — IRAN-EO13902,2026-09-22
"NEMTSEV, Vladimir Vladimirovich",UA,US OFAC SDN — UKRAINE-EO13660,2026-09-22
NEO SHIPPING INC.,MH,US OFAC SDN — IRAN-EO13902,2026-09-22
"NEOWAVE MANAGEMENT CO., LTD",CN,US OFAC SDN — IRAN-EO13902,2026-09-22
NEPTA,KM,US OFAC SDN — IRAN-EO13902,2026-09-22
NEPTUN,RU,US OFAC SDN — DPRK4,2026-09-22
NEPTUNE MARINE LTD,MH,US OFAC SDN — IRAN-EO13902,2026-09-22
NEREUS SOPHIA,PA,US OFAC SDN — UKRAINE-EO13662/RUSSIA-EO14024,2026-09-22
NESHAT,IR,US OFAC SDN — IRAN/NPWMD/IFSR,2026-09-22
NESO,PA,US OFAC SDN — IRAN-EO13902,2026-09-22
NEST WISE PETROLEUM L.L.C,AE,US OFAC SDN — IRAN-EO13902,2026-09-22
NEST WISE TRADING PTE. LTD.,SG,US OFAC SDN — IRAN-EO13902,2026-09-22
NEST WISE TRADING S.R.L.,RO,US OFAC SDN — IRAN-EO13902,2026-09-22
"NETYKSHO, Viktor Borisovich",RU,US OFAC SDN — CAATSA - RUSSIA,2026-09-22
NEVE,PA,US OFAC SDN — UKRAINE-EO13662/RUSSIA-EO14024,2026-09-22
"NEVEROV, Sergey Ivanovich",RU,US OFAC SDN — UKRAINE-EO13661/RUSSIA-EO14024,2026-09-22
NEW AGE SHIPPING LIMITED,IR,US OFAC SDN — IRAN,2026-09-22
NEW EASTERN OUTLOOK,RU,US OFAC SDN — RUSSIA-EO14024,2026-09-22
NEW EASTERN SHIPPING CO LTD,MH,US OFAC SDN — DPRK4,2026-09-22
NEW FAR INTERNATIONAL LOGISTICS LIMITED,HK,US OFAC SDN — IRAN-EO13846,2026-09-22
NEW FUSION,PA,US OFAC SDN — IRAN-EO13846,2026-09-22
NEWSFRONT,UA,US OFAC SDN — NPWMD/CAATSA - RUSSIA,2026-09-22
NEWTECK WELL SERVICE LLC,RU,US OFAC SDN — UKRAINE-EO13662/RUSSIA-EO14024,2026-09-22
NEWTON TRADING FZE,AE,US OFAC SDN — IRAN-EO13846,2026-09-22
NEXO,GM,US OFAC SDN — IRAN-EO13902,2026-09-22
"NEZHDANOVA, Yevgeniya Vitalyevna",RU,US OFAC SDN — NPWMD/CAATSA - RUSSIA,2026-09-22
"NGUYEN, Quang Viet",VN,US OFAC SDN — DPRK4,2026-09-22
NIBA,PW,US OFAC SDN — IRAN-EO13902,2026-09-22
NICO ENGINEERING LIMITED,JE,US OFAC SDN — IRAN,2026-09-22
NIGHT WOLVES,RU,US OFAC SDN — UKRAINE-EO13660,2026-09-22
"NIKAEEN RAVARI, Amir Hossein",IR,US OFAC SDN — IRGC/IFSR,2026-09-22
NIKAN PEZHVAK ARIA KISH COMPANY,IR,US OFAC SDN — IRAN-EO13902,2026-09-22
"NIKBAKHT, Mas'ud",ZZ,US OFAC SDN — IRGC/IFSR,2026-09-22
"NIKIFOROVICH, Sergei Olegovich",BY,US OFAC SDN — BELARUS-EO14038,2026-09-22
"NIKITIN, Vasiliy Aleksandrovich",ZZ,US OFAC SDN — UKRAINE-EO13660,2026-09-22
"NIKITINA, Irina",UA,US OFAC SDN — UKRAINE-EO13660,2026-09-22
"NIKOLAEVA, Irina Viktorovna",RU,US OFAC SDN — RUSSIA-EO14024,2026-09-22
NIKOLAY ZADORNOV,PA,US OFAC SDN — UKRAINE-EO13662/RUSSIA-EO14024,2026-09-22
"NIKONOROVA, Natalya Yurievna",UA,US OFAC SDN — UKRAINE-EO13660,2026-09-22
"NIKOUSOKHAN, Mahmoud",ZZ,US OFAC SDN — IRAN,2026-09-22
"NIKULIN, Dmitry Yuryevich",RU,US OFAC SDN — DPRK3/RUSSIA-EO14024,2026-09-22
"NIKULOV, Gennadii Anatolievich",RU,US OFAC SDN — UKRAINE-EO13660,2026-09-22
NILE,CK,US OFAC SDN — IRAN-EO13846,2026-09-22
"NILFORUSHAN, Abbas",IR,US OFAC SDN — IRGC/IFSR/IRAN-HR,2026-09-22
NILGON PARSA CASPIAN SHIPPING COMPANY,IR,US OFAC SDN — IRAN-EO13902,2026-09-22
"NILOV, Oleg Anatolyevich",RU,US OFAC SDN — RUSSIA-EO14024,2026-09-22
"NILOV, Yaroslav Yevgenyevich",RU,US OFAC SDN — RUSSIA-EO14024,2026-09-22
"NINGBO MORE INTEREST I/E CO., LTD.",CN,US OFAC SDN — IRAN-EO13846,2026-09-22
"NINGBO NEW CENTURY IMPORT AND EXPORT COMPANY, LTD.",CN,US OFAC SDN — NPWMD/IFSR,2026-09-22
NINGS CARTOON STUDIO,CN,US OFAC SDN — DPRK3,2026-09-22
NINTH OCEAN GMBH & CO. KG,DE,US OFAC SDN — IRAN,2026-09-22
NIOC INTERNATIONAL AFFAIRS (LONDON) LIMITED,GB,US OFAC SDN — IRAN,2026-09-22
NIRU BATTERY MANUFACTURING COMPANY,IR,US OFAC SDN — NPWMD/IFSR,2026-09-22
NIS AD NOVI SAD,RS,US OFAC SDN — UKRAINE-EO13662/RUSSIA-EO14024,2026-09-22
NISSHO LINES INCORPORATED,MH,US OFAC SDN — IRAN-EO13902,2026-09-22
NIZHNIY NOVGOROD SOKOL AIRCRAFT MANUFACTURING PLANT,RU,US OFAC SDN — RUSSIA-EO14024,2026-09-22
NOBITEX,IR,US OFAC SDN — IRAN/IRAN-EO13902,2026-09-22
NOBLEFU COMPANY LIMITED,MH,US OFAC SDN — UKRAINE-EO13662/RUSSIA-EO14024,2026-09-22
NOMIKI,PA,US OFAC SDN — IRAN-EO13902,2026-09-22
NON-BANK CREDIT INSTITUTION JOINT STOCK COMPANY NATIONAL SETTLEMENT DEPOSITORY,RU,US OFAC SDN — UKRAINE-EO13662/RUSSIA-EO14024,2026-09-22
NOOR 1,IR,US OFAC SDN — IRAN/NPWMD/IFSR,2026-09-22
NOOR ENERGY (MALAYSIA) LTD.,MY,US OFAC SDN — IRAN,2026-09-22
"NOORAHMADI, Masoud",IR,US OFAC SDN — IRGC/IFSR,2026-09-22
"NOORI, Mohsen",IR,US OFAC SDN — IRAN-HR,2026-09-22
"NOORI, Omid",IR,US OFAC SDN — IRAN-HR,2026-09-22
"NOOSHIN, Seyed Mirahmad",IR,US OFAC SDN — NPWMD/IFSR,2026-09-22
NORD STREAM 2 AG,CH,US OFAC SDN — RUSSIA-EO14024,2026-09-22
NORD TRADING L.L.C,AE,US OFAC SDN — IRAN-EO13846,2026-09-22
"NOROOZI, Ahmad",IR,US OFAC SDN — IRAN-EO13846,2026-09-22
"NOROUZI, Aliasghar",IR,US OFAC SDN — IRGC/IRAN-HR,2026-09-22
NORTH DRILLING COMPANY,IR,US OFAC SDN — IRAN-EO13876,2026-09-22
NORTH EAST ASIA BANK,KP,US OFAC SDN — DPRK3,2026-09-22
NORTH WOOD INDUSTRY COMPANY,IR,US OFAC SDN — IRAN-EO13876,2026-09-22
NOURI PETROCHEMICAL COMPANY,IR,US OFAC SDN — IRAN/NPWMD/IFSR,2026-09-22
"NOURI, Hadi",IR,US OFAC SDN — IRAN-EO13902,2026-09-22
NOVA LINES INC.,MH,US OFAC SDN — IRAN-EO13902,2026-09-22
NOVGORODNEFTEPRODUCT OOO,RU,US OFAC SDN — UKRAINE-EO13662/RUSSIA-EO14024,2026-09-22
"NOVIKAU, Siarhei Ihnatavich",BY,US OFAC SDN — BELARUS-EO14038,2026-09-22
"NOVIKOV, Dmitriy Georgievich",RU,US OFAC SDN — RUSSIA-EO14024,2026-09-22
"NOVILAB MOBILE, LLC",RU,US OFAC SDN — RUSSIA-EO14024,2026-09-22
NOVIN ENERGY COMPANY,IR,US OFAC SDN — IRAN,2026-09-22
NOVIN PARS MINERAL EXPLORATION AND MINING ENGINEERING COMPANY,IR,US OFAC SDN — IRAN,2026-09-22
NOVOPOLOTSK LIMITED LIABILITY COMPANY INTERSERVICE,BY,US OFAC SDN — BELARUS-EO14038,2026-09-22
NOVOROSSIYA PARTY,UA,US OFAC SDN — UKRAINE-EO13660,2026-09-22
NOVOSIBIRSKOBLGAZ LIMITED LIABILITY COMPANY,RU,US OFAC SDN — DPRK4/RUSSIA-EO14024,2026-09-22
NPC INTERNATIONAL,GB,US OFAC SDN — IRAN/NPWMD/IFSR,2026-09-22
NPF OTKRITIE GROUP,RU,US OFAC SDN — RUSSIA-EO14024,2026-09-22
NPF VTB PENSION FUND JOINT STOCK COMPANY,RU,US OFAC SDN — UKRAINE-EO13662/RUSSIA-EO14024,2026-09-22
NPK TEKHMASH OAO,RU,US OFAC SDN — UKRAINE-EO13662/RUSSIA-EO14024,2026-09-22
NPV ENGINEERING OPEN JOINT STOCK COMPANY,RU,US OFAC SDN — UKRAINE-EO13662,2026-09-22
NS PRIDE,GA,US OFAC SDN — UKRAINE-EO13662/RUSSIA-EO14024,2026-09-22
NS SILVER,PA,US OFAC SDN — UKRAINE-EO13662/RUSSIA-EO14024,2026-09-22
NUCLEAR INDUSTRY EXPLORATION AND RAW MATERIALS PRODUCTION COMPANY,IR,US OFAC SDN — IRAN,2026-09-22
NUCLEAR POWER PRODUCTION AND DEVELOPMENT COMPANY OF IRAN,IR,US OFAC SDN — IRAN,2026-09-22
NUCLEAR SCIENCE AND TECHNOLOGY RESEARCH INSTITUTE,IR,US OFAC SDN — IRAN/NPWMD/IFSR,2026-09-22
"NURGALIEV, Rashid Gumarovich",RU,US OFAC SDN — RUSSIA-EO14024,2026-09-22
NURKEZ,PA,US OFAC SDN — UKRAINE-EO13662/RUSSIA-EO14024,2026-09-22
NURSULTAN NAZARBAYEV,RU,US OFAC SDN — UKRAINE-EO13662/RUSSIA-EO14024,2026-09-22
NYANTARA,PA,US OFAC SDN — IRAN-EO13902,2026-09-22
NYCITY SHIPMANAGEMENT CO LTD,CN,US OFAC SDN — IRAN-EO13902,2026-09-22
NYMEX STAR,SG,US OFAC SDN — DPRK,2026-09-22
O UN CHONG NYON HO,KP,US OFAC SDN — DPRK,2026-09-22
"O, Chong Ok",KP,US OFAC SDN — DPRK2,2026-09-22
"O, In Chun",RU,US OFAC SDN — DPRK,2026-09-22
"O, Kuk-Ryol",KP,US OFAC SDN — NPWMD/DPRK2,2026-09-22
OAO 'DOLGOPRUDNY RESEARCH PRODUCTION ENTERPRISE',RU,US OFAC SDN — UKRAINE-EO13661,2026-09-22
OAO 'URANIS-RADIOSISTEMY',UA,US OFAC SDN — UKRAINE-EO13685,2026-09-22
OAO SHIP REPAIR CENTER 'ZVEZDOCHKA',RU,US OFAC SDN — UKRAINE-EO13685/RUSSIA-EO14024,2026-09-22
OAO VOLGOGRADNEFTEMASH,RU,US OFAC SDN — UKRAINE-EO13661,2026-09-22
OBORONLOGISTIKA OOO,RU,US OFAC SDN — UKRAINE-EO13685/RUSSIA-EO14024,2026-09-22
OBSHCHESTVO S OGRANICHENNOI OTVETSTVENNOSTYU KHOLDINGOVAYA KOMPANIYA YUESEM,RU,US OFAC SDN — UKRAINE-EO13662/RUSSIA-EO14024,2026-09-22
OBSHCHESTVO S OGRANICHENNOI OTVETSTVENNOSTYU NEOBIT,RU,US OFAC SDN — NPWMD/CAATSA - RUSSIA/RUSSIA-EO14024,2026-09-22
OBSHCHESTVO S OGRANICHENNOI OTVETSTVENNOSTYU VTB FOREKS,RU,US OFAC SDN — RUSSIA-EO14024,2026-09-22
"OBUKHOV, Sergey Pavlovich",RU,US OFAC SDN — RUSSIA-EO14024,2026-09-22
OCEAN BUNKERING JV CO,KP,US OFAC SDN — DPRK3,2026-09-22
OCEAN CAPITAL ADMINISTRATION GMBH,DE,US OFAC SDN — IRAN,2026-09-22
OCEAN GLORY GIANT OGG SA,PA,US OFAC SDN — IRAN-EO13902,2026-09-22
OCEAN GUARDIAN,PA,US OFAC SDN — IRAN-EO13846,2026-09-22
OCEAN INC.,MH,US OFAC SDN — IRAN-EO13902,2026-09-22
OCEAN LEONID INVESTMENTS AG,CH,US OFAC SDN — IRAN-EO13902,2026-09-22
OCEAN LEONID INVESTMENTS LTD,AE,US OFAC SDN — IRAN-EO13902,2026-09-22
OCEAN LEONID INVESTMENTS SINGAPORE PTE. LTD.,SG,US OFAC SDN — IRAN-EO13902,2026-09-22
OCEAN MARITIME MANAGEMENT COMPANY LIMITED,KP,US OFAC SDN — DPRK,2026-09-22
OCEAN PRINCESS 1,PA,US OFAC SDN — IRAN-EO13902,2026-09-22
OCEAN WATERS MARITIME CORPORATION,SC,US OFAC SDN — UKRAINE-EO13662/RUSSIA-EO14024,2026-09-22
OCEANEND SHIPPING LTD,SC,US OFAC SDN — IRAN-EO13846,2026-09-22
OCEANIC ORBIT INCORPORATED,PA,US OFAC SDN — IRAN-EO13902,2026-09-22
OCTANE ENERGY GROUP FZCO,AE,US OFAC SDN — IRAN-EO13846,2026-09-22
OCTANS,ST,US OFAC SDN — IRAN-EO13846,2026-09-22
ODIAR MANAGEMENT S.A.,MH,US OFAC SDN — IRAN-EO13902,2026-09-22
ODINE MARINE INCORPORATED,MH,US OFAC SDN — UKRAINE-EO13662/RUSSIA-EO14024,2026-09-22
ODK-SATURN PUBLIC JOINT-STOCK COMPANY,RU,US OFAC SDN — RUSSIA-EO14024,2026-09-22
ODYSSEY MARINE INC.,MH,US OFAC SDN — IRAN-EO13902,2026-09-22
OENERGY COMMODITIES DMCC,AE,US OFAC SDN — IRAN-EO13902,2026-09-22
OFFICE 39,KP,US OFAC SDN — DPRK,2026-09-22
OFOG SABZE DARYA COMPANY,IR,US OFAC SDN — NPWMD/IFSR,2026-09-22
OFOGH SABERIN ENGINEERING DEVELOPMENT COMPANY,IR,US OFAC SDN — IRAN-TRA,2026-09-22
OFOQ SAZEH PAYAH,IR,US OFAC SDN — IRAN,2026-09-22
OGHYANOUS KHOROSHAN KISH,IR,US OFAC SDN — IRAN,2026-09-22
OIL INDUSTRY INVESTMENT COMPANY,IR,US OFAC SDN — IRAN,2026-09-22
"OJI, Javad",IR,US OFAC SDN — IRAN-EO13876,2026-09-22
OJSC ACHINSK REFINERY,RU,US OFAC SDN — UKRAINE-EO13662/RUSSIA-EO14024,2026-09-22
OJSC AGAT-CONTROL SYSTEM-MANAGING COMPANY OF GEOINFORMATION CONTROL SYSTEMS HOLDING,BY,US OFAC SDN — BELARUS-EO14038,2026-09-22
OJSC HORIZONT HOLDING MANAGEMENT COMPANY,BY,US OFAC SDN — BELARUS-EO14038,2026-09-22
OJSC KB RADAR-MANAGING COMPANY HOLDING RADAR SYSTEM,BY,US OFAC SDN — BELARUS-EO14038,2026-09-22
OJSC NOVOKUYBYSHEV REFINERY,RU,US OFAC SDN — UKRAINE-EO13662/RUSSIA-EO14024,2026-09-22
OJSC ORENBURGNEFT,RU,US OFAC SDN — UKRAINE-EO13662/RUSSIA-EO14024,2026-09-22
OJSC SAMOTLORNEFTEGAZ,RU,US OFAC SDN — UKRAINE-EO13662/RUSSIA-EO14024,2026-09-22
OJSC SOVFRACHT,RU,US OFAC SDN — UKRAINE-EO13685,2026-09-22
OJSC SYZRAN REFINERY,RU,US OFAC SDN — UKRAINE-EO13662/RUSSIA-EO14024,2026-09-22
OKA SHIPPING INC.,MH,US OFAC SDN — IRAN-EO13902,2026-09-22
OKB TSP SCIENTIFIC PRODUCTION LIMITED LIABILITY COMPANY,BY,US OFAC SDN — BELARUS-EO14038,2026-09-22
OKEANSKY PROSPECT,RU,US OFAC SDN — UKRAINE-EO13662/RUSSIA-EO14024,2026-09-22
"OKOROKOV, Ivan",ZZ,US OFAC SDN — UKRAINE-EO13685,2026-09-22
OKRYU TRADING COMPANY,KP,US OFAC SDN — DPRK4,2026-09-22
"OLADI, Ramezan",IR,US OFAC SDN — IRAN-EO13846,2026-09-22
OLANGA,RU,US OFAC SDN — UKRAINE-EO13662/RUSSIA-EO14024,2026-09-22
OLIA,ZZ,US OFAC SDN — UKRAINE-EO13662/IRAN-EO13846/RUSSIA-EO14024,2026-09-22
"OLIGEI INTERNATIONAL TRADING CO., LIMITED",CN,US OFAC SDN — IRAN-EO13846,2026-09-22
OLIVE,CK,US OFAC SDN — IRAN-EO13902,2026-09-22
OLIVIA,SL,US OFAC SDN — UKRAINE-EO13662/RUSSIA-EO14024,2026-09-22
"OLIYNYK, Volodymyr Mykolayovych",RU,US OFAC SDN — RUSSIA-EO14024,2026-09-22
"OLSSON, Sven Anders",SE,US OFAC SDN — UKRAINE-EO13661,2026-09-22
"OMELCHENKO, Aleksander",ZZ,US OFAC SDN — UKRAINE-EO13661,2026-09-22
OMID REY CIVIL & CONSTRUCTION COMPANY,ZZ,US OFAC SDN — IRAN,2026-09-22
OMNI,PA,US OFAC SDN — IRAN-EO13902,2026-09-22
OMRAN SAHEL,IR,US OFAC SDN — NPWMD/IRGC/IFSR,2026-09-22
OMRAN VA MASKAN IRAN COMPANY,IR,US OFAC SDN — IRAN-EO13876,2026-09-22
OMSK,RU,US OFAC SDN — UKRAINE-EO13662/RUSSIA-EO14024,2026-09-22
ONBOARD SHIP MANAGEMENT LIMITED,CN,US OFAC SDN — IRAN-EO13846,2026-09-22
ONE CLASS PROPERTIES (PTY) LTD.,ZA,US OFAC SDN — IRAN,2026-09-22
ONE VISION INVESTMENTS 5 (PTY) LTD.,ZA,US OFAC SDN — IRAN,2026-09-22
ONERBANK ZAO,BY,US OFAC SDN — IRAN,2026-09-22
"OO, Aung Ko Ko",MM,US OFAC SDN — DPRK,2026-09-22
OOO 'DSK',RU,US OFAC SDN — UKRAINE-EO13685,2026-09-22
OOO 'STG-EKO',RU,US OFAC SDN — UKRAINE-EO13685,2026-09-22
OOO ALKON,RU,US OFAC SDN — UKRAINE-EO13661,2026-09-22
OOO FOTON PRO,RU,US OFAC SDN — RUSSIA-EO14024,2026-09-22
OOO GARDSERVIS,BY,US OFAC SDN — BELARUS-EO14038,2026-09-22
OOO ITERANET,RU,US OFAC SDN — RUSSIA-EO14024,2026-09-22
OOO LAVINA PULS,RU,US OFAC SDN — RUSSIA-EO14024,2026-09-22
OOO NAUCHNO-TEKHNICHESKII TSENTR METROTEK,RU,US OFAC SDN — RUSSIA-EO14024,2026-09-22
OOO NAVIGATOR ASSET MANAGEMENT,RU,US OFAC SDN — RUSSIA-EO14024,2026-09-22
OOO OBORONNYE INITSIATIVY,BY,US OFAC SDN — BELARUS-EO14038,2026-09-22
OOO OTKRITIE ASSET MANAGEMENT,RU,US OFAC SDN — RUSSIA-EO14024,2026-09-22
OOO OTKRITIE CAPITAL,RU,US OFAC SDN — RUSSIA-EO14024,2026-09-22
OOO OTKRITIE FACTORING,RU,US OFAC SDN — RUSSIA-EO14024,2026-09-22
OOO PAMKIN KHAUS,RU,US OFAC SDN — RUSSIA-EO14024,2026-09-22
OOO RGS HOLDING,RU,US OFAC SDN — RUSSIA-EO14024,2026-09-22
OOO ROBIN TREID,RU,US OFAC SDN — RUSSIA-EO14024,2026-09-22
OOO RUCHSERVOMOTOR,BY,US OFAC SDN — BELARUS-EO14038,2026-09-22
OOO SERNIYA INZHINIRING,RU,US OFAC SDN — RUSSIA-EO14024,2026-09-22
OOO SERTAL,RU,US OFAC SDN — RUSSIA-EO14024,2026-09-22
OOO SHIPYARD 'ZALIV',UA,US OFAC SDN — UKRAINE-EO13685,2026-09-22
OOO SOKHRA,BY,US OFAC SDN — BELARUS-EO14038,2026-09-22
OOO TAMOZHENNAYA KARTA,RU,US OFAC SDN — RUSSIA-EO14024,2026-09-22
OOO TRANSOIL,RU,US OFAC SDN — UKRAINE-EO13661/RUSSIA-EO14024,2026-09-22
OOO VOLGA GROUP,RU,US OFAC SDN — UKRAINE-EO13661/RUSSIA-EO14024,2026-09-22
OOO YUNIDZHET,RU,US OFAC SDN — UKRAINE-EO13661,2026-09-22
OPEN JOINT STOCK COMPANY 'KONTSERN IZHMASH',RU,US OFAC SDN — UKRAINE-EO13661,2026-09-22
OPEN JOINT STOCK COMPANY ALEVKURP,BY,US OFAC SDN — BELARUS-EO14038,2026-09-22
OPEN JOINT STOCK COMPANY AMKODOR MANAGEMENT HOLDING COMPANY,BY,US OFAC SDN — BELARUS-EO14038,2026-09-22
OPEN JOINT STOCK COMPANY BELARUSIAN AUTOMOBILE PLANT,BY,US OFAC SDN — BELARUS-EO14038,2026-09-22
OPEN JOINT STOCK COMPANY BPS-SBERBANK,BY,US OFAC SDN — UKRAINE-EO13662/RUSSIA-EO14024,2026-09-22
OPEN JOINT STOCK COMPANY BYELORUSSIAN STEEL WORKS MANAGEMENT COMPANY OF HOLDING BYELORUSSIAN METALLURGICAL COMPANY,BY,US OFAC SDN — BELARUS-EO14038,2026-09-22
OPEN JOINT STOCK COMPANY COMMERCIAL BANK VERKHNEVOLZHSKY,RU,US OFAC SDN — UKRAINE-EO13685,2026-09-22
OPEN JOINT STOCK COMPANY KRASNODAR REGIONAL INVESTMENT BANK,RU,US OFAC SDN — UKRAINE-EO13685,2026-09-22
OPEN JOINT STOCK COMPANY MINSK AUTOMOBILE PLANT,BY,US OFAC SDN — BELARUS-EO14038,2026-09-22
OPEN JOINT STOCK COMPANY MINSK CIVIL AVIATION PLANT 407,BY,US OFAC SDN — BELARUS-EO14038,2026-09-22
OPEN JOINT STOCK COMPANY RUSSIAN ELECTRONICS,RU,US OFAC SDN — UKRAINE-EO13662/RUSSIA-EO14024,2026-09-22
OPEN JOINT STOCK COMPANY STANKOGOMEL,BY,US OFAC SDN — BELARUS-EO14038,2026-09-22
OPEN JOINT STOCK COMPANY SVETLOGORSKKHIMVOLOKNO,BY,US OFAC SDN — BELARUS-EO14038,2026-09-22
OPEN JOINT STOCK COMPANY TIKHORETSK MACHINE CONSTRUCTION PLANT V.V. VOROVSKY,RU,US OFAC SDN — UKRAINE-EO13662/RUSSIA-EO14024,2026-09-22
OPEN JOINT-STOCK COMPANY GRODNO TOBACCO FACTORY NEMAN,BY,US OFAC SDN — BELARUS-EO14038,2026-09-22
OPEN JOINT-STOCK COMPANY ROSNEFT OIL COMPANY,RU,US OFAC SDN — UKRAINE-EO13662/RUSSIA-EO14024,2026-09-22
OPLOT,UA,US OFAC SDN — UKRAINE-EO13660,2026-09-22
ORGANIZATION AND GUIDANCE DEPARTMENT,KP,US OFAC SDN — DPRK2,2026-09-22
ORGANIZATION FOR TECHNOLOGICAL INDUSTRIES,SY,US OFAC SDN — NPWMD,2026-09-22
ORIENT HARMONY,PA,US OFAC SDN — UKRAINE-EO13662/RUSSIA-EO14024,2026-09-22
ORIENT VISION,PA,US OFAC SDN — UKRAINE-EO13662/RUSSIA-EO14024,2026-09-22
ORIENTAL OIL KISH,IR,US OFAC SDN — NPWMD/IRGC/IFSR,2026-09-22
ORIENTAL REVIEW,RU,US OFAC SDN — RUSSIA-EO14024,2026-09-22
ORIENTAL TREASURE,KM,US OFAC SDN — DPRK4,2026-09-22
ORION STAR,ZZ,US OFAC SDN — DPRK,2026-09-22
ORUMIYEH PRISON,IR,US OFAC SDN — CAATSA - IRAN,2026-09-22
"OSADCHIY, Nikolay Ivanovich",RU,US OFAC SDN — RUSSIA-EO14024,2026-09-22
"OSADCHUK, Aleksandr Vladimirovich",RU,US OFAC SDN — CAATSA - RUSSIA,2026-09-22
"OSANLOO, Mohammad Taghi",IR,US OFAC SDN — IRGC/IFSR/IRAN-HR,2026-09-22
OSHIDA PETROKIMYA URUNLERI SANAYI VE TICARET ANONIM SIRKETI,TR,US OFAC SDN — IRAN-EO13846,2026-09-22
OSOO GAZPROM NEFT AZIYA,KG,US OFAC SDN — UKRAINE-EO13662/RUSSIA-EO14024,2026-09-22
"OSTAD, Hamid",IR,US OFAC SDN — IRAN-HR,2026-09-22
"OSTAD, Mohammad Reza",IR,US OFAC SDN — CAATSA - IRAN,2026-09-22
"OSTADAKBARI, Alireza",IR,US OFAC SDN — IRAN-HR,2026-09-22
"OSTANINA, Nina Aleksandrovna",RU,US OFAC SDN — RUSSIA-EO14024,2026-09-22
OSTAP SHEREMETA,RU,US OFAC SDN — RUSSIA-EO14024,2026-09-22
OT-2077,RU,US OFAC SDN — UKRAINE-EO13685,2026-09-22
OTIK AVIATION,TR,US OFAC SDN — IFSR,2026-09-22
OTKRITIE BROKER GROUP,RU,US OFAC SDN — RUSSIA-EO14024,2026-09-22
OTKRITIE CAPITAL CYPRUS LIMITED,CY,US OFAC SDN — RUSSIA-EO14024,2026-09-22
OTKRITIE LTD GROUP,CY,US OFAC SDN — RUSSIA-EO14024,2026-09-22
OTKRYTOE AKTSIONERNOE OBSHCHESTVO NOVO-VYATKA,RU,US OFAC SDN — UKRAINE-EO13662/RUSSIA-EO14024,2026-09-22
OTKRYTOE AKTSIONERNOE OBSHCHESTVO VNESHNEEKONOMICHESKOE OBEDINENIE TEKHNOPROMEKSPORT,RU,US OFAC SDN — UKRAINE-EO13662/UKRAINE-EO13685,2026-09-22
OTKRYTOYE AKTSIONERNOYE OBSCHESTVO TAE AVIA,BY,US OFAC SDN — BELARUS-EO14038,2026-09-22
OTKRYTYE AKTIVY OOO,RU,US OFAC SDN — RUSSIA-EO14024,2026-09-22
OURA,IR,US OFAC SDN — IRAN/NPWMD/IFSR,2026-09-22
"OVSYANNIKOV, Dmitry Vladimirovich",UA,US OFAC SDN — UKRAINE-EO13660,2026-09-22
OWENS,PA,US OFAC SDN — UKRAINE-EO13662/RUSSIA-EO14024,2026-09-22
"OWHADI, Mohammad Ebrahim",IR,US OFAC SDN — IRGC/IFSR,2026-09-22
OXIN STEEL COMPANY,IR,US OFAC SDN — IRAN-EO13871,2026-09-22
OY LANGVIK CAPITAL LTD,FI,US OFAC SDN — UKRAINE-EO13661,2026-09-22
OZARKA SHIPPING - FZCO,AE,US OFAC SDN — IRAN-EO13902,2026-09-22
"OZEROV, Viktor Alekseevich",ZZ,US OFAC SDN — UKRAINE-EO13661,2026-09-22
"OZMA'I, Ali",IR,US OFAC SDN — IRGC/IFSR,2026-09-22
"OZSUREN, Mehmet",GB,US OFAC SDN — IRAN-EO13846,2026-09-22
"OZTUNC, Ekrem Abdulkerym",IR,US OFAC SDN — IRAN-HR,2026-09-22
P-532,ZZ,US OFAC SDN — DPRK3,2026-09-22
P-533,ZZ,US OFAC SDN — DPRK3,2026-09-22
P-537,ZZ,US OFAC SDN — DPRK3,2026-09-22
P-552,ZZ,US OFAC SDN — DPRK3,2026-09-22
P-561,ZZ,US OFAC SDN — DPRK3,2026-09-22
P-632,ZZ,US OFAC SDN — DPRK3,2026-09-22
P-633,ZZ,US OFAC SDN — DPRK3,2026-09-22
P-671,ZZ,US OFAC SDN — DPRK3,2026-09-22
P-672,ZZ,US OFAC SDN — DPRK3,2026-09-22
P-813,ZZ,US OFAC SDN — DPRK3,2026-09-22
P-835,ZZ,US OFAC SDN — DPRK3,2026-09-22
P-881,ZZ,US OFAC SDN — DPRK3,2026-09-22
P-885,ZZ,US OFAC SDN — DPRK3,2026-09-22
P-912,ZZ,US OFAC SDN — DPRK3,2026-09-22
P-913,ZZ,US OFAC SDN — DPRK3,2026-09-22
P-914,ZZ,US OFAC SDN — DPRK3,2026-09-22
P.C.C. (SINGAPORE) PRIVATE LIMITED,SG,US OFAC SDN — IRAN,2026-09-22
P4-MGU,ZZ,US OFAC SDN — UKRAINE-EO13661/RUSSIA-EO14024,2026-09-22
"PAANANEN, Kai",ZZ,US OFAC SDN — UKRAINE-EO13661,2026-09-22
PAARICHEM RESOURCES LLP,IN,US OFAC SDN — IRAN-EO13846,2026-09-22
PACIFIC OCEAN SHIPPING LIMITED,IR,US OFAC SDN — IRAN,2026-09-22
PACIFIC SHIPPING AND TRANSPORTATION LIMITED,IR,US OFAC SDN — IRAN,2026-09-22
PACIFIC STEEL FZE,AE,US OFAC SDN — IRAN-EO13871,2026-09-22
"PAE, Won Uk",CN,US OFAC SDN — DPRK4,2026-09-22
PAEK MA,KP,US OFAC SDN — DPRK4,2026-09-22
"PAEK, Chang-Ho",ZZ,US OFAC SDN — NPWMD,2026-09-22
"PAEK, Jong Sam",CN,US OFAC SDN — DPRK4,2026-09-22
"PAEK, Se-Bong",ZZ,US OFAC SDN — NPWMD,2026-09-22
PAEKMA SHIPPING CO,KP,US OFAC SDN — DPRK4,2026-09-22
PAEKSOL TRADING CORPORATION,KP,US OFAC SDN — DPRK3,2026-09-22
"PAK, Bong Nam",CN,US OFAC SDN — DPRK4,2026-09-22
"PAK, Chol Nam",CN,US OFAC SDN — DPRK4,2026-09-22
"PAK, Chun Il",EG,US OFAC SDN — DPRK2,2026-09-22
"PAK, Han Se",KP,US OFAC SDN — NPWMD,2026-09-22
"PAK, Hwa Song",CD,US OFAC SDN — DPRK4,2026-09-22
"PAK, Il-Kyu",CN,US OFAC SDN — NPWMD,2026-09-22
"PAK, Jong Chon",KP,US OFAC SDN — DPRK2,2026-09-22
"PAK, Kwang Ho",ZZ,US OFAC SDN — DPRK2,2026-09-22
"PAK, Kwang Hun",RU,US OFAC SDN — DPRK2,2026-09-22
"PAK, Mun Il",CN,US OFAC SDN — DPRK4,2026-09-22
"PAK, To-Chun",ZZ,US OFAC SDN — NPWMD,2026-09-22
"PAK, Tong Sok",GE,US OFAC SDN — DPRK2,2026-09-22
"PAK, Yong Sik",KP,US OFAC SDN — DPRK2,2026-09-22
PAKER SERVICE,RU,US OFAC SDN — UKRAINE-EO13662/RUSSIA-EO14024,2026-09-22
"PAKNEJAD, Mohsen",IR,US OFAC SDN — IRAN-EO13902,2026-09-22
"PAKPOUR, Mohammad",IR,US OFAC SDN — IRGC/IFSR,2026-09-22
"PALAGIN, Viktor Nikolayevich",ZZ,US OFAC SDN — UKRAINE-EO13660,2026-09-22
PALM SERVICE LIMITED,IR,US OFAC SDN — IRAN,2026-09-22
PAMCHEL TRADING BEIJING CO. LTD.,CN,US OFAC SDN — IRAN-EO13871,2026-09-22
PAMIR,KM,US OFAC SDN — IRAN-EO13902,2026-09-22
PANAREA MARINE S.A.,MH,US OFAC SDN — IRAN-EO13902,2026-09-22
PANDA,GY,US OFAC SDN — UKRAINE-EO13662/IRAN-EO13846/RUSSIA-EO14024,2026-09-22
"PANESH, Kaplan Mugdinovich",RU,US OFAC SDN — RUSSIA-EO14024,2026-09-22
"PANG, Su Nam",CN,US OFAC SDN — DPRK2/DPRK4,2026-09-22
"PANJAKI, Yahya Hosseini",IR,US OFAC SDN — IRAN-HR,2026-09-22
"PANKOV, Nikolay",RU,US OFAC SDN — RUSSIA-EO14024,2026-09-22
"PANKOVA, Yulia Vladimirovna",RU,US OFAC SDN — CAATSA - RUSSIA,2026-09-22
"PANTELEEV, Oleg Evgenevich",ZZ,US OFAC SDN — UKRAINE-EO13661,2026-09-22
"PANTELEYEV, Sergey Mikhaylovich",RU,US OFAC SDN — RUSSIA-EO14024,2026-09-22
"PANTUS, Dmitry Aleksandrovich",BY,US OFAC SDN — BELARUS-EO14038,2026-09-22
PAO MOSOBLBANK,RU,US OFAC SDN — UKRAINE-EO13661,2026-09-22
PAO ROSGOSSTRAKH BANK,RU,US OFAC SDN — RUSSIA-EO14024,2026-09-22
PAO ZVEZDA,RU,US OFAC SDN — UKRAINE-EO13662,2026-09-22
PAOLA,LR,US OFAC SDN — IRAN-EO13902,2026-09-22
PARAND,IR,US OFAC SDN — IRAN/NPWMD/IFSR,2026-09-22
PARCHIN CHEMICAL INDUSTRIES,IR,US OFAC SDN — NPWMD/IFSR,2026-09-22
PARDAZAN SYSTEM NAMAD ARMAN,IR,US OFAC SDN — NPWMD/IFSR,2026-09-22
PARDAZESH TASVIR RAYAN CO.,IR,US OFAC SDN — IRGC/IFSR,2026-09-22
PARDIS INVESTMENT COMPANY,IR,US OFAC SDN — IRAN,2026-09-22
"PARFYONOV, Denis Andreyevich",RU,US OFAC SDN — RUSSIA-EO14024,2026-09-22
PARIN,IR,US OFAC SDN — IRAN/NPWMD/IFSR,2026-09-22
PARINE,BB,US OFAC SDN — IRAN-EO13846,2026-09-22
PARISAN,IR,US OFAC SDN — IRAN/NPWMD/IFSR,2026-09-22
"PARK, Jin Hyok",ZZ,US OFAC SDN — DPRK3,2026-09-22
PARMIS,IR,US OFAC SDN — IRAN/NPWMD/IFSR,2026-09-22
PARNIA,IR,US OFAC SDN — IRAN/NPWMD/IFSR/IRAN-CON-ARMS-EO,2026-09-22
PAROS MARITIME S.A.,PA,US OFAC SDN — IRAN-EO13902,2026-09-22
PARS AMAYESH SANAAT KISH,IR,US OFAC SDN — NPWMD/IFSR,2026-09-22
PARS ENERGY-GOSTAR DRILLING AND EXPLORATION,IR,US OFAC SDN — IRAN-EO13876,2026-09-22
PARS ISOTOPE COMPANY,IR,US OFAC SDN — IRAN,2026-09-22
PARS MCS,IR,US OFAC SDN — IRAN,2026-09-22
PARS OIL AND GAS COMPANY,IR,US OFAC SDN — IRAN,2026-09-22
PARS OIL CO.,IR,US OFAC SDN — IRAN/IRAN-EO13876,2026-09-22
PARS PAIDAR SANAT NOVIN,IR,US OFAC SDN — IRAN,2026-09-22
PARS PETROCHEMICAL COMPANY,IR,US OFAC SDN — IRAN/NPWMD/IFSR,2026-09-22
PARS PETROCHEMICAL SHIPPING COMPANY,IR,US OFAC SDN — IRAN,2026-09-22
PARS SARRALLE COMPANY,IR,US OFAC SDN — IRAN-EO13876,2026-09-22
PARS SAZEH ENGINEERING AND CONSTRUCTION,IR,US OFAC SDN — IRAN,2026-09-22
PARS TILE COMPANY,IR,US OFAC SDN — IRAN-EO13876,2026-09-22
PARSA FIDAR PAYDAR ENGINEERING AND TECHNOLOGY COMPANY,IR,US OFAC SDN — IRAN-EO13902,2026-09-22
PARSA SALAKH QESHM INDUSTRIAL COMPLEX,IR,US OFAC SDN — IRAN-EO13902,2026-09-22
PARSA TRABAR CASPIAN INTERNATIONAL TRANSPORTATION COMPANY,IR,US OFAC SDN — IRAN-EO13902,2026-09-22
PARSA TRABAR PERSIA INTERNATIONAL TRANSPORTATION COMPANY,IR,US OFAC SDN — IRAN-EO13902,2026-09-22
"PARSAEI, Reza",ZZ,US OFAC SDN — IRAN,2026-09-22
"PARSAJAM, Mohsen",ZZ,US OFAC SDN — NPWMD/IFSR,2026-09-22
PARSHAD,IR,US OFAC SDN — IRAN/NPWMD/IFSR,2026-09-22
PARSHAN,IR,US OFAC SDN — IRAN/NPWMD/IFSR,2026-09-22
"PARSHIN, Andrei Yevgenevich",BY,US OFAC SDN — BELARUS-EO14038,2026-09-22
PARSIAN BANK,IR,US OFAC SDN — IRAN/IFSR,2026-09-22
PARSIAN CATALYST CHEMICAL COMPANY,IR,US OFAC SDN — IFSR,2026-09-22
PARSIAN OIL AND GAS DEVELOPMENT,IR,US OFAC SDN — IRAN,2026-09-22
PARSIAN TOURISM AND RECREATIONAL CENTERS COMPANY,IR,US OFAC SDN — IRAN-EO13876,2026-09-22
PARTIZAN,RU,US OFAC SDN — DPRK4,2026-09-22
PARTO SANAT CO.,IR,US OFAC SDN — NPWMD/IFSR,2026-09-22
"PASANDIDEH, Heidar",IR,US OFAC SDN — IRAN-HR,2026-09-22
PASAR GAS COMPANY,IR,US OFAC SDN — IRAN-EO13902,2026-09-22
PASAR GAS NOVIN TRADING COMPANY,IR,US OFAC SDN — IRAN-EO13902,2026-09-22
PASARGAD ARIAN INFORMATION AND COMMUNICATION TECHNOLOGY COMPANY,IR,US OFAC SDN — IRAN-EO13902,2026-09-22
PASARGAD BANK,IR,US OFAC SDN — IRAN/IRAN-EO13902,2026-09-22
PASARGAD ELECTRONIC PAYMENT SERVICES COMPANY,IR,US OFAC SDN — IRAN-EO13902,2026-09-22
PASARGAD STEEL COMPLEX,IR,US OFAC SDN — IRAN-EO13871,2026-09-22
"PASECHNIK, Leonid Ivanovich",UA,US OFAC SDN — UKRAINE-EO13660/RUSSIA-EO14024,2026-09-22
"PASHKOV, Vladimir Igorevich",RU,US OFAC SDN — UKRAINE-EO13660,2026-09-22
PASKAL OOO,RU,US OFAC SDN — RUSSIA-EO14024,2026-09-22
PASSADA MARITIME LIMITED,MH,US OFAC SDN — IRAN-EO13902,2026-09-22
PASSAT,RU,US OFAC SDN — UKRAINE-EO13685,2026-09-22
"PATEL, Pankaj Nagjibhai",AE,US OFAC SDN — IRAN-EO13902,2026-09-22
PATHFINDER,BB,US OFAC SDN — UKRAINE-EO13662/RUSSIA-EO14024,2026-09-22
PATRIOT,RU,US OFAC SDN — DPRK4,2026-09-22
PATRIS,IR,US OFAC SDN — IRAN/NPWMD/IFSR,2026-09-22
"PATRUSHEV, Andrey",RU,US OFAC SDN — RUSSIA-EO14024,2026-09-22
"PATRUSHEV, Nikolai Platonovich",RU,US OFAC SDN — UKRAINE-EO13661/RUSSIA-EO14024,2026-09-22
"PAULICHENKA, Dzmitry Valeryevich",ZZ,US OFAC SDN — BELARUS,2026-09-22
PAVEL CHERNYSH,PA,US OFAC SDN — UKRAINE-EO13662/RUSSIA-EO14024,2026-09-22
"PAVLENKO, Vladimir Nikolaevich",UA,US OFAC SDN — UKRAINE-EO13660,2026-09-22
"PAVLENKO, Vladislav Nikolaevich",BY,US OFAC SDN — BELARUS-EO14038,2026-09-22
"PAVLOV, Vadim Alekseevich",RU,US OFAC SDN — UKRAINE-EO13662/RUSSIA-EO14024,2026-09-22
PAYA PARTOV CO.,IR,US OFAC SDN — NPWMD/IFSR,2026-09-22
PAYA SAMAN PARS,IR,US OFAC SDN — IRAN-EO13876,2026-09-22
PAYANDAN COMPANY,IR,US OFAC SDN — IRAN-EO13876,2026-09-22
"PAYKIN, Boris Romanovich",RU,US OFAC SDN — RUSSIA-EO14024,2026-09-22
PAYLINK LIMITED,RU,US OFAC SDN — UKRAINE-EO13662/RUSSIA-EO14024,2026-09-22
PAYVAR ANDISH,IR,US OFAC SDN — IRAN,2026-09-22
PEACE HILL,HK,US OFAC SDN — IRAN-EO13902,2026-09-22
"PEACE WORTH SHIPPING CO., LIMITED",CN,US OFAC SDN — IRAN-EO13846,2026-09-22
"PEAKVIEW INDUSTRY CO., LIMITED",HK,US OFAC SDN — IRAN-EO13846,2026-09-22
PEARL PETROCHEMICAL FZE,AE,US OFAC SDN — IRAN-EO13902,2026-09-22
"PEARSON, Adam Richard",CA,US OFAC SDN — IRAN-HR,2026-09-22
"PECHAN, Ihar Mikalaevich",BY,US OFAC SDN — BELARUS-EO14038,2026-09-22
"PECHATNIKOV, Anatolii Yuryevich",RU,US OFAC SDN — RUSSIA-EO14024,2026-09-22
PEGAS,RU,US OFAC SDN — RUSSIA-EO14024,2026-09-22
PEGASUS,BB,US OFAC SDN — UKRAINE-EO13662/RUSSIA-EO14024,2026-09-22
PEGASUS 88 LIMITED,HK,US OFAC SDN — IRAN-EO13846,2026-09-22
"PELARAK, Hassan",IR,US OFAC SDN — IRGC/IFSR,2026-09-22
PELENG JSC,BY,US OFAC SDN — BELARUS-EO14038,2026-09-22
PENTANE CHEMISTRY INDUSTRIES,IR,US OFAC SDN — NPWMD/IFSR,2026-09-22
"PENTYA, Aleksandr Yevgenyevich",RU,US OFAC SDN — UKRAINE-EO13661,2026-09-22
"PENZEV, Arsenii Aleksandrovich",RU,US OFAC SDN — CAATSA - RUSSIA,2026-09-22
PERARIN,IR,US OFAC SDN — IRAN/NPWMD/IFSR,2026-09-22
"PEREVALOV, Viktor Pavlovich",RU,US OFAC SDN — UKRAINE-EO13685/RUSSIA-EO14024,2026-09-22
"PEREVERZEVA, Tatiana Viktorovna",UA,US OFAC SDN — RUSSIA-EO14065,2026-09-22
PERSIA HORMOZ SHIP REPAIR YARD COMPANY PJS,IR,US OFAC SDN — IRAN,2026-09-22
PERSIA OIL & GAS INDUSTRY DEVELOPMENT CO.,IR,US OFAC SDN — IRAN/IRAN-EO13876,2026-09-22
PERSIAN GULF SHIPPING LINES LTD,CY,US OFAC SDN — IRAN,2026-09-22
PERSIAN GULF STAR OIL COMPANY,IR,US OFAC SDN — IRAN-EO13846,2026-09-22
PERSISTENT PETROCHEM PRIVATE LIMITED,IN,US OFAC SDN — IRAN-EO13846,2026-09-22
"PESKOV, Dmitriy Sergeevich",RU,US OFAC SDN — RUSSIA-EO14024,2026-09-22
PETERPAUL,PA,US OFAC SDN — IRAN-EO13846,2026-09-22
PETRO ENERGY INTERTRADE COMPANY,AE,US OFAC SDN — IRAN,2026-09-22
PETRO GRAND FZE,AE,US OFAC SDN — IRAN-EO13846,2026-09-22
PETRO GREEN,MY,US OFAC SDN — NPWMD/IFSR,2026-09-22
PETRO PARSA CASPIAN IRANIAN COMPANY,IR,US OFAC SDN — IRAN-EO13902,2026-09-22
PETRO ROYAL FZE,AE,US OFAC SDN — IRAN,2026-09-22
PETRO SUISSE INTERTRADE COMPANY SA,CH,US OFAC SDN — IRAN,2026-09-22
PETRO WELT TECHNOLOGIES,RU,US OFAC SDN — UKRAINE-EO13662/RUSSIA-EO14024,2026-09-22
PETROCHEM SOUTH EAST LTD,CN,US OFAC SDN — IRAN-EO13846,2026-09-22
PETROCHEMICAL COMMERCIAL COMPANY (U.K.) LIMITED,GB,US OFAC SDN — IRAN,2026-09-22
PETROCHEMICAL COMMERCIAL COMPANY FZE,AE,US OFAC SDN — IRAN,2026-09-22
PETROCHEMICAL COMMERCIAL COMPANY INTERNATIONAL,JE,US OFAC SDN — IRAN,2026-09-22
PETROGAT FZE,AE,US OFAC SDN — IRAN-EO13846,2026-09-22
PETROIRAN DEVELOPMENT COMPANY (PEDCO) LIMITED,JE,US OFAC SDN — IRAN,2026-09-22
PETROKICK LLC,AE,US OFAC SDN — IRAN-EO13846,2026-09-22
PETROLIANCE TRADING FZE,AE,US OFAC SDN — IRAN-EO13846,2026-09-22
PETRONIX ENERGY TRADING LIMITED,CN,US OFAC SDN — IRAN-EO13902,2026-09-22
PETROPARS INTERNATIONAL FZE,AE,US OFAC SDN — IRAN,2026-09-22
PETROPARS LTD.,IR,US OFAC SDN — IRAN,2026-09-22
PETROPARS UK LIMITED,GB,US OFAC SDN — IRAN,2026-09-22
PETROQUIMICO FZE,AE,US OFAC SDN — IRAN-EO13902,2026-09-22
PETROTECH FZE,AE,US OFAC SDN — IRAN-EO13846,2026-09-22
"PETROV, Oleg Vladimirovich",BY,US OFAC SDN — BELARUS-EO14038,2026-09-22
"PETROVICH, Viktor Evgenievich",BY,US OFAC SDN — BELARUS-EO14038,2026-09-22
PEYKASA,IR,US OFAC SDN — IRAN-TRA,2026-09-22
PEYVAND TEJARAT ATIEH IRANIAN COMPANY,IR,US OFAC SDN — IRAN-EO13876,2026-09-22
"PHILIPPE, Mathieu Alain Michel",CH,US OFAC SDN — IRAN-EO13902,2026-09-22
PHO THAE,KP,US OFAC SDN — DPRK,2026-09-22
PHOENIX I,CK,US OFAC SDN — IRAN-EO13846,2026-09-22
PHOENIX LINES S.R.O.,SK,US OFAC SDN — BELARUS-EO14038,2026-09-22
PHOENIX SHIP MANAGEMENT FZE,AE,US OFAC SDN — IRAN-EO13902,2026-09-22
PHONIX,GY,US OFAC SDN — IRAN-EO13902,2026-09-22
PHOTON PRO LLP,GB,US OFAC SDN — RUSSIA-EO14024,2026-09-22
PHYONGCHON SHIPPING & MARINE,KP,US OFAC SDN — DPRK4,2026-09-22
PI RUY GANG,KP,US OFAC SDN — DPRK,2026-09-22
"PIATKEVICH, Natallia Uladzimirauna",ZZ,US OFAC SDN — BELARUS,2026-09-22
PING AN,PA,US OFAC SDN — UKRAINE-EO13662/RUSSIA-EO14024,2026-09-22
PINOCCHIO,LR,US OFAC SDN — IRAN-EO13902,2026-09-22
PIONEER 92,MN,US OFAC SDN — IRAN-EO13902,2026-09-22
PIONEER BENCONT STAR REAL ESTATE,AE,US OFAC SDN — DPRK2,2026-09-22
PIONEER LOGISTICS,TR,US OFAC SDN — IFSR,2026-09-22
PIONEER SAM,PW,US OFAC SDN — IRAN-EO13902,2026-09-22
PIONEER SHIPMANAGEMENT PTE. LTD.,SG,US OFAC SDN — IRAN-EO13846,2026-09-22
PIONEER TANKERS MARINE INCORPORATED,LR,US OFAC SDN — IRAN-EO13902,2026-09-22
"PIRHOSSEINLOO, Pouya",IR,US OFAC SDN — IRAN-EO13846,2026-09-22
"PIRI, Morteza",IR,US OFAC SDN — IRAN-HR,2026-09-22
PISHGAMAN HORIZON DEVELOPMENT IRANIAN BUSINESS TRADING COMPANY,IR,US OFAC SDN — IRAN-EO13876,2026-09-22
PISHRO IRAN FINANCIAL AND INVESTMENT COMPANY,IR,US OFAC SDN — IRAN-EO13876,2026-09-22
PISHRO SYSTEMS RESEARCH COMPANY,IR,US OFAC SDN — NPWMD/IFSR,2026-09-22
"PISKLIN, Mikhail Yur'evich",RU,US OFAC SDN — DPRK3,2026-09-22
PJSC MOSTOTREST,RU,US OFAC SDN — UKRAINE-EO13685,2026-09-22
PJSC VERKHNECHONSKNEFTEGAZ,RU,US OFAC SDN — UKRAINE-EO13662/RUSSIA-EO14024,2026-09-22
PK MARIT,CK,US OFAC SDN — IRAN-EO13846,2026-09-22
PK PHOENIX,PA,US OFAC SDN — IRAN-EO13846,2026-09-22
PLACENCIA SERVICES INCORPORATION,LR,US OFAC SDN — IRAN-EO13902,2026-09-22
"PLAKSINA, Olga",RU,US OFAC SDN — UKRAINE-EO13685,2026-09-22
PLANAR RESEARCH AND PRODUCTION HOLDINGS FOR PRECISION ENGINEERING,BY,US OFAC SDN — BELARUS-EO14038,2026-09-22
"PLISYUK, Mikhail Alekseyevich",RU,US OFAC SDN — UKRAINE-EO13661,2026-09-22
"PLOTNITSKY, Igor Venediktovich",ZZ,US OFAC SDN — UKRAINE-EO13660,2026-09-22
"PLYSHEWSKI, Ihar Anatoljevich",BY,US OFAC SDN — BELARUS,2026-09-22
PLZCOME LIMITED,CN,US OFAC SDN — IRAN-EO13902,2026-09-22
PO CHON,KP,US OFAC SDN — DPRK4,2026-09-22
PO THONG GANG,KP,US OFAC SDN — DPRK,2026-09-22
POCHON SHIPPING & MANAGEMENT,KP,US OFAC SDN — DPRK4,2026-09-22
"PODGORNOVA, Yevgeniya Aleksandrovna",RU,US OFAC SDN — RUSSIA-EO14024,2026-09-22
"PODLINEU, Raman Leanidavich",BY,US OFAC SDN — BELARUS-EO14038,2026-09-22
"PODOBED, Yury Nikolaevich",ZZ,US OFAC SDN — BELARUS,2026-09-22
"POGREBENKOV, Valeriy Ivanovich",RU,US OFAC SDN — NPWMD/CAATSA - RUSSIA,2026-09-22
"POKLONSKAYA, Natalia Vladimirovna",ZZ,US OFAC SDN — UKRAINE-EO13660,2026-09-22
POLARIS 1,IR,US OFAC SDN — IRAN-EO13902,2026-09-22
POLINEX GENERAL TRADING LLC,AE,US OFAC SDN — IRAN,2026-09-22
POLO TRADING,LB,US OFAC SDN — NPWMD,2026-09-22
"POLONSKY, Dmitry Anatolievich",ZZ,US OFAC SDN — UKRAINE-EO13660,2026-09-22
POLOTSK STEKLOVOLOKNO OAO,BY,US OFAC SDN — BELARUS,2026-09-22
POLYNAR COMPANY,IR,US OFAC SDN — IRAN,2026-09-22
"PONOMARYOV, Vyacheslav",ZZ,US OFAC SDN — UKRAINE-EO13660,2026-09-22
"POPOV, Pavel Anatolievich",RU,US OFAC SDN — UKRAINE-EO13661,2026-09-22
PORTEASE PARTNERS LLP,IN,US OFAC SDN — IRAN-EO13846,2026-09-22
POST BANK OF IRAN,IR,US OFAC SDN — IRAN/NPWMD/IFSR,2026-09-22
"POTEMKIN, Aleksey Aleksandrovich",RU,US OFAC SDN — CAATSA - RUSSIA,2026-09-22
"POTEPKIN, Mikhail Sergeyevich",SD,US OFAC SDN — UKRAINE-EO13661,2026-09-22
"POURANSARI, Hashem",ZZ,US OFAC SDN — IRAN,2026-09-22
"POURANVARI, Yoosef",IR,US OFAC SDN — IRAN-EO13846,2026-09-22
"POURJAMSHIDIAN, Ali Akbar",IR,US OFAC SDN — IRGC/IFSR/IRAN-HR,2026-09-22
"POURNAGHSHBAND, Hossein",ZZ,US OFAC SDN — NPWMD/IFSR,2026-09-22
POUYA AIR,IR,US OFAC SDN — NPWMD/IRGC/IFSR,2026-09-22
POUYA CONTROL,IR,US OFAC SDN — NPWMD/IFSR,2026-09-22
POUYA TAMIN KISH,IR,US OFAC SDN — IRAN,2026-09-22
POWER ANCHOR LIMITED,SC,US OFAC SDN — IRAN-EO13871,2026-09-22
POWER PLANT EQUIPMENT MANUFACTURING COMPANY,IR,US OFAC SDN — IRAN,2026-09-22
PP SOFTTECH PRIVATE LIMITED,IN,US OFAC SDN — IRAN-EO13846,2026-09-22
PRAKRUTEES INFRA IMPEX INDIA PRIVATE LIMITED,IN,US OFAC SDN — IRAN-EO13846,2026-09-22
PRATUM OIL TRADING LLC,AE,US OFAC SDN — UKRAINE-EO13662/RUSSIA-EO14024,2026-09-22
PREMIER,BB,US OFAC SDN — UKRAINE-EO13662/RUSSIA-EO14024,2026-09-22
PRESS SUPERVISORY BOARD,IR,US OFAC SDN — IRAN-TRA,2026-09-22
PRESS TV,IR,US OFAC SDN — IRAN-EO13846,2026-09-22
PRETTYANDY TRADING LIMITED,CN,US OFAC SDN — IRAN-EO13902,2026-09-22
"PRIBYSHIN, Taras Kirillovich",RU,US OFAC SDN — UKRAINE-EO13661,2026-09-22
"PRIGOZHIN, Pavel Evgenyevich",RU,US OFAC SDN — RUSSIA-EO14024,2026-09-22
"PRIGOZHIN, Yevgeniy Viktorovich",RU,US OFAC SDN — UKRAINE-EO13661/RUSSIA-EO14024,2026-09-22
"PRIGOZHINA, Lyubov Valentinovna",RU,US OFAC SDN — RUSSIA-EO14024,2026-09-22
"PRIGOZHINA, Polina Evgenyevna",RU,US OFAC SDN — RUSSIA-EO14024,2026-09-22
"PRIKHODKO, Andrei Valeryevich",RU,US OFAC SDN — UKRAINE-EO13662/RUSSIA-EO14024,2026-09-22
PRIME TANKERS LLC,AE,US OFAC SDN — IRAN-EO13902,2026-09-22
PRIMORYE MARITIME LOGISTICS CO LTD,RU,US OFAC SDN — DPRK4,2026-09-22
PRINTING TRADE CENTER GMBH,DE,US OFAC SDN — IRGC/IFSR,2026-09-22
PRIVATE JOINT-STOCK COMPANY MAKO HOLDING,UA,US OFAC SDN — UKRAINE-EO13660,2026-09-22
PRIVATE MILITARY COMPANY 'WAGNER',RU,US OFAC SDN — UKRAINE-EO13660/RUSSIA-EO14024,2026-09-22
PRO MISSION SDN BHD,MY,US OFAC SDN — IRAN-EO13902,2026-09-22
PRO-GAIN GROUP CORPORATION,TW,US OFAC SDN — DPRK3,2026-09-22
"PROFAKTOR, TOV",UA,US OFAC SDN — UKRAINE-EO13660,2026-09-22
PROFINET PTE. LTD.,RU,US OFAC SDN — DPRK4,2026-09-22
PROFU COMPANY LIMITED,CN,US OFAC SDN — IRAN-EO13902,2026-09-22
PROGRESS V,BB,US OFAC SDN — IRAN-EO13846,2026-09-22
PROGWIN SHIPPING SA,CH,US OFAC SDN — IRAN-EO13902,2026-09-22
"PROKOFYEV, Artyom Vyacheslavovich",RU,US OFAC SDN — RUSSIA-EO14024,2026-09-22
"PROKOPENKO, Ivan Pavlovitch",RU,US OFAC SDN — RUSSIA-EO14024,2026-09-22
PROMINENT SHIPMANAGEMENT LIMITED,CN,US OFAC SDN — UKRAINE-EO13662/RUSSIA-EO14024,2026-09-22
PROMSVYAZBANK PUBLIC JOINT STOCK COMPANY,RU,US OFAC SDN — UKRAINE-EO13662/RUSSIA-EO14024,2026-09-22
PROMSYRIOIMPORT,RU,US OFAC SDN — IRAN-EO13902,2026-09-22
PROPITIOUS FOREVER TRADING CO LTD,GB,US OFAC SDN — IRAN-EO13902,2026-09-22
PROTON PETROCHEMICALS SHIPPING LIMITED,CY,US OFAC SDN — IRAN,2026-09-22
"PROTOPOVICH, Tatyana",BY,US OFAC SDN — BELARUS-EO14038,2026-09-22
PROXIMA,BB,US OFAC SDN — UKRAINE-EO13662/RUSSIA-EO14024,2026-09-22
"PRUSAKOVA, Maria Nikolayevna",RU,US OFAC SDN — RUSSIA-EO14024,2026-09-22
PSB AVIALIZING OOO,RU,US OFAC SDN — RUSSIA-EO14024,2026-09-22
PSB BIZNES OOO,RU,US OFAC SDN — RUSSIA-EO14024,2026-09-22
PSB INNOVATIONS AND INVESTMENTS LIMITED LIABILITY COMPANY,RU,US OFAC SDN — RUSSIA-EO14024,2026-09-22
PSB LIZING OOO,RU,US OFAC SDN — RUSSIA-EO14024,2026-09-22
PSB-FOREKS OOO,RU,US OFAC SDN — RUSSIA-EO14024,2026-09-22
PSI DMCC,AE,US OFAC SDN — IRAN-EO13871,2026-09-22
PSKOV,BB,US OFAC SDN — UKRAINE-EO13662/RUSSIA-EO14024,2026-09-22
PSKOVNEFTEPRODUKT OOO,RU,US OFAC SDN — UKRAINE-EO13662/RUSSIA-EO14024,2026-09-22
PT. BINTANG SAMUDRA UTAMA,ID,US OFAC SDN — IRAN-EO13846,2026-09-22
PT. GIANIRA ADHINUSA SENATAMA,ID,US OFAC SDN — IRAN-EO13846,2026-09-22
PT. ORIENTAL COMMERCE GARDEN,ID,US OFAC SDN — IRAN-EO13846,2026-09-22
PU HUNG 1,KP,US OFAC SDN — DPRK4,2026-09-22
PUBLIC JOINT STOCK COMPANY ALROSA,RU,US OFAC SDN — RUSSIA-EO14024,2026-09-22
PUBLIC JOINT STOCK COMPANY BANK FINANCIAL CORPORATION OTKRITIE,RU,US OFAC SDN — RUSSIA-EO14024,2026-09-22
PUBLIC JOINT STOCK COMPANY BANK URALSIB,RU,US OFAC SDN — UKRAINE-EO13662/RUSSIA-EO14024,2026-09-22
PUBLIC JOINT STOCK COMPANY GAZPROM NEFT,RU,US OFAC SDN — UKRAINE-EO13662/RUSSIA-EO14024,2026-09-22
PUBLIC JOINT STOCK COMPANY INSURANCE COMPANY ROSGOSSTRAKH,RU,US OFAC SDN — RUSSIA-EO14024,2026-09-22
PUBLIC JOINT STOCK COMPANY INTEGRAL,BY,US OFAC SDN — BELARUS-EO14038,2026-09-22
PUBLIC JOINT STOCK COMPANY KB VOSTOCHNY,RU,US OFAC SDN — RUSSIA-EO14024,2026-09-22
PUBLIC JOINT STOCK COMPANY MTS BANK,RU,US OFAC SDN — UKRAINE-EO13662/RUSSIA-EO14024,2026-09-22
PUBLIC JOINT STOCK COMPANY PIK SPECIALIZED HOMEBUILDER,RU,US OFAC SDN — UKRAINE-EO13662/RUSSIA-EO14024,2026-09-22
PUBLIC JOINT STOCK COMPANY PIPE METALLURGICAL COMPANY,RU,US OFAC SDN — UKRAINE-EO13662/RUSSIA-EO14024,2026-09-22
PUBLIC JOINT STOCK COMPANY ROSBANK,RU,US OFAC SDN — UKRAINE-EO13662/RUSSIA-EO14024,2026-09-22
PUBLIC JOINT STOCK COMPANY SBERBANK OF RUSSIA,RU,US OFAC SDN — UKRAINE-EO13662/RUSSIA-EO14024,2026-09-22
PUBLIC JOINT STOCK COMPANY SEVERSTAL,RU,US OFAC SDN — UKRAINE-EO13662/RUSSIA-EO14024,2026-09-22
PUBLIC JOINT STOCK COMPANY SPB BANK,RU,US OFAC SDN — UKRAINE-EO13662/RUSSIA-EO14024,2026-09-22
PUBLIC JOINT STOCK COMPANY TRANSKAPITALBANK,RU,US OFAC SDN — UKRAINE-EO13662/RUSSIA-EO14024,2026-09-22
PUBLIC JOINT STOCK COMPANY UNITED AIRCRAFT CORPORATION,RU,US OFAC SDN — UKRAINE-EO13662/RUSSIA-EO14024,2026-09-22
PUBLIC JOINT STOCK COMPANY URAL BANK FOR RECONSTRUCTION AND DEVELOPMENT,RU,US OFAC SDN — RUSSIA-EO14024,2026-09-22
PUBLIC JOINT STOCK COMPANY YAKOVLEV,RU,US OFAC SDN — UKRAINE-EO13662/RUSSIA-EO14024,2026-09-22
PUBLIC JOINT-STOCK COMPANY ODK-KUZNETSOV,RU,US OFAC SDN — RUSSIA-EO14024,2026-09-22
PUBLIC JOINT-STOCK COMPANY ODK-UFIMSKOYE MOTOROSTROITELNOYE PRODUCTION ASSOCIATION,RU,US OFAC SDN — RUSSIA-EO14024,2026-09-22
PUBLICHNOE AKTSIONERNOE OBSCHESTVO SOLLERS,RU,US OFAC SDN — UKRAINE-EO13662/RUSSIA-EO14024,2026-09-22
PUBLICHNOE AKTSIONERNOE OBSHCHESTVO MECHEL,RU,US OFAC SDN — UKRAINE-EO13662/RUSSIA-EO14024,2026-09-22
PUBLICHNOE AKTSIONERNOE OBSHCHESTVO RASPADSKAYA,RU,US OFAC SDN — UKRAINE-EO13662/RUSSIA-EO14024,2026-09-22
"PUCHKOV, Andrey Sergeyevich",RU,US OFAC SDN — RUSSIA-EO14024,2026-09-22
"PULA, Varun",IN,US OFAC SDN — IRAN-EO13902,2026-09-22
PUMBA,LR,US OFAC SDN — IRAN-EO13902,2026-09-22
"PUNTI, Pere",ZZ,US OFAC SDN — NPWMD/IFSR,2026-09-22
PURDUE STELLAR,HK,US OFAC SDN — IRAN-EO13902,2026-09-22
"PURGIN, Andrey Yevgenyevich",ZZ,US OFAC SDN — UKRAINE-EO13660,2026-09-22
PURNA,GM,US OFAC SDN — IRAN-EO13902,2026-09-22
"PUSHILIN, Denis",ZZ,US OFAC SDN — UKRAINE-EO13660,2026-09-22
"PUSHKOV, Alexei Konstantinovich",RU,US OFAC SDN — UKRAINE-EO13661/RUSSIA-EO14024,2026-09-22
"PUTIN, Vladimir Vladimirovich",RU,US OFAC SDN — RUSSIA-EO14024,2026-09-22
PYONGJIN SHIP MANAGEMENT COMPANY LIMITED,KP,US OFAC SDN — DPRK,2026-09-22
PYONGYANG UNIVERSITY OF AUTOMATION,KP,US OFAC SDN — DPRK2,2026-09-22
"PYRKOVA, Ekaterina Eduardovna",UA,US OFAC SDN — UKRAINE-EO13660,2026-09-22
PYTHON,BB,US OFAC SDN — UKRAINE-EO13662/RUSSIA-EO14024,2026-09-22
PZNFR TRADING LIMITED,CN,US OFAC SDN — IRAN-EO13846,2026-09-22
QARCHAK PRISON,IR,US OFAC SDN — CAATSA - IRAN,2026-09-22
"QASEMI, Rostam",IR,US OFAC SDN — NPWMD/IRGC/IFSR,2026-09-22
QATRAT ALNADA ALMASI SHIP MANAGEMENT L.L.C,AE,US OFAC SDN — IRAN-EO13902,2026-09-22
QESHM ARIAN DATIS SOFTWARE COMPANY,IR,US OFAC SDN — IRAN-EO13902,2026-09-22
QESHM MADKANDALOO SHIPBUILDING COOPERATIVE CO,IR,US OFAC SDN — NPWMD/IFSR,2026-09-22
QESHM ZINC SMELTING AND REDUCTION COMPANY,IR,US OFAC SDN — IFSR,2026-09-22
QI GROUP LIMITED,CN,US OFAC SDN — IRAN-EO13846,2026-09-22
QINGDAO CONSTRUCTION (NAMIBIA) CC,NA,US OFAC SDN — DPRK3,2026-09-22
"QINGDAO HAIYE OIL TERMINAL CO., LTD.",CN,US OFAC SDN — IRAN-EO13846,2026-09-22
"QINGDAO HEXIN UNITED INTERNATIONAL SHIPPING AGENCY CO., LTD.",CN,US OFAC SDN — IRAN-EO13902,2026-09-22
QINGDAO HEZHI BUSINESS SERVICE CO LTD,CN,US OFAC SDN — UKRAINE-EO13662/RUSSIA-EO14024,2026-09-22
QINGDAO OCEAN KIMO SHIP MANAGEMENT CO LTD,CN,US OFAC SDN — IRAN-EO13846,2026-09-22
"QINGDAO PORT HAIYE DONGJIAKOU OIL PRODUCTS CO., LTD",CN,US OFAC SDN — IRAN-EO13846,2026-09-22
QINGYUAN FO FENG LEDA SUPPLY CHAIN SERVICE CO LTD,CN,US OFAC SDN — UKRAINE-EO13662/RUSSIA-EO14024,2026-09-22
QODS AVIATION INDUSTRIES,IR,US OFAC SDN — NPWMD/IFSR/IRAN-CON-ARMS-EO/RUSSIA-EO14024,2026-09-22
"QOMI, Mohsen",IR,US OFAC SDN — IRAN-EO13876,2026-09-22
QUANGVIETDNBG INTERNATIONAL SERVICES COMPANY LIMITED,VN,US OFAC SDN — DPRK4,2026-09-22
"QUANZHOU YIYANGJIN IMPORT AND EXPORT TRADE CO., LTD.",CN,US OFAC SDN — DPRK3,2026-09-22
QUDS RAZAVI HOUSING AND CONSTRUCTION CO.,IR,US OFAC SDN — IRAN-EO13876,2026-09-22
QUDS RAZAVI MINES CO.,IR,US OFAC SDN — IRAN-EO13876,2026-09-22
QUDS RAZAVI TRADITIONAL TILE CO.,IR,US OFAC SDN — IRAN-EO13876,2026-09-22
QUESTANO HK LIMITED,CN,US OFAC SDN — IRAN-EO13902,2026-09-22
"QUWAYDIR, Muhammed Bin-Muhammed Faris",SY,US OFAC SDN — NPWMD,2026-09-22
RA HAVACILIK LOJISTIK VE TASIMACILIK TICARET LIMITED,TR,US OFAC SDN — IFSR,2026-09-22
RA NAM 2,KP,US OFAC SDN — DPRK3,2026-09-22
RA NAM 3,KP,US OFAC SDN — DPRK3,2026-09-22
"RA, Kyong-Su",CN,US OFAC SDN — NPWMD,2026-09-22
RA-02791,ZZ,US OFAC SDN — UKRAINE-EO13661,2026-09-22
RAAHBAR INFORMATICS SERVICES,IR,US OFAC SDN — IRAN,2026-09-22
"RABIEE, Hamid Reza",IR,US OFAC SDN — NPWMD/IFSR,2026-09-22
"RADAN, Ahmad-Reza",ZZ,US OFAC SDN — IRAN-HR,2026-09-22
RADIATION APPLICATIONS DEVELOPMENT COMPANY,IR,US OFAC SDN — IRAN,2026-09-22
RADIOAVTOMATIKA LLC,RU,US OFAC SDN — RUSSIA-EO14024,2026-09-22
"RADKOV, Aleksandr Mikhailovich",ZZ,US OFAC SDN — BELARUS,2026-09-22
"RADOMSKAYA, Elena Vladimirovna",UA,US OFAC SDN — UKRAINE-EO13660,2026-09-22
RAFORT LIMITED LIABILITY COMPANY,RU,US OFAC SDN — DPRK,2026-09-22
RAH NEGAR PARS MIDDLE EAST COMPANY,IR,US OFAC SDN — IRAN-EO13876,2026-09-22
RAH SAHEL INSTITUTE,IR,US OFAC SDN — NPWMD/IRGC/IFSR,2026-09-22
RAHAB INSTITUTE,IR,US OFAC SDN — NPWMD/IRGC/IFSR,2026-09-22
RAHBARAN OMID DARYA SHIP MANAGEMENT CO.,IR,US OFAC SDN — IRAN,2026-09-22
"RAHIMI, Hossein",IR,US OFAC SDN — IRAN-HR,2026-09-22
"RAHIMYAR, Amir Hossein",IR,US OFAC SDN — NPWMD/IFSR,2026-09-22
"RAHMAN, Reza Kazemifar",IR,US OFAC SDN — IRGC/IFSR,2026-09-22
"RAHMANI FAZLI, Abdolreza",IR,US OFAC SDN — IRAN/IRAN-HR,2026-09-22
"RAHPEYK, Siamak",IR,US OFAC SDN — IRAN-EO13876,2026-09-22
"RAISI, Ebrahim",IR,US OFAC SDN — IRAN-EO13876,2026-09-22
"RAJA, Iyappan",IN,US OFAC SDN — IRAN-EO13902,2026-09-22
"RAJABIESLAMI, Morteza",AE,US OFAC SDN — IRAN-EO13846,2026-09-22
RAJAEE SHAHR PRISON,IR,US OFAC SDN — IRAN-HR,2026-09-22
RAK RANG,KP,US OFAC SDN — DPRK4,2026-09-22
RAK WON 2,KP,US OFAC SDN — DPRK,2026-09-22
"RAKHMANAVA, Maryna Jurjewna",BY,US OFAC SDN — BELARUS,2026-09-22
RAMAN COMPANY,IR,US OFAC SDN — IRAN-EO13876,2026-09-22
"RAMEZANIAN SANI, Gholamreza",IR,US OFAC SDN — IRAN-HR,2026-09-22
RAMNIKLAL S GOSALIA AND COMPANY,IN,US OFAC SDN — IRAN-EO13846,2026-09-22
RAMOR GROUP,TR,US OFAC SDN — NPWMD/IFSR,2026-09-22
"RAMSHEH, Ali Reza Nurian",IR,US OFAC SDN — IRGC/IFSR,2026-09-22
RAMYA,BB,US OFAC SDN — IRAN-EO13902,2026-09-22
RANA INTELLIGENCE COMPUTING COMPANY,IR,US OFAC SDN — IRAN-HR,2026-09-22
"RANGI, Harish Ramchandra",IN,US OFAC SDN — IRAN-EO13846,2026-09-22
RANI,PA,US OFAC SDN — IRAN-EO13902,2026-09-22
RANTANPLAN,LR,US OFAC SDN — IRAN-EO13902,2026-09-22
RASHED EXCHANGE,ZZ,US OFAC SDN — IRGC/IFSR,2026-09-22
"RASHEDI, Naser",IR,US OFAC SDN — IRAN-HR,2026-09-22
RASHID SAMANEH ELECTRONIC PROCESSING COMPANY,IR,US OFAC SDN — IRAN-EO13902,2026-09-22
"RASHID, Gholam Ali",IR,US OFAC SDN — IRAN-EO13876,2026-09-22
"RASHIDI-BARJINI, Aliakbar",IR,US OFAC SDN — IRGC/IFSR,2026-09-22
"RASHNO, Mehdi",IR,US OFAC SDN — IRAN-EO13902,2026-09-22
RASON INTERNATIONAL COMMERCIAL BANK,KP,US OFAC SDN — DPRK3,2026-09-22
"RASOULI, Mohammadbagher",IR,US OFAC SDN — IRAN-HR,2026-09-22
"RASSALAI, Viachaslau Yevgenyevich",BY,US OFAC SDN — BELARUS-EO14038,2026-09-22
RASTAFANN ERTEBAT ENGINEERING COMPANY,IR,US OFAC SDN — NPWMD/IFSR,2026-09-22
RASTIN KHADAMAT PARSIAN COMPANY,IR,US OFAC SDN — IRAN,2026-09-22
"RAVANKAR, Mansur",IR,US OFAC SDN — IRGC/IFSR,2026-09-22
"RAVENALA TRADING CO., LIMITED",CN,US OFAC SDN — IRAN-EO13902,2026-09-22
RAVI LINES INC,MH,US OFAC SDN — IRAN-EO13902,2026-09-22
RAYAN ROSHD AFZAR COMPANY,IR,US OFAC SDN — NPWMD/IFSR,2026-09-22
RAYBEAM OPTRONICS CO. LTD.,CN,US OFAC SDN — NPWMD/IFSR,2026-09-22
"RAYTRONIC CORPORATION, LIMITED",CN,US OFAC SDN — NPWMD/IFSR,2026-09-22
RAYYA DANISMANLIK HIZMETLERI LIMITED SIRKETI,TR,US OFAC SDN — BELARUS-EO14038,2026-09-22
"RAYYA, Samer",LB,US OFAC SDN — BELARUS-EO14038,2026-09-22
RAYYAN GAS,PW,US OFAC SDN — IRAN-EO13846,2026-09-22
RAZAVI BROKERAGE FIRM,IR,US OFAC SDN — IRAN-EO13876,2026-09-22
RAZAVI ECONOMIC ORGANIZATION,IR,US OFAC SDN — IRAN-EO13876,2026-09-22
RAZAVI INFORMATION AND COMMUNICATION TECHNOLOGY CO.,IR,US OFAC SDN — IRAN-EO13876,2026-09-22
RAZAVI OIL AND GAS DEVELOPMENT CO.,IR,US OFAC SDN — IRAN-EO13876,2026-09-22
RAZAVI SUPPLY CHAIN MANAGEMENT CO.,IR,US OFAC SDN — IRAN-EO13876,2026-09-22
"RAZAVI, Esma'il",IR,US OFAC SDN — IRGC/IFSR,2026-09-22
"RAZAVI, Morteza",ZZ,US OFAC SDN — NPWMD/IFSR,2026-09-22
"RAZVOZHAEV, Mikhail Vladimirovich",UA,US OFAC SDN — UKRAINE-EO13660,2026-09-22
RCELEBRA,CM,US OFAC SDN — IRAN-EO13846,2026-09-22
RECONNAISSANCE GENERAL BUREAU,KP,US OFAC SDN — DPRK/DPRK2,2026-09-22
RECONSTRUCTION ORGANIZATION OF HOLY SHRINES IN IRAQ,IR,US OFAC SDN — IRGC/IFSR,2026-09-22
RED SEA SHIP MANAGEMENT LLC,AE,US OFAC SDN — IRAN-EO13902,2026-09-22
REEL SHIPPING L.L.C,AE,US OFAC SDN — IRAN-EO13902,2026-09-22
REEM PHARMACEUTICAL,LB,US OFAC SDN — IRGC/IFSR,2026-09-22
REGAL LIBERTY LIMITED,VG,US OFAC SDN — IRAN-EO13902,2026-09-22
REGENT BALTICA COMPANY LIMITED,RU,US OFAC SDN — UKRAINE-EO13662/RUSSIA-EO14024,2026-09-22
"REIHANI, Jaber",IR,US OFAC SDN — IRAN-CON-ARMS-EO,2026-09-22
"REMEZKOV, Alexander Aleksandrovich",RU,US OFAC SDN — RUSSIA-EO14024,2026-09-22
RENOVA GROUP,RU,US OFAC SDN — UKRAINE-EO13662,2026-09-22
REPUBLICAN PRODUCTION AND TRADE UNITARY ENTERPRISE MANAGEMENT COMPANY OF THE HOLDING BELARUSIAN CEMENT COMPANY,BY,US OFAC SDN — BELARUS-EO14038,2026-09-22
REPUBLICAN STATE PUBLIC ASSOCIATION PRESIDENTIAL SPORTS CLUB,BY,US OFAC SDN — BELARUS,2026-09-22
REPUBLICAN UNITARY ENTERPRISE BELTAMOZHSERVICE,BY,US OFAC SDN — BELARUS-EO14038,2026-09-22
REPUBLICAN UNITARY ENTERPRISE TSENTRKURORT,BY,US OFAC SDN — BELARUS-EO14038,2026-09-22
REPUTABLE TRADING SOURCE LLC,OM,US OFAC SDN — IRAN-EO13871,2026-09-22
RESORT NIZHNYAYA OREANDA,UA,US OFAC SDN — UKRAINE-EO13685,2026-09-22
RESTON,CM,US OFAC SDN — IRAN-EO13902,2026-09-22
REY INVESTMENT COMPANY,IR,US OFAC SDN — IRAN,2026-09-22
REY NIRU ENGINEERING COMPANY,IR,US OFAC SDN — IRAN/IRAN-EO13876,2026-09-22
REYCO GMBH.,DE,US OFAC SDN — IRAN,2026-09-22
"REYHANI, Bahman",IR,US OFAC SDN — IRGC/IFSR/IRAN-HR,2026-09-22
"REZA'I, Mohsen",IR,US OFAC SDN — IRAN-EO13876,2026-09-22
"REZAEI, Qasem",IR,US OFAC SDN — IRAN-HR,2026-09-22
"REZAIE, Morteza",ZZ,US OFAC SDN — NPWMD/IRGC/IFSR,2026-09-22
"REZNIK, Vladislav Matusovich",RU,US OFAC SDN — UKRAINE-EO13661/RUSSIA-EO14024,2026-09-22
"REZVANI, Ali",IR,US OFAC SDN — IRAN-EO13846,2026-09-22
"REZVANIANZADEH, Mohammed Reza",ZZ,US OFAC SDN — IRAN,2026-09-22
RHINE SHIPPING DMCC,AE,US OFAC SDN — IRAN-EO13902,2026-09-22
"RI, Chang Ho",KP,US OFAC SDN — DPRK2,2026-09-22
"RI, Chong Chol",ZZ,US OFAC SDN — DPRK2,2026-09-22
"RI, Chun Hwan",CN,US OFAC SDN — DPRK2,2026-09-22
"RI, Chun Song",CN,US OFAC SDN — DPRK2,2026-09-22
"RI, Ho Nam",CN,US OFAC SDN — DPRK4,2026-09-22
"RI, Hong-Sop",KP,US OFAC SDN — NPWMD,2026-09-22
"RI, Jae Il",KP,US OFAC SDN — DPRK2,2026-09-22
"RI, Je-Son",KP,US OFAC SDN — NPWMD,2026-09-22
"RI, Jin Hyok",CN,US OFAC SDN — DPRK3,2026-09-22
"RI, Jong Won",RU,US OFAC SDN — DPRK2,2026-09-22
"RI, Man Gon",KP,US OFAC SDN — DPRK2,2026-09-22
"RI, Myong Hun",KP,US OFAC SDN — DPRK2,2026-09-22
"RI, Pyong Chol",KP,US OFAC SDN — DPRK2,2026-09-22
"RI, Sok",CN,US OFAC SDN — DPRK3,2026-09-22
"RI, Song Chol",KP,US OFAC SDN — DPRK3,2026-09-22
"RI, Song Un",MN,US OFAC SDN — DPRK2,2026-09-22
"RI, Song-hyok",CN,US OFAC SDN — DPRK3,2026-09-22
"RI, Su Yong",CU,US OFAC SDN — NPWMD,2026-09-22
"RI, Sung Il",IR,US OFAC SDN — DPRK,2026-09-22
"RI, Thae Chol",ZZ,US OFAC SDN — DPRK2,2026-09-22
"RI, Tok Jin",CN,US OFAC SDN — DPRK2,2026-09-22
"RI, U'n-so'ng",RU,US OFAC SDN — DPRK4,2026-09-22
"RI, Won Ho",EG,US OFAC SDN — DPRK2,2026-09-22
"RI, Yong Gil",KP,US OFAC SDN — DPRK2,2026-09-22
"RI, Yong Mu",KP,US OFAC SDN — DPRK2,2026-09-22
RIEVERIA I,SM,US OFAC SDN — IRAN-EO13846,2026-09-22
RIGEL,BB,US OFAC SDN — UKRAINE-EO13662/RUSSIA-EO14024,2026-09-22
RIO NAPO,CK,US OFAC SDN — IRAN-EO13902,2026-09-22
RISHABH TRIEXIM LLP,IN,US OFAC SDN — IRAN-EO13846,2026-09-22
RISHMAK PRODUCTIVE & EXPORTS COMPANY,IR,US OFAC SDN — IRAN,2026-09-22
RISING PHOENIX PROVIDER NV,SR,US OFAC SDN — IRAN-EO13846,2026-09-22
RITA SHIPPING INC,MH,US OFAC SDN — IRAN-EO13846,2026-09-22
RIVIERA SUNRISE RESORT & SPA,UA,US OFAC SDN — UKRAINE-EO13685,2026-09-22
"RIZHAO SHIHUA CRUDE OIL TERMINAL CO., LTD.",CN,US OFAC SDN — IRAN-EO13902,2026-09-22
"RK BRIZ, OOO",RU,US OFAC SDN — DPRK2,2026-09-22
RN AMUR,RU,US OFAC SDN — UKRAINE-EO13662/RUSSIA-EO14024,2026-09-22
RN BURENIE LIMITED LIABILITY COMPANY,RU,US OFAC SDN — UKRAINE-EO13662/RUSSIA-EO14024,2026-09-22
RN KOMSOMOLSKIY REFINERY LLC,RU,US OFAC SDN — UKRAINE-EO13662/RUSSIA-EO14024,2026-09-22
RN SAKHALIN,RU,US OFAC SDN — UKRAINE-EO13662/RUSSIA-EO14024,2026-09-22
RN USSURI,RU,US OFAC SDN — UKRAINE-EO13662/RUSSIA-EO14024,2026-09-22
RN VANKOR,RU,US OFAC SDN — UKRAINE-EO13662/RUSSIA-EO14024,2026-09-22
RN-GRP LLC,RU,US OFAC SDN — UKRAINE-EO13662/RUSSIA-EO14024,2026-09-22
RN-YUGANSKNEFTEGAZ LLC,RU,US OFAC SDN — UKRAINE-EO13662/RUSSIA-EO14024,2026-09-22
"RO, Kwang Chol",KP,US OFAC SDN — DPRK2,2026-09-22
ROAD,BB,US OFAC SDN — IRAN-EO13846,2026-09-22
ROB,LR,US OFAC SDN — IRAN-EO13902,2026-09-22
ROBERTA,LR,US OFAC SDN — IRAN-EO13902,2026-09-22
ROBINBEST LIMITED,GB,US OFAC SDN — IRAN-EO13902,2026-09-22
"RODKIN, Andrei Nikolaevich",ZZ,US OFAC SDN — UKRAINE-EO13660,2026-09-22
"ROGOZIN, Dmitry Olegovich",ZZ,US OFAC SDN — UKRAINE-EO13661,2026-09-22
"ROMASHKIN, Ruslan",ZZ,US OFAC SDN — UKRAINE-EO13661,2026-09-22
"RONAGHI, Iraj",IR,US OFAC SDN — IFSR,2026-09-22
ROSE SHIPPING LIMITED,LR,US OFAC SDN — IRAN-EO13902,2026-09-22
ROSHAK,IR,US OFAC SDN — IRAN/NPWMD/IFSR,2026-09-22
"ROSHAN, Gholamreza",IR,US OFAC SDN — IRAN-HR,2026-09-22
ROSNEFT TRADING S.A.,CH,US OFAC SDN — UKRAINE-EO13662,2026-09-22
ROSOBORONEKSPORT OAO,RU,US OFAC SDN — UKRAINE-EO13662/IRAN-CON-ARMS-EO/RUSSIA-EO14024,2026-09-22
"ROSTAMI CHESHMEH GACHI, Mohammad",IR,US OFAC SDN — IRAN-HR,2026-09-22
"ROSTAMIAN, Kambiz",AE,US OFAC SDN — NPWMD/IFSR,2026-09-22
"ROTENBERG, Arkady Romanovich",RU,US OFAC SDN — UKRAINE-EO13661/RUSSIA-EO14024,2026-09-22
"ROTENBERG, Boris Borisovich",RU,US OFAC SDN — RUSSIA-EO14024,2026-09-22
"ROTENBERG, Boris Romanovich",RU,US OFAC SDN — UKRAINE-EO13661/RUSSIA-EO14024,2026-09-22
"ROTENBERG, Igor Arkadyevich",RU,US OFAC SDN — UKRAINE-EO13662/RUSSIA-EO14024,2026-09-22
"ROTENBERG, Liliya Arkadievna",RU,US OFAC SDN — RUSSIA-EO14024,2026-09-22
"ROTENBERG, Pavel Arkadyevich",RU,US OFAC SDN — RUSSIA-EO14024,2026-09-22
"ROTENBERG, Roman Borisovich",RU,US OFAC SDN — UKRAINE-EO13661/RUSSIA-EO14024,2026-09-22
ROYAL ARYA CO.,IR,US OFAC SDN — IRAN,2026-09-22
ROYAL PEARL GENERAL T.R.D.,AE,US OFAC SDN — NPWMD/IFSR,2026-09-22
ROYAL SHUNE LEI COMPANY LIMITED,MM,US OFAC SDN — DPRK,2026-09-22
RPK NORD LIMITED LIABILITY COMPANY,RU,US OFAC SDN — UKRAINE-EO13662/RUSSIA-EO14024,2026-09-22
RT-INFORM LIMITED LIABILITY COMPANY,RU,US OFAC SDN — UKRAINE-EO13662/RUSSIA-EO14024,2026-09-22
"RUDENKO, Miroslav Vladimirovich",UA,US OFAC SDN — UKRAINE-EO13660,2026-09-22
RUKBAT MARINE SERVICES CO,IN,US OFAC SDN — IRAN-EO13902,2026-09-22
RUNC EXCHANGE SYSTEM COMPANY,IR,US OFAC SDN — IRAN-EO13902,2026-09-22
RUNG RA 1,KP,US OFAC SDN — DPRK4,2026-09-22
RUNG RA 2,KP,US OFAC SDN — DPRK4,2026-09-22
RUNG RA DO,KP,US OFAC SDN — DPRK4,2026-09-22
"RUNLING, Ruan",ZZ,US OFAC SDN — NPWMD/IFSR,2026-09-22
"RUSAKEVICH, Vladimir Vasilyevich",ZZ,US OFAC SDN — BELARUS,2026-09-22
RUSGAZALYANS,RU,US OFAC SDN — UKRAINE-EO13662/RUSSIA-EO14024,2026-09-22
RUSKONSALT,RU,US OFAC SDN — RUSSIA-EO14024,2026-09-22
RUSSIAN AEROSPACE FORCES,RU,US OFAC SDN — IRAN-CON-ARMS-EO/RUSSIA-EO14024,2026-09-22
RUSSIAN AGENCY FOR EXPORT CREDIT AND INVESTMENT INSURANCE OJSC,RU,US OFAC SDN — UKRAINE-EO13662/RUSSIA-EO14024,2026-09-22
RUSSIAN DIRECT INVESTMENT FUND,RU,US OFAC SDN — UKRAINE-EO13662/RUSSIA-EO14024,2026-09-22
RUSSIAN FEDERAL NUCLEAR CENTER - ZABABAKHIN ALL-RUSSIA RESEARCH INSTITUTE OF TECHNICAL PHYSICS,RU,US OFAC SDN — UKRAINE-EO13662/RUSSIA-EO14024,2026-09-22
RUSSIAN FINANCIAL CORPORATION,RU,US OFAC SDN — DPRK3/RUSSIA-EO14024,2026-09-22
RUSSIAN MACHINES,RU,US OFAC SDN — UKRAINE-EO13661/UKRAINE-EO13662,2026-09-22
RUSSIAN NATIONAL COMMERCIAL BANK,RU,US OFAC SDN — UKRAINE-EO13685,2026-09-22
RUZEKSPEDITSIYA LLC,BY,US OFAC SDN — BELARUS-EO14038,2026-09-22
"RYAN, Damion Patrick John",CA,US OFAC SDN — IRAN-HR,2026-09-22
"RYANG, Tae Chol",CN,US OFAC SDN — DPRK2,2026-09-22
"RYAUZOV, Denis Yuryevich",RU,US OFAC SDN — UKRAINE-EO13660,2026-09-22
"RYBAKOV, Andrei Alekseevich",BY,US OFAC SDN — BELARUS,2026-09-22
RYE SONG GANG 1,KP,US OFAC SDN — DPRK4,2026-09-22
"RYMASHEUSKI, Aliaksei Ivanavich",BY,US OFAC SDN — BELARUS-EO14038,2026-09-22
RYO MYONG,KP,US OFAC SDN — DPRK3,2026-09-22
"RYOM, Hui-bong",AE,US OFAC SDN — DPRK4,2026-09-22
RYONG GANG 2,KP,US OFAC SDN — DPRK,2026-09-22
RYONG GUN BONG,KP,US OFAC SDN — DPRK,2026-09-22
"RYU, Jin",ZZ,US OFAC SDN — DPRK2,2026-09-22
RYUGYONG COMMERCIAL BANK,KP,US OFAC SDN — DPRK4,2026-09-22
RYUJONG CREDIT BANK,KP,US OFAC SDN — DPRK4,2026-09-22
"RYZHENKIN, Leonid Kronidovich",RU,US OFAC SDN — UKRAINE-EO13685,2026-09-22
"RYZHKOV, Nikolai Ivanovich",RU,US OFAC SDN — UKRAINE-EO13661/RUSSIA-EO14024,2026-09-22
S E A SHIP MANAGEMENT LLC,AE,US OFAC SDN — IRAN-EO13902,2026-09-22
S M A,CK,US OFAC SDN — IRAN-EO13902,2026-09-22
S M A SHIPPING INC.,PA,US OFAC SDN — IRAN-EO13902,2026-09-22
S. GROUP AIRLINES LTD,CY,US OFAC SDN — BELARUS-EO14038,2026-09-22
SAAD SAZEH FARAZ SHARIF,IR,US OFAC SDN — IRAN-CON-ARMS-EO,2026-09-22
SABA STEEL,IR,US OFAC SDN — IRAN-EO13871,2026-09-22
"SABERIAN, Reza Mohammad Amin",IR,US OFAC SDN — IRGC/IFSR,2026-09-22
SABERIN KISH COMPANY,IR,US OFAC SDN — NPWMD/IRGC/IFSR,2026-09-22
SABITI,PA,US OFAC SDN — IRAN,2026-09-22
SABLE,PA,US OFAC SDN — UKRAINE-EO13662/RUSSIA-EO14024,2026-09-22
SABRINA,IR,US OFAC SDN — IRAN/NPWMD/IFSR,2026-09-22
"SABURINEZHAD, Hasan",IR,US OFAC SDN — IRGC/IFSR,2026-09-22
SAD IMPORT EXPORT COMPANY,IR,US OFAC SDN — NPWMD/IFSR,2026-09-22
SADAF PETROCHEMICAL ASSALUYEH COMPANY,IR,US OFAC SDN — IRAN,2026-09-22
SADASHIVA OVERSEAS LIMITED,IN,US OFAC SDN — IRAN-EO13846,2026-09-22
"SADATI, Seyyed Mahmoud",IR,US OFAC SDN — CAATSA - IRAN,2026-09-22
"SADEGHI MOGHADAM, Mohammad Hasan",IR,US OFAC SDN — IRAN-EO13876,2026-09-22
"SADEGHI, Kiya",IR,US OFAC SDN — IRAN-HR,2026-09-22
SADID CARAN SABA ENGINEERING COMPANY,IR,US OFAC SDN — NPWMD/IFSR,2026-09-22
"SADOVENKO, Yuriy",RU,US OFAC SDN — RUSSIA-EO14024,2026-09-22
"SAEEDI, Mohammed",ZZ,US OFAC SDN — IRAN,2026-09-22
"SAFARI, Amirhossein",IR,US OFAC SDN — IRAN-HR,2026-09-22
"SAFAVI, Seyyed Khalil",IR,US OFAC SDN — IRAN-HR,2026-09-22
"SAFAVI, Yahya Rahim",ZZ,US OFAC SDN — NPWMD/IRGC/IFSR,2026-09-22
"SAFDARI, Masoud",IR,US OFAC SDN — IRGC/IRAN-HR,2026-09-22
"SAFDARI, Seyed Jaber",ZZ,US OFAC SDN — IRAN,2026-09-22
SAFETY EQUIPMENT PROCUREMENT COMPANY,IR,US OFAC SDN — NPWMD/IFSR,2026-09-22
SAFIRAN PAYAM DARYA SHIPPING COMPANY,IR,US OFAC SDN — IRAN,2026-09-22
SAGA,BB,US OFAC SDN — UKRAINE-EO13662/RUSSIA-EO14024,2026-09-22
SAGE ENERGY HK LIMITED,HK,US OFAC SDN — IRAN-EO13846,2026-09-22
SAGITTA,PA,US OFAC SDN — UKRAINE-EO13662/RUSSIA-EO14024,2026-09-22
SAHEL CONSULTANT ENGINEERS,IR,US OFAC SDN — NPWMD/IRGC/IFSR,2026-09-22
"SAHIN, Huseyin",TR,US OFAC SDN — DPRK,2026-09-22
SAI SABURI CONSULTING SERVICES PRIVATE LIMITED,IN,US OFAC SDN — IRAN-EO13846,2026-09-22
"SAID, Salim Ahmed",AE,US OFAC SDN — IRAN-EO13902,2026-09-22
SAINT-PETERSBURG INTERNATIONAL BANKING CONFERENCE LLC,RU,US OFAC SDN — RUSSIA-EO14024,2026-09-22
"SAJEDINIA, Hossein",IR,US OFAC SDN — IRAN-HR,2026-09-22
"SAJJAD, Rasoul",IR,US OFAC SDN — IRGC/IFSR,2026-09-22
"SAJJADI, Seyyed Mahmoud Reza",IR,US OFAC SDN — IRAN-EO13902,2026-09-22
SAKARYA,PA,US OFAC SDN — UKRAINE-EO13662/RUSSIA-EO14024,2026-09-22
SAKHATRANS LLC,RU,US OFAC SDN — UKRAINE-EO13661,2026-09-22
SAKHTEMAN INTERNATIONAL DEVELOPMENT,IR,US OFAC SDN — IRAN,2026-09-22
"SAKR, Hatem Elsaid Farid Ibrahim",AE,US OFAC SDN — IRAN-EO13902,2026-09-22
"SALAMI, Samad Fathi",IR,US OFAC SDN — IRGC/IFSR,2026-09-22
"SALAVATI, Abolghassem",IR,US OFAC SDN — IRAN/IRAN-TRA,2026-09-22
SALEDIGE TRADING LIMITED,CN,US OFAC SDN — IRAN-EO13902,2026-09-22
"SALEHI, Foad",ZZ,US OFAC SDN — IRGC/IFSR,2026-09-22
"SALIMI, Hosein",IR,US OFAC SDN — NPWMD/IRGC/IFSR,2026-09-22
SALINA,IR,US OFAC SDN — IRAN,2026-09-22
SALITA TRADE LIMITED,CN,US OFAC SDN — IRAN-EO13846,2026-09-22
"SALMANI, Komeil Baradaran",IR,US OFAC SDN — IRGC/IFSR,2026-09-22
SALTY WOLF,PA,US OFAC SDN — UKRAINE-EO13662/RUSSIA-EO14024,2026-09-22
SALVATION COMMITTEE OF UKRAINE,RU,US OFAC SDN — UKRAINE-EO13660,2026-09-22
SALVIA,SM,US OFAC SDN — IRAN-EO13846,2026-09-22
SAM JONG 1,KP,US OFAC SDN — DPRK4,2026-09-22
SAM JONG 2,KP,US OFAC SDN — DPRK4,2026-09-22
SAM MA 2,KP,US OFAC SDN — DPRK4,2026-09-22
SAMAN BANK,IR,US OFAC SDN — IRAN/IRAN-EO13902,2026-09-22
SAMAN INDUSTRIAL GROUP,IR,US OFAC SDN — NPWMD/IRGC/IFSR,2026-09-22
SAMAN SHIPPING COMPANY LIMITED,CY,US OFAC SDN — IRAN,2026-09-22
SAMANE GOSTAR SAHAB PARDAZ PRIVATE LIMITED COMPANY,IR,US OFAC SDN — IRAN-TRA,2026-09-22
SAMARA HEAT AND ENERGY PROPERTY FUND,RU,US OFAC SDN — RUSSIA-EO14024,2026-09-22
SAMBOUK SHIPPING FZC,AE,US OFAC SDN — IRAN,2026-09-22
SAMSUN,PA,US OFAC SDN — UKRAINE-EO13662/RUSSIA-EO14024,2026-09-22
SANAM INDUSTRIAL GROUP,IR,US OFAC SDN — NPWMD/IFSR,2026-09-22
SANAN,IR,US OFAC SDN — IRAN,2026-09-22
SANAR 7,RU,US OFAC SDN — UKRAINE-EO13662/RUSSIA-EO14024,2026-09-22
SANAR 8,RU,US OFAC SDN — UKRAINE-EO13662/RUSSIA-EO14024,2026-09-22
SANAT DANESH RAHPUYAN AFLAK COMPANY LTD,IR,US OFAC SDN — NPWMD/IRGC/IFSR,2026-09-22
SANATI DOODEH FAM CO.,IR,US OFAC SDN — IRAN-EO13876,2026-09-22
"SANCHULI, Mahdieh",AE,US OFAC SDN — IRAN-EO13846,2026-09-22
SANIA,IR,US OFAC SDN — IRAN/NPWMD/IFSR,2026-09-22
SANJESH GOSTAR DANA ENGINEERING AND QUALITY CONTROL INSPECTION COMPANY,IR,US OFAC SDN — IRGC/IFSR,2026-09-22
SAO VIET PETROL TRANSPORTATION COMPANY LIMITED,VN,US OFAC SDN — UKRAINE-EO13662/IRAN-EO13846/RUSSIA-EO14024,2026-09-22
SAPPHIRE GAS,PA,US OFAC SDN — IRAN-EO13902,2026-09-22
"SARANI, Khodarahm",IR,US OFAC SDN — IRGC/IFSR/IRAN-HR,2026-09-22
SARDASHT,IR,US OFAC SDN — IRAN,2026-09-22
SARINA,IR,US OFAC SDN — IRAN/NPWMD/IFSR,2026-09-22
SARIR,IR,US OFAC SDN — IRAN/NPWMD/IFSR,2026-09-22
SARMAYEH BANK,IR,US OFAC SDN — IRAN/IRAN-EO13902,2026-09-22
"SARTAJI, Abbas",IR,US OFAC SDN — IRGC/IFSR,2026-09-22
SARV SHIPPING COMPANY LIMITED,MT,US OFAC SDN — IRAN,2026-09-22
SARVIN,IR,US OFAC SDN — IRAN/NPWMD/IFSR,2026-09-22
SATINA,PA,US OFAC SDN — IRAN-EO13846,2026-09-22
"SATURN OASIS CO., LIMITED",HK,US OFAC SDN — IRAN-EO13846,2026-09-22
"SAVCHENKO, Petr",UA,US OFAC SDN — UKRAINE-EO13660,2026-09-22
"SAVCHENKO, Svetlana Borisovna",ZZ,US OFAC SDN — UKRAINE-EO13660,2026-09-22
"SAVELYEV, Oleg Genrikhovich",ZZ,US OFAC SDN — UKRAINE-EO13661,2026-09-22
SAVIZ,IR,US OFAC SDN — IRAN/NPWMD/IFSR,2026-09-22
"SAVRUK, Viktoriya Orestovna",BY,US OFAC SDN — BELARUS-EO14038,2026-09-22
"SAYYARI, Mohammad Mehdi",IR,US OFAC SDN — IRGC/IFSR,2026-09-22
SAZEH MORAKAB CO. LTD,IR,US OFAC SDN — NPWMD/IFSR,2026-09-22
SB SECURITIES SA,LU,US OFAC SDN — UKRAINE-EO13662/RUSSIA-EO14024,2026-09-22
SBERBANK EUROPE AG,AT,US OFAC SDN — UKRAINE-EO13662/RUSSIA-EO14024,2026-09-22
SCF ENDEAVOUR,RU,US OFAC SDN — UKRAINE-EO13662/RUSSIA-EO14024,2026-09-22
SCF ENDURANCE,RU,US OFAC SDN — UKRAINE-EO13662/RUSSIA-EO14024,2026-09-22
SCF ENTERPRISE,RU,US OFAC SDN — UKRAINE-EO13662/RUSSIA-EO14024,2026-09-22
SCF SAKHALIN,RU,US OFAC SDN — UKRAINE-EO13662/RUSSIA-EO14024,2026-09-22
SCI GRIBER,FR,US OFAC SDN — RUSSIA-EO14024,2026-09-22
SCIENTIFIC STUDIES AND RESEARCH CENTER,SY,US OFAC SDN — NPWMD,2026-09-22
SCIENTIFIC TECHNICAL CENTER LEMT BELOMO,BY,US OFAC SDN — BELARUS-EO14038,2026-09-22
SCORPIUS,BB,US OFAC SDN — IRAN-EO13846,2026-09-22
SDM-BANK PUBLIC JOINT STOCK COMPANY,RU,US OFAC SDN — UKRAINE-EO13662/RUSSIA-EO14024,2026-09-22
SEA BIRD,PW,US OFAC SDN — IRAN-EO13902,2026-09-22
SEA BREEZE SHIPPING INC,PA,US OFAC SDN — IRAN-EO13902,2026-09-22
SEA CITRINE VI,PW,US OFAC SDN — IRAN-EO13902,2026-09-22
SEA CLIFF,IR,US OFAC SDN — IRAN,2026-09-22
SEA HERMES,PW,US OFAC SDN — IRAN-EO13902,2026-09-22
SEA OPERA,CM,US OFAC SDN — IRAN-EO13902,2026-09-22
SEA RHAPSODY,MH,US OFAC SDN — UKRAINE-EO13661,2026-09-22
SEA ROCK,ZZ,US OFAC SDN — IRAN-EO13902,2026-09-22
SEA ROUTE SHIP MANAGEMENT FZE,AE,US OFAC SDN — IRAN-EO13846,2026-09-22
SEA SERVICES PROVIDERS NV,SR,US OFAC SDN — IRAN-EO13902,2026-09-22
SEA STAR III,IR,US OFAC SDN — IRAN,2026-09-22
SEA WISE,PW,US OFAC SDN — IRAN-EO13902,2026-09-22
SEABASS,KM,US OFAC SDN — IRAN-EO13846,2026-09-22
SEAFOAM MARINE LTD,LR,US OFAC SDN — IRAN-EO13846,2026-09-22
SEAHAKER,KM,US OFAC SDN — IRAN-EO13846,2026-09-22
SEAMULL,PW,US OFAC SDN — IRAN-EO13902,2026-09-22
SEAPALM SHIPPING LIMITED,SC,US OFAC SDN — IRAN-EO13902,2026-09-22
SEASKY,SM,US OFAC SDN — IRAN-EO13902,2026-09-22
"SEASKY MARINE CO., LIMITED",CN,US OFAC SDN — IRAN-EO13902,2026-09-22
SEATURBO,KM,US OFAC SDN — IRAN-EO13846,2026-09-22
"SECHIN, Igor Ivanovich",RU,US OFAC SDN — UKRAINE-EO13661/RUSSIA-EO14024,2026-09-22
SECOND ACADEMY OF NATURAL SCIENCES,KP,US OFAC SDN — NPWMD,2026-09-22
SECOND ECONOMIC COMMITTEE,KP,US OFAC SDN — NPWMD,2026-09-22
"SEDAGHATI, Mostafa",IR,US OFAC SDN — IRAN-HR,2026-09-22
"SEIF, Mahmoud",ZZ,US OFAC SDN — IRGC/IFSR,2026-09-22
"SEIF, Valiollah",IR,US OFAC SDN — IFSR,2026-09-22
SEK STUDIO,KP,US OFAC SDN — DPRK3,2026-09-22
SELENA LIVELY LIMITED,CN,US OFAC SDN — UKRAINE-EO13662/RUSSIA-EO14024,2026-09-22
SELENIUM RESOURCES LIMITED,CN,US OFAC SDN — IRAN-EO13846,2026-09-22
"SELEZNYOV, Valery Sergeyevich",RU,US OFAC SDN — RUSSIA-EO14024,2026-09-22
SELFPLAST PLASTIK AMBALAJ SANAYI DIS TICARET LIMITED SIRKETI,TR,US OFAC SDN — IRAN-EO13846,2026-09-22
"SELITSKIY, Victor Frantsevich",BY,US OFAC SDN — BELARUS-EO14038,2026-09-22
SELKBAF CO,IR,US OFAC SDN — IRAN-EO13876,2026-09-22
"SEMENOV, Dmitry Borisovich",RU,US OFAC SDN — UKRAINE-EO13662/RUSSIA-EO14024,2026-09-22
"SEMENOV, Roman",AE,US OFAC SDN — DPRK3,2026-09-22
"SEMIGIN, Gennady Yuryevich",RU,US OFAC SDN — RUSSIA-EO14024,2026-09-22
"SEMNANI, Reza Ebadzadeh",IR,US OFAC SDN — IRAN-EO13846,2026-09-22
SENAT SHIPPING LIMITED,SG,US OFAC SDN — DPRK,2026-09-22
SENSE SHIPPING AND TRADING SDN. BHD.,MY,US OFAC SDN — IRAN-EO13846,2026-09-22
SEPANIR OIL AND GAS ENGINEERING COMPANY,IR,US OFAC SDN — NPWMD/IRGC/IFSR,2026-09-22
SEPASAD ENGINEERING COMPANY,IR,US OFAC SDN — NPWMD/IRGC/IFSR,2026-09-22
SEPID SHIPPING COMPANY LIMITED,MT,US OFAC SDN — IRAN,2026-09-22
SEPTEM CAPITAL LIMITED LIABILITY COMPANY,RU,US OFAC SDN — RUSSIA-EO14024,2026-09-22
"SERBIN, Andrey",RU,US OFAC SDN — DPRK3,2026-09-22
"SEREBRIAKOV, Evgenii Mikhaylovich",RU,US OFAC SDN — CAATSA - RUSSIA,2026-09-22
SERENA,IR,US OFAC SDN — IRAN,2026-09-22
SERENADE,BB,US OFAC SDN — UKRAINE-EO13662/RUSSIA-EO14024,2026-09-22
SERGIEVO-POSAD LEND OOO,RU,US OFAC SDN — RUSSIA-EO14024,2026-09-22
"SERGUN, Igor Dmitrievich",ZZ,US OFAC SDN — UKRAINE-EO13661,2026-09-22
SERIFOS MARITIME AND TRADING S.A.,PA,US OFAC SDN — IRAN-EO13902,2026-09-22
"SERNIA-FILM CO, LTD",RU,US OFAC SDN — RUSSIA-EO14024,2026-09-22
SERPENS LIMITED,CN,US OFAC SDN — UKRAINE-EO13662/RUSSIA-EO14024,2026-09-22
SERVICE PROM KOMPLEKTATSIYA,RU,US OFAC SDN — UKRAINE-EO13662/RUSSIA-EO14024,2026-09-22
"SERYSHEV, Anatoliy Anatolievich",RU,US OFAC SDN — RUSSIA-EO14024,2026-09-22
SET PETROCHEMICALS OY,FI,US OFAC SDN — UKRAINE-EO13661,2026-09-22
SETASEAN SHIP MANAGEMENT LIMITED,CN,US OFAC SDN — IRAN-EO13902,2026-09-22
SETELEM BANK LIMITED LIABILITY COMPANY,RU,US OFAC SDN — UKRAINE-EO13662/RUSSIA-EO14024,2026-09-22
SEVASTOPOL,RU,US OFAC SDN — DPRK4,2026-09-22
SEVIN,IR,US OFAC SDN — IRAN,2026-09-22
"SEYED ALHOSSEINI, Akbar",ZZ,US OFAC SDN — IRGC/IFSR,2026-09-22
"SEYEDOSHOHADA, Ahmad Khadem",IR,US OFAC SDN — IRGC/IRAN-HR,2026-09-22
"SEYYEDI, Seyed Nasser Mohammad",ZZ,US OFAC SDN — IRAN,2026-09-22
SGM MOST OOO,RU,US OFAC SDN — UKRAINE-EO13685,2026-09-22
SHAANXI HONGRUN JINHUA TRADING CO LTD,CN,US OFAC SDN — UKRAINE-EO13662/RUSSIA-EO14024,2026-09-22
SHABDIS,IR,US OFAC SDN — IRAN/NPWMD/IFSR,2026-09-22
SHABGOUN,IR,US OFAC SDN — IRAN/NPWMD/IFSR,2026-09-22
SHADI FOR CARS TRADING,LB,US OFAC SDN — NPWMD,2026-09-22
"SHAFAHI, Ahmad",IR,US OFAC SDN — IRGC/IFSR/IRAN-HR,2026-09-22
"SHAFIPOUR, Mohammad",IR,US OFAC SDN — IRAN-EO13902,2026-09-22
SHAHAB KHODRO CO.,IR,US OFAC SDN — IRAN-EO13876,2026-09-22
SHAHED AVIATION INDUSTRIES RESEARCH CENTER,IR,US OFAC SDN — NPWMD/IRGC/IFSR,2026-09-22
SHAHID AHMAD KAZEMI INDUSTRIES GROUP,IR,US OFAC SDN — NPWMD/IFSR,2026-09-22
SHAHID ALAMOLHODA INDUSTRIES,IR,US OFAC SDN — NPWMD/IFSR,2026-09-22
SHAHID BAKERI INDUSTRIAL GROUP,IR,US OFAC SDN — NPWMD/IFSR,2026-09-22
SHAHID CHERAGHI INDUSTRIES,IR,US OFAC SDN — NPWMD/IFSR,2026-09-22
SHAHID ESLAMI RESEARCH CENTER,IR,US OFAC SDN — NPWMD/IFSR,2026-09-22
SHAHID HEMMAT INDUSTRIAL GROUP,IR,US OFAC SDN — NPWMD/IFSR,2026-09-22
SHAHID KALHOR INDUSTRIES,IR,US OFAC SDN — NPWMD/IFSR,2026-09-22
SHAHID KARIMI INDUSTRIES,IR,US OFAC SDN — NPWMD/IFSR,2026-09-22
SHAHID KHARRAZI INDUSTRIES,IR,US OFAC SDN — NPWMD/IFSR,2026-09-22
SHAHID MOGHADDAM INDUSTRIES,IR,US OFAC SDN — NPWMD/IFSR,2026-09-22
SHAHID MOVAHED INDUSTRIES,IR,US OFAC SDN — NPWMD/IFSR,2026-09-22
SHAHID NURI INDUSTRIES,IR,US OFAC SDN — NPWMD/IFSR,2026-09-22
SHAHID RASTEGAR INDUSTRIES,IR,US OFAC SDN — NPWMD/IFSR,2026-09-22
SHAHID SANIKHANI INDUSTRIES,IR,US OFAC SDN — NPWMD/IFSR,2026-09-22
SHAHID SATTARI INDUSTRIES,IR,US OFAC SDN — NPWMD/IFSR,2026-09-22
SHAHID SAYYADE SHIRAZI INDUSTRIES,IR,US OFAC SDN — NPWMD/IFSR,2026-09-22
SHAHID SHUSTARI INDUSTRIES,IR,US OFAC SDN — NPWMD/IFSR,2026-09-22
SHAHID TONDGOYAN PETROCHEMICAL COMPANY,IR,US OFAC SDN — IRAN/NPWMD/IFSR,2026-09-22
SHAHID VARAMINI INDUSTRIES,IR,US OFAC SDN — NPWMD/IFSR,2026-09-22
"SHAHKOUI, Ali Malek",IR,US OFAC SDN — IRGC/IRAN-HR,2026-09-22
"SHAHLAI, Abdul Reza",IR,US OFAC SDN — IRGC/IFSR,2026-09-22
SHAHR E KORD,IR,US OFAC SDN — IRAN/NPWMD/IFSR,2026-09-22
SHAHRAZ,IR,US OFAC SDN — IRAN/NPWMD/IFSR,2026-09-22
"SHAHRESTANI, Hassan Mofakhami",IR,US OFAC SDN — IRAN-HR,2026-09-22
"SHAHRIYARI, Behnam",IR,US OFAC SDN — IFSR,2026-09-22
"SHAHSAVARI, Habib",IR,US OFAC SDN — IRGC/IRAN-HR,2026-09-22
"SHAHVARPOUR NAJAFABADI, Hassan",IR,US OFAC SDN — IRGC/IFSR/IRAN-HR/CAATSA - IRAN,2026-09-22
"SHAKARAMI, Jamal",IR,US OFAC SDN — IRGC/IFSR/IRAN-HR,2026-09-22
"SHAKERI ASHTIJEH, Mohammad",IR,US OFAC SDN — IRGC/IFSR,2026-09-22
"SHAKURI, Gholam",IR,US OFAC SDN — IRGC/IFSR,2026-09-22
"SHAKUTA, Dzmitry",BY,US OFAC SDN — BELARUS,2026-09-22
"SHAKUTSIN, Aliaksandr Vasilevich",BY,US OFAC SDN — BELARUS-EO14038,2026-09-22
"SHAMALOV, Kirill Nikolaevich",ZZ,US OFAC SDN — UKRAINE-EO13662,2026-09-22
"SHAMANI, Masoud",IR,US OFAC SDN — IRAN-EO13902,2026-09-22
SHAMIM,IR,US OFAC SDN — IRAN/NPWMD/IFSR,2026-09-22
"SHAMKHANI, Ali",IR,US OFAC SDN — IRAN-EO13876,2026-09-22
"SHAMKHANI, Mohammad Hossein",AE,US OFAC SDN — IRAN-EO13902,2026-09-22
"SHAMMOUT, Issam",ZZ,US OFAC SDN — IFSR,2026-09-22
SHAMS ALRABEEA CHEMICALS TRADING L.L.C,AE,US OFAC SDN — IRAN-EO13846,2026-09-22
SHANAYE QUEEN,MY,US OFAC SDN — IRAN-EO13846,2026-09-22
"SHANDAROVICH, Oleg Stanislavovich",BY,US OFAC SDN — BELARUS-EO14038,2026-09-22
"SHANDONG BAOGANG INTERNATIONAL PORT CO., LTD.",CN,US OFAC SDN — IRAN-EO13846,2026-09-22
"SHANDONG JINCHENG PETROCHEMICAL GROUP CO., LTD.",CN,US OFAC SDN — IRAN-EO13902,2026-09-22
"SHANDONG JINGANG PORT CO., LTD.",CN,US OFAC SDN — IRAN-EO13902,2026-09-22
"SHANDONG QIWANGWA PETROCHEMICAL CO., LTD.",CN,US OFAC SDN — IRAN-EO13846,2026-09-22
"SHANDONG SHENGXING CHEMICAL CO., LTD.",CN,US OFAC SDN — IRAN-EO13902,2026-09-22
"SHANDONG SHOUGUANG LUQING PETROCHEMICAL CO., LTD.",CN,US OFAC SDN — IRAN-EO13902,2026-09-22
SHANG YUAN BAO,PA,US OFAC SDN — DPRK4,2026-09-22
SHANGHAI DONGFENG SHPG CO LTD,CN,US OFAC SDN — DPRK4,2026-09-22
SHANGHAI FUTURE SHIP MANAGEMENT CO LTD,CN,US OFAC SDN — IRAN-EO13902,2026-09-22
SHANGHAI GANG QUAN TRADE CO.,CN,US OFAC SDN — NPWMD/IFSR,2026-09-22
SHANGHAI HONGMAN CARTOON AND ANIMATION DESIGN STUDIO,CN,US OFAC SDN — DPRK3,2026-09-22
SHANGHAI LEGENDARY SHIP MANAGEMENT COMPANY LIMITED,CN,US OFAC SDN — IRAN-EO13902,2026-09-22
SHANGHAI NORTH BEGINS INTERNATIONAL,CN,US OFAC SDN — NPWMD/IFSR,2026-09-22
SHANGHAI NORTH TRANSWAY INTERNATIONAL TRADING CO.,CN,US OFAC SDN — NPWMD/IFSR,2026-09-22
"SHANGHAI QIZHANG SHIP MANAGEMENT CO., LTD.",CN,US OFAC SDN — IRAN-EO13846,2026-09-22
SHANGHAI XUANRUN SHIPPING COMPANY LIMITED,CN,US OFAC SDN — IRAN-EO13846,2026-09-22
SHANNON II,BB,US OFAC SDN — IRAN-EO13902,2026-09-22
"SHAPETSKA, Yauhen Andreevich",BY,US OFAC SDN — BELARUS-EO14038,2026-09-22
"SHAPOVALOV, Oleg Georgievich",ZZ,US OFAC SDN — UKRAINE-EO13660,2026-09-22
"SHARGUNOV, Sergey Aleksandrovich",RU,US OFAC SDN — RUSSIA-EO14024,2026-09-22
"SHARIATZADEH, Ebrahim",IR,US OFAC SDN — IRAN-CON-ARMS-EO,2026-09-22
"SHARIFI, Ali",ZZ,US OFAC SDN — IRGC/IFSR,2026-09-22
"SHARIFI-ZINDASHTI, Naji Ibrahim",IR,US OFAC SDN — IRAN-HR,2026-09-22
"SHATROU, Aliaksandr Yauhenavich",BY,US OFAC SDN — BELARUS-EO14038,2026-09-22
SHAYAN 1,IR,US OFAC SDN — IRAN/NPWMD/IFSR,2026-09-22
SHAZAND PETROCHEMICAL COMPANY,IR,US OFAC SDN — IRAN,2026-09-22
"SHCHAPOV, Mikhail Viktorovich",RU,US OFAC SDN — RUSSIA-EO14024,2026-09-22
"SHCHEGLOV, Nikolay Mikhaylovich",RU,US OFAC SDN — RUSSIA-EO14024,2026-09-22
"SHCHEGOLEV, Igor Olegovich",RU,US OFAC SDN — UKRAINE-EO13661/RUSSIA-EO14024,2026-09-22
"SHCHERBAKOV, Alexander Vladimirovich",RU,US OFAC SDN — RUSSIA-EO14024,2026-09-22
"SHCHERBAKOV, Kirill Konstantinovich",RU,US OFAC SDN — UKRAINE-EO13661,2026-09-22
"SHEIBANI, Mohammad Reza Raouf",LB,US OFAC SDN — IRAN/IRGC/IFSR,2026-09-22
"SHEIMAN, Viktar Uladzimiravich",ZZ,US OFAC SDN — BELARUS,2026-09-22
"SHEIN, Andrey",ZZ,US OFAC SDN — UKRAINE-EO13661,2026-09-22
"SHEKH, Indrismiya Asharafmiya",IN,US OFAC SDN — IRAN-EO13846,2026-09-22
"SHEKUFEI INTERNATIONAL TRADING CO., LIMITED",CN,US OFAC SDN — IRAN-EO13846,2026-09-22
"SHEN YANG JING CHENG MACHINERY IMP&EXP. CO., LIMITED",HK,US OFAC SDN — UKRAINE-EO13661,2026-09-22
SHEN ZHONG INTERNATIONAL SHPG,CN,US OFAC SDN — DPRK4,2026-09-22
"SHEN, Luqian",CN,US OFAC SDN — IRAN-EO13846,2026-09-22
"SHENYANG GEUMPUNGRI NETWORK TECHNOLOGY CO., LTD",CN,US OFAC SDN — DPRK2,2026-09-22
"SHENZHEN 5G HIGH-TECH INNOVATION CO., LIMITED",CN,US OFAC SDN — BELARUS-EO14038,2026-09-22
"SHEREMET, Mikhail Sergeyevich",RU,US OFAC SDN — UKRAINE-EO13660/RUSSIA-EO14024,2026-09-22
"SHEREMETTSEV, Eduard Mikhailovich",RU,US OFAC SDN — UKRAINE-EO13662/RUSSIA-EO14024,2026-09-22
SHERKAT-E BARID FANAVAR ARIAN,IR,US OFAC SDN — IRAN-EO13902,2026-09-22
"SHETABAN, Hossein",IR,US OFAC SDN — IRAN-EO13902,2026-09-22
"SHI, Min",CN,US OFAC SDN — IRAN-EO13846,2026-09-22
SHIBA,IR,US OFAC SDN — IRAN/NPWMD/IFSR,2026-09-22
"SHINDE, Akash Anant",IN,US OFAC SDN — IRAN-EO13846,2026-09-22
SHINE DRAGON GROUP LIMITED,HK,US OFAC SDN — UKRAINE-EO13661,2026-09-22
SHINE ROAD TRADING FZE,AE,US OFAC SDN — IRAN-EO13902,2026-09-22
SHINY SAILS SHIPPING LTD,SC,US OFAC SDN — IRAN-EO13846,2026-09-22
SHIPLOAD MARITIME PTE. LTD.,SG,US OFAC SDN — IRAN-EO13846,2026-09-22
SHIPPING COMPUTER SERVICES COMPANY,IR,US OFAC SDN — IRAN,2026-09-22
SHIPPING WELFARE SERVICES INSTITUTE,IR,US OFAC SDN — IRAN,2026-09-22
"SHIPULIN, Anton Vladimirovich",RU,US OFAC SDN — RUSSIA-EO14024,2026-09-22
"SHIR AMIN, Javad Bordbar",IR,US OFAC SDN — IRGC/IFSR,2026-09-22
SHIRAZ ELECTRONICS INDUSTRIES,IR,US OFAC SDN — NPWMD/IFSR,2026-09-22
SHIRAZ PARS FARAYAND OIL REFINERY,IR,US OFAC SDN — IRAN,2026-09-22
SHIRAZ PETROCHEMICAL COMPANY,IR,US OFAC SDN — IRAN-EO13846,2026-09-22
"SHIRAZI, Ali Morshed",LB,US OFAC SDN — IRGC/IFSR,2026-09-22
"SHIRINKAR, Mohammad Bagher",IR,US OFAC SDN — IRGC/IFSR,2026-09-22
SHISHEH VA GAS INDUSTRIES GROUP,IR,US OFAC SDN — IRAN-EO13876,2026-09-22
SHIV TEXCHEM LIMITED,IN,US OFAC SDN — IRAN-EO13846,2026-09-22
SHIVNANI ORGANICS FZE,AE,US OFAC SDN — IRAN-EO13846,2026-09-22
"SHKADAREVICH, Alexei Petrovich",BY,US OFAC SDN — BELARUS-EO14038,2026-09-22
"SHKHAGOSHEV, Adalbi Lyulevich",RU,US OFAC SDN — RUSSIA-EO14024,2026-09-22
"SHKOLKINA, Nadezhda Vasilyevna",RU,US OFAC SDN — RUSSIA-EO14024,2026-09-22
"SHKOLOV, Evgeniy Mikhailovich",RU,US OFAC SDN — UKRAINE-EO13661,2026-09-22
"SHMANAI, Darya",RU,US OFAC SDN — BELARUS-EO14038,2026-09-22
SHOCK SPORTS CLUB,BY,US OFAC SDN — BELARUS,2026-09-22
"SHOIGU, Sergei Kuzhugetovich",RU,US OFAC SDN — RUSSIA-EO14024,2026-09-22
"SHOUSHTARIPOUSTI, Masoud",IR,US OFAC SDN — IRGC/IFSR,2026-09-22
"SHPEROV, Pavel Valentinovich",ZZ,US OFAC SDN — UKRAINE-EO13660,2026-09-22
SHREEJI GEMS LTD,IN,US OFAC SDN — IRAN-EO13902,2026-09-22
"SHRESTHA, Soniya",IN,US OFAC SDN — IRAN-EO13902,2026-09-22
SHTURMAN ALBANOV,RU,US OFAC SDN — UKRAINE-EO13662/RUSSIA-EO14024,2026-09-22
SHTURMAN KOSHELEV,RU,US OFAC SDN — UKRAINE-EO13662/RUSSIA-EO14024,2026-09-22
SHTURMAN MALYGIN,RU,US OFAC SDN — UKRAINE-EO13662/RUSSIA-EO14024,2026-09-22
SHTURMAN OVTSYN,RU,US OFAC SDN — UKRAINE-EO13662/RUSSIA-EO14024,2026-09-22
SHTURMAN SHCHERBININ,RU,US OFAC SDN — UKRAINE-EO13662/RUSSIA-EO14024,2026-09-22
SHTURMAN SKURATOV,RU,US OFAC SDN — UKRAINE-EO13662/RUSSIA-EO14024,2026-09-22
"SHUBIN, Alexandr",ZZ,US OFAC SDN — UKRAINE-EO13660,2026-09-22
"SHUBIN, Igor Nikolayevich",RU,US OFAC SDN — RUSSIA-EO14024,2026-09-22
SHUN TAI,LR,US OFAC SDN — UKRAINE-EO13662/RUSSIA-EO14024,2026-09-22
"SHUVALOV, Evgeny Igorevich",RU,US OFAC SDN — RUSSIA-EO14024,2026-09-22
"SHUVALOV, Igor Ivanovich",RU,US OFAC SDN — RUSSIA-EO14024,2026-09-22
"SHUVALOV, Vadim Nikolayevich",RU,US OFAC SDN — RUSSIA-EO14024,2026-09-22
"SHUVALOVA, Maria Igorevna",RU,US OFAC SDN — RUSSIA-EO14024,2026-09-22
"SHUVALOVA, Olga Viktorovna",RU,US OFAC SDN — RUSSIA-EO14024,2026-09-22
"SHVED, Andrei Ivanavich",BY,US OFAC SDN — BELARUS,2026-09-22
"SHVYTKIN, Yuri Nikolayevich",RU,US OFAC SDN — RUSSIA-EO14024,2026-09-22
SI HE,PA,US OFAC SDN — UKRAINE-EO13662/RUSSIA-EO14024,2026-09-22
SIA FALCON INTERNATIONAL GROUP,TR,US OFAC SDN — DPRK,2026-09-22
SIBSHUR LIMITED,CN,US OFAC SDN — IRAN-EO13846,2026-09-22
"SIDARUK, Siarhei Mikalaevich",BY,US OFAC SDN — BELARUS-EO14038,2026-09-22
SIERRA VISTA TRADING LIMITED,CN,US OFAC SDN — IRAN-EO13846,2026-09-22
SIG,RU,US OFAC SDN — UKRAINE-EO13685,2026-09-22
SIGMA TECH COMPANY,SY,US OFAC SDN — NPWMD,2026-09-22
"SIKORSKI, Artsiom Igaravich",BY,US OFAC SDN — BELARUS-EO14038,2026-09-22
"SILUANOV, Anton Germanovich",RU,US OFAC SDN — RUSSIA-EO14024,2026-09-22
SILVAR,CM,US OFAC SDN — IRAN-EO13902,2026-09-22
SILVER BRIDGE SHIPPING CO-HKG,HK,US OFAC SDN — DPRK4,2026-09-22
SILVER TETRA MARINE CO.,MH,US OFAC SDN — IRAN-EO13902,2026-09-22
SILVIA I,IR,US OFAC SDN — IRAN,2026-09-22
SIMA GENERAL TRADING CO FZE,AE,US OFAC SDN — IRAN,2026-09-22
SIMA SHIPPING COMPANY LIMITED,MT,US OFAC SDN — IRAN,2026-09-22
SIMATIC DEVELOPMENT CO.,IR,US OFAC SDN — NPWMD/IFSR,2026-09-22
SIMBA,LR,US OFAC SDN — IRAN-EO13902,2026-09-22
"SIMIGIN, Pavel Vladimirovich",RU,US OFAC SDN — RUSSIA-EO14024,2026-09-22
SIMORGH PETROCHEMICAL COMPANY,IR,US OFAC SDN — IRAN-EO13846,2026-09-22
SIMRAN,PA,US OFAC SDN — IRAN-EO13902,2026-09-22
"SIN, Yong Il",KP,US OFAC SDN — DPRK2,2026-09-22
SINA BANK,IR,US OFAC SDN — IRAN/IFSR/IRAN-EO13876,2026-09-22
SINA CURRENCY EXCHANGE COMPANY,IR,US OFAC SDN — IRAN-EO13876,2026-09-22
SINA ENERGY DEVELOPMENT COMPANY,IR,US OFAC SDN — IRAN-EO13876,2026-09-22
SINA FINANCIAL AND INVESTMENT HOLDING COMPANY,IR,US OFAC SDN — IRAN-EO13876,2026-09-22
SINA PAYA SANAT DEVELOPMENT CO.,IR,US OFAC SDN — IRAN-EO13876,2026-09-22
SINA PORT AND MARINE SERVICES DEVELOPMENT COMPANY,IR,US OFAC SDN — IRAN-EO13876,2026-09-22
SINA RAIL PARS COMPANY,IR,US OFAC SDN — IRAN-EO13876,2026-09-22
SINA SHIPPING COMPANY LIMITED,MT,US OFAC SDN — IRAN,2026-09-22
SINA TILE AND CERAMIC INDUSTRIES COMPANY,IR,US OFAC SDN — IRAN-EO13876,2026-09-22
SINBAD,ZZ,US OFAC SDN — DPRK3,2026-09-22
"SINELSHCHIKOV, Yury Petrovich",RU,US OFAC SDN — RUSSIA-EO14024,2026-09-22
SINGWANG ECONOMICS AND TRADING GENERAL CORPORATION,KP,US OFAC SDN — DPRK3,2026-09-22
SINO ENERGY SHIPPING HONGKONG LIMITED,HK,US OFAC SDN — IRAN-EO13846,2026-09-22
SINO SHIP MANAGEMENT COMPANY LIMITED,CN,US OFAC SDN — UKRAINE-EO13662/RUSSIA-EO14024,2026-09-22
SINOPA,IR,US OFAC SDN — IRAN,2026-09-22
SINOPER SHIPPING CO,AE,US OFAC SDN — IRAN-EO13902,2026-09-22
SINOSTAR MARINE GROUP LIMITED,MH,US OFAC SDN — IRAN-EO13902,2026-09-22
SINOTECH DALIAN CARBON AND GRAPHITE MANUFACTURING CORPORATION,CN,US OFAC SDN — NPWMD/IFSR,2026-09-22
"SINOTECH INDUSTRY CO., LTD.",CN,US OFAC SDN — NPWMD/IFSR,2026-09-22
SINSMS PTE. LTD.,SG,US OFAC SDN — DPRK4,2026-09-22
"SIPYAGIN, Vladimir Vladimirovich",RU,US OFAC SDN — RUSSIA-EO14024,2026-09-22
SIREN II,HK,US OFAC SDN — IRAN-EO13902,2026-09-22
SIRIUS,BB,US OFAC SDN — UKRAINE-EO13662/RUSSIA-EO14024,2026-09-22
SIRIUS 1,PA,US OFAC SDN — UKRAINE-EO13662/RUSSIA-EO14024,2026-09-22
SIRJAN IRANIAN STEEL,IR,US OFAC SDN — IRAN-EO13871,2026-09-22
SIRJAN JAHAN STEEL COMPLEX,IR,US OFAC SDN — IRAN-EO13871,2026-09-22
SIRJANCO TRADING L.L.C.,AE,US OFAC SDN — IFSR,2026-09-22
SISTEMA PUBLIC JOINT STOCK FINANCIAL CORPORATION,RU,US OFAC SDN — UKRAINE-EO13662/RUSSIA-EO14024,2026-09-22
"SITNIKOV, Alexey Vladimirovich",RU,US OFAC SDN — RUSSIA-EO14024,2026-09-22
"SIVAKOV, Yury",ZZ,US OFAC SDN — BELARUS,2026-09-22
SIVAS,PA,US OFAC SDN — UKRAINE-EO13662/RUSSIA-EO14024,2026-09-22
"SIVKOVICH, Vladimir Leonidovich",UA,US OFAC SDN — RUSSIA-EO14024,2026-09-22
SIVUCH,RU,US OFAC SDN — RUSSIA-EO14024,2026-09-22
"SKACHKOV, Alexander Anatolevich",RU,US OFAC SDN — RUSSIA-EO14024,2026-09-22
SKADI,PA,US OFAC SDN — IRAN-EO13902,2026-09-22
SKADI LIMITED,MH,US OFAC SDN — IRAN-EO13902,2026-09-22
SKIATHOS MARITIME AND TRADING SA,PA,US OFAC SDN — IRAN-EO13902,2026-09-22
"SKLYAR, Gennadiy Ivanovich",RU,US OFAC SDN — RUSSIA-EO14024,2026-09-22
"SKOCH, Andrei Vladimirovich",RU,US OFAC SDN — UKRAINE-EO13661/RUSSIA-EO14024,2026-09-22
SKOLKOVO FOUNDATION,RU,US OFAC SDN — UKRAINE-EO13662/RUSSIA-EO14024,2026-09-22
"SKRUG, Valeriy Stepanovich",RU,US OFAC SDN — RUSSIA-EO14024,2026-09-22
SKY BLUE BIRD AVIATION,AE,US OFAC SDN — IFSR,2026-09-22
SKY ZONE TRADING FZE,AE,US OFAC SDN — IRAN-EO13846,2026-09-22
SKYLIGHT,PW,US OFAC SDN — IRAN-EO13902,2026-09-22
SKYLINE ADVANCED TECNOLOGIES SDN BHD,MY,US OFAC SDN — NPWMD/IRGC/IFSR,2026-09-22
"SLIZHEVSKY, Oleg Leonidovich",BY,US OFAC SDN — BELARUS,2026-09-22
SLOGAL ENERGY DMCC,AE,US OFAC SDN — IRAN-EO13902,2026-09-22
"SLUTSKY, Leonid Eduardovich",RU,US OFAC SDN — UKRAINE-EO13661/RUSSIA-EO14024,2026-09-22
"SLYUSAR, Yury Borisovich",RU,US OFAC SDN — RUSSIA-EO14024,2026-09-22
SMART DIGITAL IDEAS DOO,RS,US OFAC SDN — CAATSA - RUSSIA,2026-09-22
SMART GLOBAL LIMITED,KN,US OFAC SDN — IRAN-EO13876,2026-09-22
"SMIRNOV, Viktor Vladimirovich",RU,US OFAC SDN — RUSSIA-EO14024,2026-09-22
"SMOLIN, Oleg Nikolayevich",RU,US OFAC SDN — RUSSIA-EO14024,2026-09-22
SMP BANK,RU,US OFAC SDN — UKRAINE-EO13661/RUSSIA-EO14024,2026-09-22
SMT-K,UA,US OFAC SDN — UKRAINE-EO13685,2026-09-22
SNOW,PA,US OFAC SDN — IRAN,2026-09-22
SO BAEK SAN,KP,US OFAC SDN — DPRK4,2026-09-22
SO TVERNEFTEPRODUKT OOO,RU,US OFAC SDN — UKRAINE-EO13662/RUSSIA-EO14024,2026-09-22
SOBHAN,IR,US OFAC SDN — IRAN/NPWMD/IFSR,2026-09-22
"SOBOLEV, Viktor Ivanovich",RU,US OFAC SDN — RUSSIA-EO14024,2026-09-22
"SOBYANIN, Sergey Semyonovich",RU,US OFAC SDN — RUSSIA-EO14024,2026-09-22
SOFIA,KM,US OFAC SDN — IRAN-EO13846,2026-09-22
SOFT AIR GENERAL TRADING L.L.C,AE,US OFAC SDN — IRAN-EO13846,2026-09-22
"SOIN, Dmitriy Yurevich",RU,US OFAC SDN — DPRK3,2026-09-22
"SOKOL, Sergey Mikhaylovich",RU,US OFAC SDN — RUSSIA-EO14024,2026-09-22
"SOLEIMANI, Ayoub",IR,US OFAC SDN — IRAN-HR,2026-09-22
"SOLEIMANI, Gholamreza",IR,US OFAC SDN — IRGC/IRAN-HR/IRAN-EO13876,2026-09-22
"SOLEIMANI, Qasem",ZZ,US OFAC SDN — NPWMD/IRGC/IFSR,2026-09-22
"SOLEIMANI, Sohrab",IR,US OFAC SDN — IRAN-HR,2026-09-22
SOLID LTD,RU,US OFAC SDN — UKRAINE-EO13685,2026-09-22
SOLLERS-FINANCE LIMITED LIABILITY COMPANY,RU,US OFAC SDN — RUSSIA-EO14024,2026-09-22
"SOLOVEV, Sergey Anatolevich",RU,US OFAC SDN — RUSSIA-EO14024,2026-09-22
"SOLOVIEV, Yuriy Alekseyevich",RU,US OFAC SDN — RUSSIA-EO14024,2026-09-22
"SOLTANI, Mohammad",IR,US OFAC SDN — CAATSA - IRAN,2026-09-22
"SOLTANIZADEH, Parviz",IR,US OFAC SDN — IRAN-EO13902,2026-09-22
SOLVENT ORGANICS FZE,AE,US OFAC SDN — IRAN-EO13846,2026-09-22
SOMIA,IR,US OFAC SDN — IRAN/NPWMD/IFSR,2026-09-22
SOMIC ENGINEERING AND MANAGEMENT CO,IR,US OFAC SDN — IRAN-EO13876,2026-09-22
"SON, Jong Hyok",EG,US OFAC SDN — NPWMD,2026-09-22
"SON, Kyong Sik",CN,US OFAC SDN — DPRK3,2026-09-22
"SON, Mun San",ZZ,US OFAC SDN — NPWMD,2026-09-22
SONA,GM,US OFAC SDN — IRAN-EO13902,2026-09-22
SONDOS,AG,US OFAC SDN — IRAN-EO13902,2026-09-22
SONG WON,KP,US OFAC SDN — DPRK4,2026-09-22
SONGI TRADING COMPANY,KP,US OFAC SDN — DPRK3,2026-09-22
SONGWON SHIPPING & MANAGEMENT,KP,US OFAC SDN — DPRK4,2026-09-22
SONIA I,IR,US OFAC SDN — IRAN,2026-09-22
SOPHYCHEM HK LIMITED,CN,US OFAC SDN — IRAN-EO13846,2026-09-22
"SOTNIKOV, Oleg Mikhaylovich",RU,US OFAC SDN — CAATSA - RUSSIA,2026-09-22
SOUTH ALUMINUM COMPANY,IR,US OFAC SDN — IRAN/IRAN-EO13871,2026-09-22
SOUTH HILL 2,SL,US OFAC SDN — DPRK,2026-09-22
SOUTH HILL 5,PW,US OFAC SDN — DPRK,2026-09-22
SOUTH KAVEH STEEL COMPANY,IR,US OFAC SDN — IRAN-EO13871/IRAN-EO13876,2026-09-22
SOUTH ROUHINA STEEL COMPLEX,IR,US OFAC SDN — IRAN-EO13871,2026-09-22
SOUTH SHIPPING LINES - IRAN LINE,IR,US OFAC SDN — IRAN,2026-09-22
SOUTH WEALTH RESOURCES COMPANY,IQ,US OFAC SDN — IRGC/IFSR,2026-09-22
SOUTH-EAST MOVEMENT,UA,US OFAC SDN — UKRAINE-EO13660,2026-09-22
SOUTHEAST TRADING OY,RO,US OFAC SDN — UKRAINE-EO13661,2026-09-22
SOUTHPORT MANAGEMENT SERVICES LIMITED,VG,US OFAC SDN — UKRAINE-EO13661,2026-09-22
SOVA NEDVIZHIMOST OOO,RU,US OFAC SDN — RUSSIA-EO14024,2026-09-22
SOVCOMBANK ASSET MANAGEMENT LIMITED LIABILITY COMPANY,RU,US OFAC SDN — RUSSIA-EO14024,2026-09-22
SOVCOMBANK FACTORING LIMITED LIABILITY COMPANY,RU,US OFAC SDN — RUSSIA-EO14024,2026-09-22
SOVCOMBANK OPEN JOINT STOCK COMPANY,RU,US OFAC SDN — UKRAINE-EO13662/RUSSIA-EO14024,2026-09-22
SOVCOMBANK SECURITIES LIMITED,CY,US OFAC SDN — RUSSIA-EO14024,2026-09-22
SOVCOMBANK TECHNOLOGIES LIMITED LIABILITY COMPANY,RU,US OFAC SDN — RUSSIA-EO14024,2026-09-22
SOVCOMCARD LIMITED LIABILITY COMPANY,RU,US OFAC SDN — RUSSIA-EO14024,2026-09-22
SOVFRACHT MANAGING COMPANY LLC,RU,US OFAC SDN — UKRAINE-EO13685,2026-09-22
SOVFRACHT-SOVMORTRANS GROUP,RU,US OFAC SDN — UKRAINE-EO13685,2026-09-22
SOVKOM FAKTORING,RU,US OFAC SDN — RUSSIA-EO14024,2026-09-22
SOVKOM LIZING,RU,US OFAC SDN — RUSSIA-EO14024,2026-09-22
SOVREMENNYE TEKHNOLOGII LIMITED LIABILITY COMPANY,RU,US OFAC SDN — UKRAINE-EO13662/RUSSIA-EO14024,2026-09-22
SPARROW TRADING FZE,AE,US OFAC SDN — IRAN-EO13846,2026-09-22
SPASATEL KAREV,RU,US OFAC SDN — RUSSIA-EO14024,2026-09-22
SPB EXCHANGE,RU,US OFAC SDN — UKRAINE-EO13662/RUSSIA-EO14024,2026-09-22
SPECIAL TECHNOLOGY SERVICES LLC FZ,AE,US OFAC SDN — CAATSA - RUSSIA,2026-09-22
SPECIAL UNITS OF IRAN'S LAW ENFORCEMENT FORCES,IR,US OFAC SDN — IRAN-HR,2026-09-22
SPEED TRANSPORTATION LIMITED,IR,US OFAC SDN — IRAN,2026-09-22
SPI INTERNATIONAL,ZA,US OFAC SDN — IRAN-EO13846,2026-09-22
"SPIRIDONOV, Alexander Yurevich",RU,US OFAC SDN — RUSSIA-EO14024,2026-09-22
SPIRIT OF CASPER,PA,US OFAC SDN — IRAN-EO13846,2026-09-22
SPRING SHIPPING LIMITED,IR,US OFAC SDN — IRAN,2026-09-22
SQUARE TANKER MANAGEMENT LTD.,MH,US OFAC SDN — IRAN-EO13902,2026-09-22
SRL SKYLINE AVIATION,SM,US OFAC SDN — UKRAINE-EO13685,2026-09-22
ST. VITAMIN,VC,US OFAC SDN — UKRAINE-EO13661,2026-09-22
STALINGRAD,RU,US OFAC SDN — UKRAINE-EO13685,2026-09-22
"STANKEVICH, Sergey",ZZ,US OFAC SDN — UKRAINE-EO13661,2026-09-22
STAR,LR,US OFAC SDN — IRAN-EO13902,2026-09-22
STAR 18,VN,US OFAC SDN — DPRK4,2026-09-22
STAR FOREST,HK,US OFAC SDN — IRAN-EO13902,2026-09-22
STAR PIONE,BB,US OFAC SDN — IRAN-EO13846,2026-09-22
STAR SHIP MANAGEMENT LIMITED,IR,US OFAC SDN — IRAN,2026-09-22
STAR TWINKLE 6,PA,US OFAC SDN — IRAN-EO13902,2026-09-22
STAR TWINKLE SHIPPING LIMITED,CN,US OFAC SDN — IRAN-EO13902,2026-09-22
STARBOARD SHIPPING INC.,PA,US OFAC SDN — IRAN-EO13902,2026-09-22
STAREX DIS TICARET KIMYA ANONIM SIRKETI,TR,US OFAC SDN — IRAN-EO13846,2026-09-22
STARK I,IR,US OFAC SDN — IRAN,2026-09-22
STARLA,IR,US OFAC SDN — IRAN,2026-09-22
STARPLAS KIMYA SANAYI VE TICARET ANONIM SIRKET,TR,US OFAC SDN — IRAN-EO13846,2026-09-22
"STARSHINOV, Mikhail Yevgenyevich",RU,US OFAC SDN — RUSSIA-EO14024,2026-09-22
STATE AFFAIRS COMMISSION,KP,US OFAC SDN — DPRK3,2026-09-22
STATE AUTHORITY FOR MILITARY INDUSTRY OF THE REPUBLIC OF BELARUS,BY,US OFAC SDN — BELARUS-EO14038,2026-09-22
STATE BANK LUHANSK PEOPLE'S REPUBLIC,UA,US OFAC SDN — UKRAINE-EO13660,2026-09-22
STATE CONCERN NATIONAL PRODUCTION AND AGRICULTURAL ASSOCIATION MASSANDRA,UA,US OFAC SDN — UKRAINE-EO13685,2026-09-22
STATE CORPORATION BANK FOR DEVELOPMENT AND FOREIGN ECONOMIC AFFAIRS VNESHECONOMBANK,RU,US OFAC SDN — UKRAINE-EO13662/RUSSIA-EO14024,2026-09-22
STATE CORPORATION ROSTEC,RU,US OFAC SDN — UKRAINE-EO13662/RUSSIA-EO14024,2026-09-22
STATE ENTERPRISE EVPATORIA SEA COMMERCIAL PORT,UA,US OFAC SDN — UKRAINE-EO13685,2026-09-22
STATE ENTERPRISE FACTORY OF SPARKLING WINE NOVY SVET,UA,US OFAC SDN — UKRAINE-EO13685,2026-09-22
STATE ENTERPRISE FEODOSIA SEA TRADING PORT,UA,US OFAC SDN — UKRAINE-EO13685,2026-09-22
STATE ENTERPRISE KERCH SEA COMMERCIAL PORT,UA,US OFAC SDN — UKRAINE-EO13685,2026-09-22
STATE ENTERPRISE MAGARACH OF THE NATIONAL INSTITUTE OF WINE,UA,US OFAC SDN — UKRAINE-EO13685,2026-09-22
STATE ENTERPRISE SEVASTOPOL SEA TRADING PORT,UA,US OFAC SDN — UKRAINE-EO13685,2026-09-22
STATE ENTERPRISE UNIVERSAL-AVIA,UA,US OFAC SDN — UKRAINE-EO13685,2026-09-22
STATE ENTERPRISE YALTA SEA TRADING PORT,UA,US OFAC SDN — UKRAINE-EO13685,2026-09-22
STATE INSTITUTE FOR EXPERIMENTAL MILITARY MEDICINE OF THE MINISTRY OF DEFENSE,RU,US OFAC SDN — RUSSIA-EO14024,2026-09-22
STATE OWNED FOREIGN TRADE UNITARY ENTERPRISE BELSPETSVNESHTECHNIKA,BY,US OFAC SDN — BELARUS-EO14038,2026-09-22
STATE PLANNING COMMISSION,KP,US OFAC SDN — DPRK3,2026-09-22
STATE RESEARCH CENTER OF THE RUSSIAN FEDERATION FGUP CENTRAL SCIENTIFIC RESEARCH INSTITUTE OF CHEMISTRY AND MECHANICS,RU,US OFAC SDN — CAATSA - RUSSIA,2026-09-22
STATE SCIENTIFIC RESEARCH INSTITUTE OF MECHANICAL ENGINEERING IMENI V.V. BAKHIREVA,RU,US OFAC SDN — UKRAINE-EO13662/RUSSIA-EO14024,2026-09-22
STATE SECURITY COMMITTEE OF THE REPUBLIC OF BELARUS,BY,US OFAC SDN — BELARUS,2026-09-22
STATE SHIPPING COMPANY KERCH SEA FERRY,UA,US OFAC SDN — UKRAINE-EO13685,2026-09-22
"STAVYTSKY, Eduard Anatoliyovych",ZZ,US OFAC SDN — UKRAINE-EO13660,2026-09-22
"STEIGER, Jakob",CH,US OFAC SDN — NPWMD,2026-09-22
STELLA LEONE LIMITED,CY,US OFAC SDN — BELARUS-EO14038,2026-09-22
"STENYAKINA, Ekaterina Petrovna",RU,US OFAC SDN — RUSSIA-EO14024,2026-09-22
STEP A.S.,TR,US OFAC SDN — NPWMD/IFSR,2026-09-22
STEPAN MAKAROV,RU,US OFAC SDN — UKRAINE-EO13662/RUSSIA-EO14024,2026-09-22
"STEPANOV, Artem Nikolaevich",RU,US OFAC SDN — UKRAINE-EO13661/RUSSIA-EO14024,2026-09-22
"STEPANYAN, Karen",ZZ,US OFAC SDN — UKRAINE-EO13685,2026-09-22
STRAIT SHIPBROKERS PTE. LTD.,SG,US OFAC SDN — IRAN-EO13846,2026-09-22
STRASSELINK PTE. LTD.,SG,US OFAC SDN — IRAN-EO13846,2026-09-22
STRATEGIC ROCKET FORCE OF THE KOREAN PEOPLE'S ARMY,KP,US OFAC SDN — NPWMD,2026-09-22
STREAM,IR,US OFAC SDN — IRAN,2026-09-22
STREAM SHIP MANAGEMENT FZCO,AE,US OFAC SDN — UKRAINE-EO13662/RUSSIA-EO14024,2026-09-22
STRONG ROOTS PROVIDER NV,SR,US OFAC SDN — IRAN-EO13846,2026-09-22
STROYGAZMONTAZH,RU,US OFAC SDN — UKRAINE-EO13661,2026-09-22
STROYTRANSGAZ GROUP,RU,US OFAC SDN — UKRAINE-EO13661,2026-09-22
STROYTRANSGAZ HOLDING,CY,US OFAC SDN — UKRAINE-EO13661,2026-09-22
STROYTRANSGAZ LLC,RU,US OFAC SDN — UKRAINE-EO13661,2026-09-22
STROYTRANSGAZ OJSC,RU,US OFAC SDN — UKRAINE-EO13661,2026-09-22
STROYTRANSGAZ-M LLC,RU,US OFAC SDN — UKRAINE-EO13661,2026-09-22
STROYTREYD LLC,RU,US OFAC SDN — DPRK3/RUSSIA-EO14024,2026-09-22
"SU, Lu-Chi",TW,US OFAC SDN — NPWMD,2026-09-22
SUCCESS,BB,US OFAC SDN — UKRAINE-EO13662/RUSSIA-EO14024,2026-09-22
SUCCESS MOVE LTD.,CN,US OFAC SDN — NPWMD/IFSR,2026-09-22
SUDAK,RU,US OFAC SDN — UKRAINE-EO13685,2026-09-22
SUE RC 'FEODOSIA OPTICAL PLANT',UA,US OFAC SDN — UKRAINE-EO13685,2026-09-22
"SUKHARENKA, Stiapan Mikalayevich",ZZ,US OFAC SDN — BELARUS,2026-09-22
"SUKHAREV, Ivan Konstantinovich",RU,US OFAC SDN — RUSSIA-EO14024,2026-09-22
"SULEYMANOV, Renat Ismailovich",RU,US OFAC SDN — RUSSIA-EO14024,2026-09-22
SULLANA,KM,US OFAC SDN — IRAN-EO13902,2026-09-22
SULLANA INC,MH,US OFAC SDN — IRAN-EO13902,2026-09-22
SUM FIVE PETROCHEMICALS TRADING L.L.C,AE,US OFAC SDN — IRAN-EO13846,2026-09-22
SUMMER 5,PA,US OFAC SDN — IRAN-EO13846,2026-09-22
"SUN SCIENCE INTERNATIONAL CO., LIMITED",CN,US OFAC SDN — IRAN-EO13902,2026-09-22
"SUN, Sidong",CN,US OFAC SDN — DPRK4,2026-09-22
"SUN, Wei",CN,US OFAC SDN — NPWMD,2026-09-22
SUNNE CO LIMITED,CN,US OFAC SDN — UKRAINE-EO13662/RUSSIA-EO14024,2026-09-22
SUNNY LAND TRADING LTD,SC,US OFAC SDN — IRAN-EO13902,2026-09-22
SUNOR ILLC,RU,US OFAC SDN — UKRAINE-EO13662/RUSSIA-EO14024,2026-09-22
SUNRISE X TRADING CO LIMITED,CN,US OFAC SDN — UKRAINE-EO13662/RUSSIA-EO14024,2026-09-22
"SUNWAY TECH CO., LTD",CN,US OFAC SDN — NPWMD/IFSR,2026-09-22
SUPREME COUNCIL OF CYBERSPACE,IR,US OFAC SDN — IRAN-TRA,2026-09-22
SURABAYA HOBBY CV,ID,US OFAC SDN — NPWMD/IRGC/IFSR,2026-09-22
SURGUTNEFTEGAS,RU,US OFAC SDN — UKRAINE-EO13662/RUSSIA-EO14024,2026-09-22
"SURI, Muhammad",ZZ,US OFAC SDN — IRAN,2026-09-22
"SURKOV, Vladislav Yurievich",ZZ,US OFAC SDN — UKRAINE-EO13661,2026-09-22
SURREY QUAYS,PA,US OFAC SDN — UKRAINE-EO13662/RUSSIA-EO14024,2026-09-22
SURREY QUAYS COMPANY  LIMITED,MH,US OFAC SDN — UKRAINE-EO13662/RUSSIA-EO14024,2026-09-22
"SVISHCHEV, Dmitry Aleksandrovich",RU,US OFAC SDN — RUSSIA-EO14024,2026-09-22
"SVISTUNOV, Arkady Nikolayevich",RU,US OFAC SDN — RUSSIA-EO14024,2026-09-22
SVYATOY KNYAZ VLADIMIR,RU,US OFAC SDN — UKRAINE-EO13662/RUSSIA-EO14024,2026-09-22
SWANSEAS PORT SERVICES PTE. LTD.,SG,US OFAC SDN — DPRK4,2026-09-22
SWISS MANAGEMENT SERVICES SARL,CH,US OFAC SDN — IRAN,2026-09-22
SWISSOL TRADE DMCC,AE,US OFAC SDN — IRAN-EO13846,2026-09-22
SYMI SHIPPING LIMITED,LR,US OFAC SDN — UKRAINE-EO13662/RUSSIA-EO14024,2026-09-22
SYMPHONY,BB,US OFAC SDN — UKRAINE-EO13662/RUSSIA-EO14024,2026-09-22
SYMPHONY SHIPPING AND MARITIME MANAGEMENT INC,AE,US OFAC SDN — IRAN-EO13846,2026-09-22
SYNERGY GENERAL TRADING FZE,AE,US OFAC SDN — IRAN,2026-09-22
SYRIAN COMPANY FOR INFORMATION TECHNOLOGY,SY,US OFAC SDN — NPWMD,2026-09-22
SYRONICS,SY,US OFAC SDN — NPWMD,2026-09-22
"SYSOYEV, Vasiliy Vasilievich",BY,US OFAC SDN — BELARUS-EO14038,2026-09-22
"SYTII, Dmitry Sergeevich",CF,US OFAC SDN — UKRAINE-EO13661,2026-09-22
T-BANK,RU,US OFAC SDN — UKRAINE-EO13662/RUSSIA-EO14024,2026-09-22
T-PLATFORMS,RU,US OFAC SDN — RUSSIA-EO14024,2026-09-22
T.G.A. D.O.O. ZA TRGOVINU I USLUGE,HR,US OFAC SDN — RUSSIA-EO14024,2026-09-22
T7-OKY,ZZ,US OFAC SDN — UKRAINE-EO13685,2026-09-22
"TAATTA, AO",RU,US OFAC SDN — UKRAINE-EO13685,2026-09-22
"TABACHNYK, Dmytro Volodymyrovych",ZZ,US OFAC SDN — UKRAINE-EO13660,2026-09-22
TABAK INVEST LLC,BY,US OFAC SDN — BELARUS-EO14038,2026-09-22
TABAN 1,IR,US OFAC SDN — IRAN/NPWMD/IFSR,2026-09-22
"TABATABAEI, Sayyid Ali Akbar",ZZ,US OFAC SDN — IRGC/IFSR,2026-09-22
"TABATABAEI, Seyyed Mohammad Ali Khatibi",ZZ,US OFAC SDN — IRAN,2026-09-22
"TABATABAI, Seyyed Aminollah Emami",IR,US OFAC SDN — IRGC/IRAN-HR,2026-09-22
TABCHEM CHEMICAL INDUSTRIES CO.,IR,US OFAC SDN — IRAN-EO13876,2026-09-22
TABRIZ PETROCHEMICAL COMPANY,IR,US OFAC SDN — IRAN,2026-09-22
TABUK,TG,US OFAC SDN — IRAN/NPWMD/IFSR,2026-09-22
TACTICAL MISSILES CORPORATION JSC,RU,US OFAC SDN — UKRAINE-EO13662/RUSSIA-EO14024,2026-09-22
TADBIR BROKERAGE COMPANY,IR,US OFAC SDN — IRAN,2026-09-22
TADBIR CONSTRUCTION DEVELOPMENT COMPANY,IR,US OFAC SDN — IRAN,2026-09-22
TADBIR DRILLING DEVELOPMENT COMPANY,IR,US OFAC SDN — IRAN-EO13876,2026-09-22
TADBIR ECONOMIC DEVELOPMENT GROUP,IR,US OFAC SDN — IRAN/IRAN-EO13876,2026-09-22
TADBIR ENERGY DEVELOPMENT GROUP CO.,IR,US OFAC SDN — IRAN/IRAN-EO13876,2026-09-22
TADBIR INVESTMENT COMPANY,IR,US OFAC SDN — IRAN,2026-09-22
TADBIRGARAN ATIYEH IRANIAN INVESTMENT COMPANY,IR,US OFAC SDN — IFSR,2026-09-22
TAE DONG GANG,KP,US OFAC SDN — DPRK,2026-09-22
"TAEB, Hossein",ZZ,US OFAC SDN — IRGC/IRAN-HR,2026-09-22
TAGABO MARITIME CORPORATION,SC,US OFAC SDN — UKRAINE-EO13662/RUSSIA-EO14024,2026-09-22
"TAGHIPOUR, Reza",ZZ,US OFAC SDN — IRAN-TRA,2026-09-22
TAGHTIRAN KASHAN COMPANY,IR,US OFAC SDN — NPWMD/IFSR,2026-09-22
TAGOR,PA,US OFAC SDN — IRAN-EO13902,2026-09-22
"TAHERI, Ahmad",IR,US OFAC SDN — IRAN-HR,2026-09-22
"TAHERISHABAN, Javad",IR,US OFAC SDN — IRAN-HR,2026-09-22
TAIMYRBURSERVIS,RU,US OFAC SDN — UKRAINE-EO13662/RUSSIA-EO14024,2026-09-22
TAKTAR INVESTMENT COMPANY,IR,US OFAC SDN — IFSR,2026-09-22
"TALAEI NIK, Reza",IR,US OFAC SDN — IRAN-CON-ARMS-EO,2026-09-22
TALIEH SABZ JEHAN GROUP COMPANY,IR,US OFAC SDN — IRGC/IFSR,2026-09-22
TALISMAN,BB,US OFAC SDN — UKRAINE-EO13662/RUSSIA-EO14024,2026-09-22
TALOON COMPANY,IR,US OFAC SDN — IRAN-EO13876,2026-09-22
"TAMADDON, Morteza",ZZ,US OFAC SDN — IRAN-TRA,2026-09-22
"TAMARZADEH ZAVIEH JAKKI, Shahram Ali Reza",IR,US OFAC SDN — IRAN-HR,2026-09-22
TAMAS COMPANY,IR,US OFAC SDN — IRAN,2026-09-22
"TAMBE, Elyas Jafer",AE,US OFAC SDN — IRAN-EO13902,2026-09-22
TAMBOVSKII POROKHOVOI ZAVOD,RU,US OFAC SDN — UKRAINE-EO13662/RUSSIA-EO14024,2026-09-22
"TAN, Wee Beng",SG,US OFAC SDN — DPRK,2026-09-22
TANAIS WAY GENERAL TRADING L.L.C,AE,US OFAC SDN — IRAN-EO13846,2026-09-22
"TANAVAR, Hossein",IR,US OFAC SDN — IRGC/IRAN-HR,2026-09-22
TANCHON COMMERCIAL BANK,KP,US OFAC SDN — NPWMD,2026-09-22
TANGO,BB,US OFAC SDN — UKRAINE-EO13662/RUSSIA-EO14024,2026-09-22
"TANGSIRI, Ali Reza",IR,US OFAC SDN — NPWMD/IRGC/IFSR,2026-09-22
"TANIDEH, Hossein",ZZ,US OFAC SDN — NPWMD/IFSR,2026-09-22
TARA STEEL TRADING GMBH,DE,US OFAC SDN — IRAN-EO13871,2026-09-22
TARADIS,IR,US OFAC SDN — IRAN/NPWMD/IFSR,2026-09-22
TARGET TRANSPORTATION LIMITED,IR,US OFAC SDN — IRAN,2026-09-22
TARH O PALAYESH,IR,US OFAC SDN — NPWMD/IFSR,2026-09-22
"TARZALI, Ali",IR,US OFAC SDN — IFSR,2026-09-22
TASCA,ZZ,US OFAC SDN — UKRAINE-EO13662/IRAN-EO13846/RUSSIA-EO14024,2026-09-22
TASNIM NEWS AGENCY,IR,US OFAC SDN — IRGC/IFSR/IRAN-HR,2026-09-22
TASSOS,LR,US OFAC SDN — IRAN-EO13902,2026-09-22
TAT BANK,IR,US OFAC SDN — IRAN,2026-09-22
"TATARCHENKO, Denis Sergeyevich",RU,US OFAC SDN — NPWMD/CAATSA - RUSSIA,2026-09-22
"TATRIEV, Muslim Barisovich",RU,US OFAC SDN — RUSSIA-EO14024,2026-09-22
"TAVAKKOLI, Hossein",IR,US OFAC SDN — IRAN-EO13846,2026-09-22
"TAVAN, Resit",ZZ,US OFAC SDN — NPWMD/IFSR,2026-09-22
"TAVANA, Ali Akbar Rezaei",IR,US OFAC SDN — IRAN-HR,2026-09-22
"TAYMAZOV, Artur Borisovich",RU,US OFAC SDN — RUSSIA-EO14024,2026-09-22
"TAYSAEV, Kazbek Kutsukovich",RU,US OFAC SDN — RUSSIA-EO14024,2026-09-22
TB ANPING,LR,US OFAC SDN — IRAN-EO13902,2026-09-22
TC SHIPPING COMPANY LIMITED,CY,US OFAC SDN — IRAN,2026-09-22
TEAMFORD ENTERPRISES LIMITED,CN,US OFAC SDN — IRAN-EO13846,2026-09-22
TECHNICAL RECONNAISSANCE BUREAU,KP,US OFAC SDN — DPRK2,2026-09-22
TECHNOLAB,LB,US OFAC SDN — NPWMD,2026-09-22
TECHNOTAR ENGINEERING COMPANY,IR,US OFAC SDN — IFSR,2026-09-22
TEHRAN CEMENT COMPANY,IR,US OFAC SDN — IRAN-EO13876,2026-09-22
"TEHRAN GOSTARESH COMPANY, P.J.S.",IR,US OFAC SDN — NPWMD/IRGC/IFSR,2026-09-22
TEHRAN INTERNATIONAL TRANSPORT CO,IR,US OFAC SDN — IRAN-EO13876,2026-09-22
TEHRAN PRISONS ORGANIZATION,IR,US OFAC SDN — IRAN-HR,2026-09-22
"TEHRANI, Sayyed Mohammad Ali Haddadnezhad",IR,US OFAC SDN — NPWMD/IRGC/IFSR,2026-09-22
TEJARAT ALMAS MOBIN HOLDING,IR,US OFAC SDN — IRGC/IFSR,2026-09-22
TEJARAT HERMES ENERGY QESHM,IR,US OFAC SDN — IRAN-EO13902,2026-09-22
TEKHNOLOGII KREDITOVANIYA LIMITED LIABILITY COMPANY,RU,US OFAC SDN — RUSSIA-EO14024,2026-09-22
"TEKHNOLOGIYA, OOO",RU,US OFAC SDN — DPRK,2026-09-22
TEKHNOSOFT OOO,RU,US OFAC SDN — RUSSIA-EO14024,2026-09-22
TEKHNRAIZ,RU,US OFAC SDN — UKRAINE-EO13662/RUSSIA-EO14024,2026-09-22
"TEMIRGALIEV, Rustam Ilmirovich",ZZ,US OFAC SDN — UKRAINE-EO13660,2026-09-22
"TEN, Sergey Yuryevich",RU,US OFAC SDN — RUSSIA-EO14024,2026-09-22
TENREACH,HK,US OFAC SDN — IRAN/NPWMD/IFSR,2026-09-22
TEODOR SHIPPING L.L.C,AE,US OFAC SDN — IRAN-EO13902,2026-09-22
TEREAL INDUSTRY AND TRADE LIMITED,CN,US OFAC SDN — NPWMD/IFSR,2026-09-22
"TERENTIEV, Vladimir Nikolaevich",UA,US OFAC SDN — UKRAINE-EO13660,2026-09-22
"TERENTYEV, Alexander Vasilyevich",RU,US OFAC SDN — RUSSIA-EO14024,2026-09-22
"TERENTYEV, Mikhail Borisovich",RU,US OFAC SDN — RUSSIA-EO14024,2026-09-22
TERMEH,IR,US OFAC SDN — IRAN/NPWMD/IFSR,2026-09-22
"TERYUSHKOV, Roman Igorevich",RU,US OFAC SDN — RUSSIA-EO14024,2026-09-22
"TETERDINKO, Alexander Pavlovich",RU,US OFAC SDN — RUSSIA-EO14024,2026-09-22
TETHIS 7,PW,US OFAC SDN — IRAN-EO13846,2026-09-22
TETHIS SHIPPING CO,UA,US OFAC SDN — IRAN-EO13846,2026-09-22
TETON GLOBAL TRADING LIMITED,CN,US OFAC SDN — IRAN-EO13902,2026-09-22
TEX,LR,US OFAC SDN — IRAN-EO13902,2026-09-22
TEYF TADBIR ARYA ENGINEERING COMPANY,IR,US OFAC SDN — NPWMD/IRGC/IFSR,2026-09-22
THAE PYONG SAN,KP,US OFAC SDN — DPRK3,2026-09-22
THAEPHYONGSAN SHIPPING CO LTD,KP,US OFAC SDN — DPRK3,2026-09-22
THALIA III,PA,US OFAC SDN — UKRAINE-EO13662/RUSSIA-EO14024,2026-09-22
THANASIS,PW,US OFAC SDN — IRAN-EO13846,2026-09-22
THANE,SM,US OFAC SDN — IRAN-EO13902,2026-09-22
THASOS MARITIME AND TRADING S.A.,PA,US OFAC SDN — IRAN-EO13902,2026-09-22
THE EARTH EYE CO,CN,US OFAC SDN — IRAN-CON-ARMS-EO,2026-09-22
THE FOUNDATION FOR NATIONAL VALUES PROTECTION,RU,US OFAC SDN — UKRAINE-EO13661,2026-09-22
THE LIMITED LIABILITY COMPANY INVESTMENT COMPANY ABROS,RU,US OFAC SDN — UKRAINE-EO13661,2026-09-22
THE NUCLEAR REACTORS FUEL COMPANY,IR,US OFAC SDN — IRAN,2026-09-22
THE ORGANIZATION OF DEFENSIVE INNOVATION AND RESEARCH,IR,US OFAC SDN — NPWMD/IFSR,2026-09-22
THE PLANAR COMPANY,RU,US OFAC SDN — RUSSIA-EO14024,2026-09-22
THE WILLETT HOTEL LIMITED,GB,US OFAC SDN — IRAN-EO13902,2026-09-22
THE ZULU SHIPS MANAGEMENT AND OPERATION - SOLE PROPRIETORSHIP L.L.C,AE,US OFAC SDN — IRAN-EO13902,2026-09-22
THEA,PA,US OFAC SDN — IRAN-EO13846,2026-09-22
THEMIS,PA,US OFAC SDN — IRAN-EO13902,2026-09-22
THEMIS LIMITED,MH,US OFAC SDN — IRAN-EO13902,2026-09-22
THINH CUONG COMPANY LIMITED,VN,US OFAC SDN — DPRK4,2026-09-22
THRIVING TIMES INTERNATIONAL CO LTD,GB,US OFAC SDN — IRAN-EO13846,2026-09-22
TIAN FANG HONG KONG HOLDINGS LIMITED,CN,US OFAC SDN — DPRK3,2026-09-22
"TIAN, Yinyin",CN,US OFAC SDN — DPRK3,2026-09-22
"TIANYI INTERNATIONAL DALIAN CO., LTD.",CN,US OFAC SDN — IRAN-EO13846,2026-09-22
TIBALAJI PETROCHEM PRIVATE LIMITED,IN,US OFAC SDN — IRAN-EO13846,2026-09-22
TIDAL RHYTHM,PA,US OFAC SDN — IRAN-EO13902,2026-09-22
TIDEWATER MIDDLE EAST CO.,IR,US OFAC SDN — NPWMD/IRGC/IFSR,2026-09-22
TIFANI,PW,US OFAC SDN — IRAN-EO13846,2026-09-22
TIGHTSHIP SHIPPING MANAGEMENT (OPC) PRIVATE LIMITED,IN,US OFAC SDN — IRAN-EO13902,2026-09-22
TILOS MARITIME AND TRADING S.A.,PA,US OFAC SDN — IRAN-EO13902,2026-09-22
"TIMCHENKO, Gennady Nikolayevich",CH,US OFAC SDN — UKRAINE-EO13661/RUSSIA-EO14024,2026-09-22
"TIMER BANK, AO",RU,US OFAC SDN — DPRK3/RUSSIA-EO14024,2026-09-22
"TIMOFEEV, Aleksandr Yurievich",UA,US OFAC SDN — UKRAINE-EO13660,2026-09-22
TIMOFEY GUZHENKO,RU,US OFAC SDN — UKRAINE-EO13662/RUSSIA-EO14024,2026-09-22
TIMON,LR,US OFAC SDN — IRAN-EO13902,2026-09-22
TINOS I,PA,US OFAC SDN — IRAN-EO13902,2026-09-22
"TIRANDAZ, Payam",IR,US OFAC SDN — IRAN-HR,2026-09-22
TIS,RU,US OFAC SDN — UKRAINE-EO13662/RUSSIA-EO14024,2026-09-22
TISA KISH,IR,US OFAC SDN — IRAN,2026-09-22
TITAN,ZZ,US OFAC SDN — IRAN-EO13902,2026-09-22
TITAN SEAWAYS LTD,LR,US OFAC SDN — IRAN-EO13902,2026-09-22
TIVA DARYA,IR,US OFAC SDN — NPWMD/IFSR,2026-09-22
TIVA KARA CO. LTD.,IR,US OFAC SDN — NPWMD/IFSR,2026-09-22
TIVA POLYMER CO.,IR,US OFAC SDN — NPWMD/IFSR,2026-09-22
TIVA SANAT GROUP,IR,US OFAC SDN — NPWMD/IFSR,2026-09-22
"TKACHOU, Alyaksandr Henadzievich",BY,US OFAC SDN — BELARUS-EO14038,2026-09-22
TNG GRUPP,RU,US OFAC SDN — UKRAINE-EO13662/RUSSIA-EO14024,2026-09-22
TNK TRADING INTERNATIONAL S.A.,CH,US OFAC SDN — UKRAINE-EO13662,2026-09-22
TOA PAYOH,PA,US OFAC SDN — IRAN-EO13902,2026-09-22
"TODOROVA, Anna Yurievna",UA,US OFAC SDN — RUSSIA-EO14065,2026-09-22
"TOKAREV, Nikolay Petrovich",RU,US OFAC SDN — RUSSIA-EO14024,2026-09-22
"TOKAREVA, Galina Alekseyevna",RU,US OFAC SDN — RUSSIA-EO14024,2026-09-22
"TOKAREVA, Maiya Nikolaevna",RU,US OFAC SDN — RUSSIA-EO14024,2026-09-22
TOLOU,IR,US OFAC SDN — IRAN,2026-09-22
TONDA SOURCE,PA,US OFAC SDN — IRAN-EO13846,2026-09-22
TONG HUNG 1,KP,US OFAC SDN — DPRK3,2026-09-22
TONG HUNG 5,KP,US OFAC SDN — DPRK4,2026-09-22
TONGHUNG SHIPPING & TRADING CO,KP,US OFAC SDN — DPRK4,2026-09-22
TONIL,PA,US OFAC SDN — IRAN-EO13902,2026-09-22
TOP TECHNOLOGIES SARL,LB,US OFAC SDN — NPWMD,2026-09-22
TOPAZ,BB,US OFAC SDN — UKRAINE-EO13662/RUSSIA-EO14024,2026-09-22
"TOPOR-GILKA, Sergey Anatolyevich",RU,US OFAC SDN — UKRAINE-EO13685,2026-09-22
TOPSAIL SHIPHOLDING INC.,MH,US OFAC SDN — IRAN-EO13902,2026-09-22
"TOPUZIDIS, Pavel Georgievich",BY,US OFAC SDN — BELARUS-EO14038,2026-09-22
"TORGAN CO., LIMITED",CN,US OFAC SDN — IRAN-EO13846,2026-09-22
"TORSHIN, Alexander Porfiryevich",RU,US OFAC SDN — UKRAINE-EO13661,2026-09-22
TOSEE EQTESAD AYANDEHSAZAN COMPANY,IR,US OFAC SDN — IRAN,2026-09-22
TOSEE TAAVON BANK,IR,US OFAC SDN — IRAN/IRAN-EO13902,2026-09-22
TOSONG TECHNOLOGY TRADING CORPORATION,KP,US OFAC SDN — NPWMD,2026-09-22
"TOTOONOV, Aleksandr Borisovich",ZZ,US OFAC SDN — UKRAINE-EO13661,2026-09-22
"TOULAI, Mohammad Hassan",IR,US OFAC SDN — IRAN-EO13846,2026-09-22
TOURISM BANK,IR,US OFAC SDN — IRAN/IRAN-EO13902,2026-09-22
TOUSKA,IR,US OFAC SDN — IRAN/NPWMD/IFSR,2026-09-22
TOWLID ABZAR BORESHI IRAN,IR,US OFAC SDN — NPWMD/IFSR,2026-09-22
TR6 PETRO INDIA LLP,IN,US OFAC SDN — IRAN-EO13846,2026-09-22
TRADE BRIDGE GLOBAL INC.,MH,US OFAC SDN — IRAN-EO13902,2026-09-22
TRANS ARCTIC GLOBAL MARINE SERVICES PTE. LTD.,SG,US OFAC SDN — IRAN-EO13902,2026-09-22
TRANS KAPITAL LIMITED LIABILITY COMPANY,RU,US OFAC SDN — DPRK,2026-09-22
"TRANS LOGISTIK, OOO",RU,US OFAC SDN — UKRAINE-EO13661,2026-09-22
TRANS MERITS CO. LTD.,TW,US OFAC SDN — NPWMD,2026-09-22
TRANS MULTI MECHANICS CO. LTD.,TW,US OFAC SDN — NPWMD,2026-09-22
TRANS-FLOT JSC,RU,US OFAC SDN — UKRAINE-EO13685,2026-09-22
TRANSATLANTIC PARTNERS PTE. LTD.,SG,US OFAC SDN — DPRK3,2026-09-22
TRANSMASHHOLDING JSC,RU,US OFAC SDN — UKRAINE-EO13662/RUSSIA-EO14024,2026-09-22
TRANSPETROCHART CO LTD,RU,US OFAC SDN — UKRAINE-EO13685,2026-09-22
TRANSSERVICE LLC,RU,US OFAC SDN — UKRAINE-EO13661,2026-09-22
"TRASTOK SHIPPING CO., LTD.",MH,US OFAC SDN — IRAN-EO13846,2026-09-22
TRIDENT INFINITY LIMITED,IN,US OFAC SDN — UKRAINE-EO13662/RUSSIA-EO14024,2026-09-22
"TRIFONOV, Andrey Fedorovich",RU,US OFAC SDN — RUSSIA-EO14024,2026-09-22
TRIGRON LOJISTIK KARGO LIMITED SIRKETI,TR,US OFAC SDN — IFSR,2026-09-22
TRILIANCE PETROCHEMICAL CO. LTD.,HK,US OFAC SDN — IRAN-EO13846,2026-09-22
TRIMA,CK,US OFAC SDN — IRAN-EO13846,2026-09-22
TRINITEX OOO,RU,US OFAC SDN — RUSSIA-EO14024,2026-09-22
TRIO ENERGY DMCC,AE,US OFAC SDN — IRAN-EO13846,2026-09-22
TRIOLIN TRADE FZCO,AE,US OFAC SDN — IRAN-EO13846,2026-09-22
TRIS GAS,CM,US OFAC SDN — IRAN-EO13902,2026-09-22
TRIUMPH,BB,US OFAC SDN — UKRAINE-EO13662/RUSSIA-EO14024,2026-09-22
TRUGEN,KM,US OFAC SDN — IRAN-EO13846,2026-09-22
TRUONG PHAT LOC SHIPPING TRADING JOINT STOCK COMPANY,VN,US OFAC SDN — IRAN-EO13846,2026-09-22
TRUST,BB,US OFAC SDN — UKRAINE-EO13662/RUSSIA-EO14024,2026-09-22
"TRUTNEV, Yuriy Petrovich",RU,US OFAC SDN — RUSSIA-EO14024,2026-09-22
TRYFO NAVIGATION INC.,MH,US OFAC SDN — IRAN-EO13902,2026-09-22
"TSAI, Hsein Tai",TW,US OFAC SDN — NPWMD,2026-09-22
"TSALIKOV, Ruslan",RU,US OFAC SDN — RUSSIA-EO14024,2026-09-22
"TSANG, Yung Yuan",TW,US OFAC SDN — DPRK3,2026-09-22
"TSARYOV, Oleh Anatolievich",UA,US OFAC SDN — UKRAINE-EO13660,2026-09-22
"TSED, Nikolay Grigorevich",RU,US OFAC SDN — RUSSIA-EO14024,2026-09-22
"TSEKOV, Serhiy Pavlovich",RU,US OFAC SDN — UKRAINE-EO13660/RUSSIA-EO14024,2026-09-22
"TSELIKAVIETS, Iryna Aliaksandrawna",BY,US OFAC SDN — BELARUS,2026-09-22
TSENTR NAUCHNO ISSLEDOVATELSKIKH I PROIZVODSTVENNYKH RABOT,RU,US OFAC SDN — UKRAINE-EO13662/RUSSIA-EO14024,2026-09-22
"TSERTSEL, Ivan Stanislavavich",BY,US OFAC SDN — BELARUS,2026-09-22
TSIFROVYE TEKHNOLOGII BUDUSHCHEGO LIMITED LIABILITY COMPANY,RU,US OFAC SDN — RUSSIA-EO14024,2026-09-22
"TSMRBANK, OOO",RU,US OFAC SDN — UKRAINE-EO13660/DPRK3/RUSSIA-EO14024,2026-09-22
TSS LIMITED LIABILITY COMPANY,RU,US OFAC SDN — UKRAINE-EO13662/RUSSIA-EO14024,2026-09-22
"TSUNAEVA, Elena Moiseevna",RU,US OFAC SDN — RUSSIA-EO14024,2026-09-22
"TSYPLAKOV, Sergey Gennadevich",ZZ,US OFAC SDN — UKRAINE-EO13660,2026-09-22
TUKA METAL TRADING DMCC,AE,US OFAC SDN — IRAN-EO13871,2026-09-22
TULIP,CM,US OFAC SDN — IRAN-EO13902,2026-09-22
"TUMUSOV, Fedot Semonovich",RU,US OFAC SDN — RUSSIA-EO14024,2026-09-22
TURACO,PA,US OFAC SDN — UKRAINE-EO13662/RUSSIA-EO14024,2026-09-22
"TURANLU, Mohsen Sayyadi",IR,US OFAC SDN — IRGC/IFSR,2026-09-22
TURIRA COMPANY,TR,US OFAC SDN — IRAN-EO13876,2026-09-22
TURKIZ FUEL TRADING LLC,AE,US OFAC SDN — IRAN-EO13902,2026-09-22
"TUROV, Artyom Viktorovich",RU,US OFAC SDN — RUSSIA-EO14024,2026-09-22
TURQUOISE SEA MARINE LIMITED,SC,US OFAC SDN — IRAN-EO13902,2026-09-22
TUSITALA,GM,US OFAC SDN — IRAN-EO13902,2026-09-22
"TUTOVA, Larisa Nikolayevna",RU,US OFAC SDN — RUSSIA-EO14024,2026-09-22
TWELFTH OCEAN ADMINISTRATION GMBH,DE,US OFAC SDN — IRAN,2026-09-22
TWELFTH OCEAN GMBH & CO. KG,DE,US OFAC SDN — IRAN,2026-09-22
TYCHE I,PA,US OFAC SDN — IRAN-EO13846,2026-09-22
TYMEN,RU,US OFAC SDN — UKRAINE-EO13662/RUSSIA-EO14024,2026-09-22
"TYURIN, Denis Valeriyevich",RU,US OFAC SDN — NPWMD/CAATSA - RUSSIA,2026-09-22
"U BEACON SHIPPING CO., LIMITED",CN,US OFAC SDN — IRAN-EO13902,2026-09-22
"U, Yong Su",CN,US OFAC SDN — DPRK4,2026-09-22
UDS NEFT,RU,US OFAC SDN — UKRAINE-EO13662/RUSSIA-EO14024,2026-09-22
UE RUBISTAR,BY,US OFAC SDN — RUSSIA-EO14024/BELARUS-EO14038,2026-09-22
"UGOLNYE TEKHNOLOGII, OOO",RU,US OFAC SDN — UKRAINE-EO13660,2026-09-22
UL JI BONG 6,KP,US OFAC SDN — DPRK4,2026-09-22
ULTIMATE SPIRIT LIMITED,CN,US OFAC SDN — IRAN-EO13902,2026-09-22
"ULYUTINA, Galina Olegovna",RU,US OFAC SDN — RUSSIA-EO14024,2026-09-22
UMBA,RU,US OFAC SDN — UKRAINE-EO13662/RUSSIA-EO14024,2026-09-22
UMKA,RU,US OFAC SDN — RUSSIA-EO14024,2026-09-22
UN RYUL,KP,US OFAC SDN — DPRK4,2026-09-22
UNICIOUS ENERGY PTE. LTD.,SG,US OFAC SDN — IRAN-EO13846,2026-09-22
"UNITE RESOURCES CO., LIMITED",CN,US OFAC SDN — IRAN-EO13846,2026-09-22
UNITED CHARTERING S.A.,MH,US OFAC SDN — IRAN-EO13902,2026-09-22
UNITED TANKERS LTD,MH,US OFAC SDN — IRAN-EO13902,2026-09-22
UNITED WORLD INTERNATIONAL,RU,US OFAC SDN — UKRAINE-EO13661,2026-09-22
UNIVERSAL,BB,US OFAC SDN — UKRAINE-EO13662/RUSSIA-EO14024,2026-09-22
UNIVERSAL SHIPPING AND TRANSPORTATION LIMITED,IR,US OFAC SDN — IRAN,2026-09-22
UNIVERSE SHIPPING LIMITED,IR,US OFAC SDN — IRAN,2026-09-22
UNIVEST LIMITED,CN,US OFAC SDN — IRAN-EO13846,2026-09-22
UR-BXI,ZZ,US OFAC SDN — IRAN,2026-09-22
UR-CBD,ZZ,US OFAC SDN — IRAN,2026-09-22
UR-CJW,ZZ,US OFAC SDN — NPWMD/IFSR,2026-09-22
UR-CKF,ZZ,US OFAC SDN — NPWMD/IFSR,2026-09-22
UR-CKG,ZZ,US OFAC SDN — NPWMD/IFSR,2026-09-22
UR-CKJ,ZZ,US OFAC SDN — NPWMD/IFSR,2026-09-22
UR-CKX,ZZ,US OFAC SDN — IFSR,2026-09-22
UR-CKY,ZZ,US OFAC SDN — NPWMD/IFSR,2026-09-22
UR-CKZ,ZZ,US OFAC SDN — IFSR,2026-09-22
URANIUM PROCESSING AND NUCLEAR FUEL COMPANY,IR,US OFAC SDN — IRAN,2026-09-22
URANUS,TZ,US OFAC SDN — IRAN-EO13902,2026-09-22
"URDANETA GONZALEZ, Jose Jesus",VE,US OFAC SDN — IRAN-CON-ARMS-EO,2026-09-22
URGANE I,PA,US OFAC SDN — IRAN-EO13902,2026-09-22
"USACHEV, Oleg",ZZ,US OFAC SDN — UKRAINE-EO13661,2026-09-22
USM LIMITED LIABILITY COMPANY,RU,US OFAC SDN — RUSSIA-EO14024,2026-09-22
"USMANOV, Alisher Burhanovich",RU,US OFAC SDN — RUSSIA-EO14024,2026-09-22
"USTINOV, Vladimir Vasilyevich",RU,US OFAC SDN — UKRAINE-EO13661/RUSSIA-EO14024,2026-09-22
"UTELIZ RESOURCES CO., LIMITED",CN,US OFAC SDN — IRAN-EO13846,2026-09-22
"UTKIN, Dmitriy Valeryevich",RU,US OFAC SDN — UKRAINE-EO13660,2026-09-22
"UTYASHEVA, Rimma Amirovna",RU,US OFAC SDN — RUSSIA-EO14024,2026-09-22
"VAD, AO",RU,US OFAC SDN — UKRAINE-EO13685,2026-09-22
"VAHABZADEH MOGHADAM, Seyed Mohsen",IR,US OFAC SDN — NPWMD/IRGC/IFSR,2026-09-22
"VAHIDI, Ahmad",IR,US OFAC SDN — NPWMD/IFSR/IRAN-HR/IRAN-CON-ARMS-EO,2026-09-22
"VAINO, Anton Eduardovich",RU,US OFAC SDN — RUSSIA-EO14024,2026-09-22
VAKILABAD PRISON,IR,US OFAC SDN — CAATSA - IRAN,2026-09-22
"VALADZAGHARD, Mohammadreza Khedmati",ZZ,US OFAC SDN — IRGC/IFSR,2026-09-22
VALENTIN PIKUL,RU,US OFAC SDN — UKRAINE-EO13662/RUSSIA-EO14024,2026-09-22
VALFAJR SHIPPING COMPANY PJS,IR,US OFAC SDN — IRAN,2026-09-22
VALFAJR2,IR,US OFAC SDN — IRAN,2026-09-22
VALIANT MARINE VENTURES FZE,AE,US OFAC SDN — IRAN-EO13846,2026-09-22
"VALIULIN, Timur Samirovich",RU,US OFAC SDN — UKRAINE-EO13661,2026-09-22
"VALIZADEH, Ghorban Mohammad",IR,US OFAC SDN — IRGC/IFSR/IRAN-HR,2026-09-22
VALOUR,PA,US OFAC SDN — UKRAINE-EO13662/RUSSIA-EO14024,2026-09-22
VANGUARD,BB,US OFAC SDN — UKRAINE-EO13662/RUSSIA-EO14024,2026-09-22
VANGUARD MARINE VENTURES INC.,AE,US OFAC SDN — IRAN-EO13846,2026-09-22
VANI,SM,US OFAC SDN — IRAN-EO13902,2026-09-22
VANITY,SM,US OFAC SDN — IRAN-EO13902,2026-09-22
"VARABEI, Mikalai Mikalaevich",BY,US OFAC SDN — BELARUS,2026-09-22
"VARELA DE LEON, Hector",PA,US OFAC SDN — IRAN-EO13902,2026-09-22
"VASANOVICH, Marina Evgenyevna",RU,US OFAC SDN — CAATSA - RUSSIA,2026-09-22
"VASEGHI, Leila",IR,US OFAC SDN — IRAN-HR,2026-09-22
VASEPARI SEPEHR PARS,IR,US OFAC SDN — IRAN,2026-09-22
"VASHKEVICH, Vladimir Vladimirovich",BY,US OFAC SDN — BELARUS-EO14038,2026-09-22
"VASILIEV, Anatoly Ivanovich",BY,US OFAC SDN — BELARUS-EO14038,2026-09-22
"VASILIEV, Kirill Yurievich",RU,US OFAC SDN — RUSSIA-EO14024,2026-09-22
VASILY DINKOV,RU,US OFAC SDN — UKRAINE-EO13662/RUSSIA-EO14024,2026-09-22
"VASILYEV, Nikolay Ivanovich",RU,US OFAC SDN — RUSSIA-EO14024,2026-09-22
"VASYUTA, Andrey Gennadievich",ZZ,US OFAC SDN — UKRAINE-EO13660,2026-09-22
"VAZIRI, Hossein Nosratollah",MY,US OFAC SDN — NPWMD/IFSR,2026-09-22
VEB ASIA LIMITED,CN,US OFAC SDN — UKRAINE-EO13662/RUSSIA-EO14024,2026-09-22
VEB CAPITAL,RU,US OFAC SDN — UKRAINE-EO13662/RUSSIA-EO14024,2026-09-22
VEB ENGINEERING LLC,RU,US OFAC SDN — UKRAINE-EO13662/RUSSIA-EO14024,2026-09-22
VEB LEASING OJSC,RU,US OFAC SDN — UKRAINE-EO13662/RUSSIA-EO14024,2026-09-22
"VEDYAKHIN, Alexander Aleksandrovich",RU,US OFAC SDN — RUSSIA-EO14024,2026-09-22
VEGA STAR SHIP MANAGEMENT PRIVATE LIMITED,IN,US OFAC SDN — IRAN-EO13902,2026-09-22
"VEKSELBERG, Viktor Feliksovich",RU,US OFAC SDN — UKRAINE-EO13662/RUSSIA-EO14024,2026-09-22
"VELAYATI, Ali Akbar",IR,US OFAC SDN — IRAN-EO13876,2026-09-22
VELESSTROI LIMITED LIABILITY COMPANY,RU,US OFAC SDN — UKRAINE-EO13662/RUSSIA-EO14024,2026-09-22
VELIKIY NOVGOROD,BB,US OFAC SDN — UKRAINE-EO13662/RUSSIA-EO14024,2026-09-22
VELMUR MANAGEMENT PTE LTD,SG,US OFAC SDN — DPRK3,2026-09-22
VENTURE,PA,US OFAC SDN — UKRAINE-EO13662/RUSSIA-EO14024,2026-09-22
"VERHOV, Artem Aleksandrovich",RU,US OFAC SDN — UKRAINE-EO13662/RUSSIA-EO14024,2026-09-22
VERONICA III,PA,US OFAC SDN — IRAN-EO13902,2026-09-22
VERSA,PA,US OFAC SDN — IRAN-EO13902,2026-09-22
VERSOR S.R.O.,SK,US OFAC SDN — DPRK,2026-09-22
VERTOLETY ROSSII AO,RU,US OFAC SDN — UKRAINE-EO13662/RUSSIA-EO14024,2026-09-22
VESNA,BZ,US OFAC SDN — UKRAINE-EO13662/IRAN-EO13902/RUSSIA-EO14024,2026-09-22
VETER,CM,US OFAC SDN — IRAN-EO13846,2026-09-22
VETERAN,RU,US OFAC SDN — UKRAINE-EO13662/RUSSIA-EO14024,2026-09-22
"VETSIANEVICH, Aliaksandr Piatrovich",BY,US OFAC SDN — BELARUS-EO14038,2026-09-22
VIAN STEEL COMPLEX,IR,US OFAC SDN — IRAN-EO13871,2026-09-22
VIANA,IR,US OFAC SDN — IRAN/NPWMD/IFSR,2026-09-22
VICENS MARINE CO,MH,US OFAC SDN — IRAN-EO13846,2026-09-22
VICSCENE,BB,US OFAC SDN — IRAN-EO13846,2026-09-22
VICTOR KONETSKY,PA,US OFAC SDN — UKRAINE-EO13662/RUSSIA-EO14024,2026-09-22
VICTORY 2,MN,US OFAC SDN — DPRK3,2026-09-22
VICTORY ARI,AG,US OFAC SDN — IRAN-EO13902,2026-09-22
"VIEGAS, Lincoln Francisco",IN,US OFAC SDN — IRAN-EO13902,2026-09-22
VIETNAM-RUSSIA JOINT VENTURE BANK,VN,US OFAC SDN — RUSSIA-EO14024,2026-09-22
VIGOR,PA,US OFAC SDN — IRAN-EO13846,2026-09-22
VIKTOR TITOV,PA,US OFAC SDN — UKRAINE-EO13662/RUSSIA-EO14024,2026-09-22
VIOLA,PA,US OFAC SDN — IRAN-EO13902,2026-09-22
VIOLET 1,PA,US OFAC SDN — IRAN-EO13846,2026-09-22
VIRGO,GM,US OFAC SDN — IRAN-EO13846,2026-09-22
VIRGO MARINE,AE,US OFAC SDN — IRAN-EO13846,2026-09-22
VISION SHIP MANAGEMENT LLP,IN,US OFAC SDN — IRAN-EO13902,2026-09-22
VISTA,IR,US OFAC SDN — IRAN/NPWMD/IFSR,2026-09-22
VITA I,PA,US OFAC SDN — IRAN-EO13902,2026-09-22
VITUS BERING,RU,US OFAC SDN — UKRAINE-EO13662/RUSSIA-EO14024,2026-09-22
VIZURI,CM,US OFAC SDN — IRAN-EO13902,2026-09-22
VLADIMIR ARSENYEV,PA,US OFAC SDN — UKRAINE-EO13662/RUSSIA-EO14024,2026-09-22
VLADIMIR MONOMAKH,RU,US OFAC SDN — UKRAINE-EO13662/RUSSIA-EO14024,2026-09-22
VLADIMIR VINOGRADOV,RU,US OFAC SDN — UKRAINE-EO13662/RUSSIA-EO14024,2026-09-22
"VLASOV, Vasily Maksimovich",RU,US OFAC SDN — RUSSIA-EO14024,2026-09-22
VLATE LOGISTIK LLC,BY,US OFAC SDN — BELARUS-EO14038,2026-09-22
VOLANS,BB,US OFAC SDN — IRAN-EO13902,2026-09-22
VOLASYS SILVER STAR,RU,US OFAC SDN — DPRK3/DPRK4,2026-09-22
"VOLFOVICH, Aleksandr Grigorievich",BY,US OFAC SDN — BELARUS-EO14038,2026-09-22
"VOLODIN, Vyacheslav Victorovich",RU,US OFAC SDN — UKRAINE-EO13661/RUSSIA-EO14024,2026-09-22
"VOLOSHYN, Oleh",UA,US OFAC SDN — RUSSIA-EO14024,2026-09-22
"VOLOSOVIK, Aleksandr Aleksandrovich",RU,US OFAC SDN — CAATSA - RUSSIA,2026-09-22
VORAS,CM,US OFAC SDN — IRAN-EO13846,2026-09-22
"VOROBEV, Aleksandr Nikolayevich",RU,US OFAC SDN — UKRAINE-EO13661,2026-09-22
"VOROBYEV, Vadim Nikolaevich",RU,US OFAC SDN — UKRAINE-EO13662/RUSSIA-EO14024,2026-09-22
VOSTOCHNY PROSPECT,RU,US OFAC SDN — UKRAINE-EO13662/RUSSIA-EO14024,2026-09-22
VOSTOK TRADING LIMITED LIABILITY COMPANY,RU,US OFAC SDN — DPRK4/RUSSIA-EO14024,2026-09-22
VOY,ST,US OFAC SDN — IRAN-EO13902,2026-09-22
VOYAGER,BB,US OFAC SDN — UKRAINE-EO13662/RUSSIA-EO14024,2026-09-22
VOYAGER HAVEN,PA,US OFAC SDN — IRAN-EO13902,2026-09-22
VP-CSP,ZZ,US OFAC SDN — UKRAINE-EO13661,2026-09-22
VROOM MARINE VENTURE FZE,AE,US OFAC SDN — IRAN-EO13846,2026-09-22
VS OIL TERMINAL FZE,AE,US OFAC SDN — IRAN-EO13902,2026-09-22
VS PETROLEUM DMCC,AE,US OFAC SDN — IRAN-EO13902,2026-09-22
VS TANKERS FREE ZONE ENTITY - F.Z.E DMCC BRANCH,AE,US OFAC SDN — IRAN-EO13902,2026-09-22
VSEROSSISKIY INSTITUT AVIATSIONNYKH MATERIALOV,RU,US OFAC SDN — RUSSIA-EO14024,2026-09-22
VTB BANK ARMENIA CLOSED JOINT STOCK COMPANY,AM,US OFAC SDN — UKRAINE-EO13662/RUSSIA-EO14024,2026-09-22
VTB BANK AZERBAIJAN OPEN JOINT STOCK COMPANY,AZ,US OFAC SDN — UKRAINE-EO13662/RUSSIA-EO14024,2026-09-22
VTB BANK BELARUS CLOSED JOINT STOCK COMPANY,BY,US OFAC SDN — UKRAINE-EO13662/RUSSIA-EO14024,2026-09-22
VTB BANK GEORGIA JOINT STOCK COMPANY,GE,US OFAC SDN — UKRAINE-EO13662/RUSSIA-EO14024,2026-09-22
VTB BANK PUBLIC JOINT STOCK COMPANY,RU,US OFAC SDN — UKRAINE-EO13662/IRAN-EO13902/RUSSIA-EO14024,2026-09-22
VTB CAPITAL HOLDINGS CLOSED JOINT STOCK COMPANY,RU,US OFAC SDN — UKRAINE-EO13662/RUSSIA-EO14024,2026-09-22
VTB FACTORING LTD,RU,US OFAC SDN — UKRAINE-EO13662/RUSSIA-EO14024,2026-09-22
VTB LEASING JOINT STOCK COMPANY,RU,US OFAC SDN — UKRAINE-EO13662/RUSSIA-EO14024,2026-09-22
VTB PENSION ADMINISTRATOR LIMITED,RU,US OFAC SDN — UKRAINE-EO13662/RUSSIA-EO14024,2026-09-22
VTB REAL ESTATE LIMITED LIABILITY COMPANY,RU,US OFAC SDN — UKRAINE-EO13662/RUSSIA-EO14024,2026-09-22
VTB REGISTRAR CLOSED JOINT STOCK COMPANY,RU,US OFAC SDN — UKRAINE-EO13662/RUSSIA-EO14024,2026-09-22
VTB SPECIALIZED DEPOSITORY CLOSED JOINT STOCK COMPANY,RU,US OFAC SDN — UKRAINE-EO13662/RUSSIA-EO14024,2026-09-22
"VVB, PAO",UA,US OFAC SDN — UKRAINE-EO13685,2026-09-22
VYACHESLAV TIKHONOV,RU,US OFAC SDN — UKRAINE-EO13662/RUSSIA-EO14024,2026-09-22
VYAZ,RU,US OFAC SDN — UKRAINE-EO13662/RUSSIA-EO14024,2026-09-22
VYDAYUSHCHIESYA KREDITY MICROCREDIT COMPANY LIMITED LIABILITY COMPANY,RU,US OFAC SDN — RUSSIA-EO14024,2026-09-22
"VYSOTSKY, Vladimir Yurievich",ZZ,US OFAC SDN — UKRAINE-EO13660,2026-09-22
"WANG, Xueqing",CN,US OFAC SDN — IRAN-EO13902,2026-09-22
"WANG, Zhiqing",CN,US OFAC SDN — IRAN-EO13846,2026-09-22
WANSA GAS SHIPPING CO.,MH,US OFAC SDN — IRAN-EO13902,2026-09-22
WANTA SHIPPING L.L.C-FZ,AE,US OFAC SDN — IRAN-EO13902,2026-09-22
"WANUS, Ali",ZZ,US OFAC SDN — NPWMD,2026-09-22
"WARNIG, Matthias",CH,US OFAC SDN — RUSSIA-EO14024,2026-09-22
WARTA,IR,US OFAC SDN — IRAN/NPWMD/IFSR,2026-09-22
"WASSERMAN, Anatoly Aleksandrovich",RU,US OFAC SDN — RUSSIA-EO14024,2026-09-22
WAVECREST MARITIME LIMITED,AE,US OFAC SDN — UKRAINE-EO13662/RUSSIA-EO14024,2026-09-22
WEE TIONG (S) PTE LTD,SG,US OFAC SDN — DPRK,2026-09-22
WEI FENG,PA,US OFAC SDN — UKRAINE-EO13662/RUSSIA-EO14024,2026-09-22
"WEI, Lin Na",CN,US OFAC SDN — IRAN-EO13846,2026-09-22
WEIHAI HUIJIANG TRADE LIMITED,CN,US OFAC SDN — DPRK4,2026-09-22
WEIHAI WORLD-SHIPPING FREIGHT,CN,US OFAC SDN — DPRK4,2026-09-22
WEN YAO,CK,US OFAC SDN — IRAN-EO13846,2026-09-22
WESER SHIPPING INC.,MH,US OFAC SDN — IRAN-EO13902,2026-09-22
WEST ALBORZ STEEL COMPLEX,IR,US OFAC SDN — IRAN-EO13871,2026-09-22
WEST SIBERIAN COMMERCIAL BANK PUBLIC JOINT STOCK COMPANY,RU,US OFAC SDN — RUSSIA-EO14024,2026-09-22
WEST SUN TRADE GMBH,DE,US OFAC SDN — IRAN,2026-09-22
WESTANKER DENIZCILIK VE TICARET LIMITED SIRKETI,TR,US OFAC SDN — IRAN-EO13902,2026-09-22
WESTANKER LIMITED,MH,US OFAC SDN — IRAN-EO13902,2026-09-22
WHITE SEAL HOLDINGS LIMITED,CY,US OFAC SDN — UKRAINE-EO13661,2026-09-22
WHITE SHARK,SM,US OFAC SDN — IRAN-EO13846,2026-09-22
WIDE VISION GENERAL TRADING L.L.C,AE,US OFAC SDN — IRAN-EO13902,2026-09-22
"WISSER, Gerhard",ZZ,US OFAC SDN — NPWMD/IFSR,2026-09-22
WITSHIPPING MARITIME PTE LTD,SG,US OFAC SDN — IRAN,2026-09-22
WON SAN 2,KP,US OFAC SDN — DPRK4,2026-09-22
WOORY STAR,KP,US OFAC SDN — DPRK4,2026-09-22
WORKERS' PARTY OF KOREA CENTRAL MILITARY COMMISSION,KP,US OFAC SDN — DPRK2,2026-09-22
WORLD COURAGE,PA,US OFAC SDN — IRAN-EO13846,2026-09-22
WORLD MINING INDUSTRY COMPANY LTD,CN,US OFAC SDN — IRAN-EO13871,2026-09-22
WORLD PERFORMANCE,CK,US OFAC SDN — IRAN-EO13846,2026-09-22
WORLD PROGRESS,CK,US OFAC SDN — IRAN-EO13846,2026-09-22
WORLDFAST INTERNATIONAL LIMITED,IR,US OFAC SDN — IRAN,2026-09-22
WORLDWIDE LPG LIMITED,GB,US OFAC SDN — IRAN-EO13902,2026-09-22
WORLDWIDE SHIPPING & TRANSPORTATION LIMITED,IR,US OFAC SDN — IRAN,2026-09-22
WORTHALIANCE LIMITED,MH,US OFAC SDN — UKRAINE-EO13662/RUSSIA-EO14024,2026-09-22
WS SHIPPING CO. LTD.,CN,US OFAC SDN — IRAN-EO13846,2026-09-22
WT MARINE PTE LTD,SG,US OFAC SDN — DPRK,2026-09-22
"WU, Huihui",CN,US OFAC SDN — DPRK3,2026-09-22
WUHAN SANJIANG IMPORT AND EXPORT CO. LTD,CN,US OFAC SDN — NPWMD/IFSR,2026-09-22
XANTE,PA,US OFAC SDN — IRAN-EO13902,2026-09-22
XANTE LINE INC.,MH,US OFAC SDN — IRAN-EO13902,2026-09-22
XIA TRADING LIMITED,CN,US OFAC SDN — IRAN-EO13902,2026-09-22
"XIANHUA, Qin",ZZ,US OFAC SDN — NPWMD/IFSR,2026-09-22
XIN GUANG HAI,ZZ,US OFAC SDN — DPRK4,2026-09-22
XING AO ENERGY PTE. LTD.,SG,US OFAC SDN — IRAN-EO13846,2026-09-22
XINGFU HAI SHIPPING LIMITED,SC,US OFAC SDN — UKRAINE-EO13662/RUSSIA-EO14024,2026-09-22
XINJIANG FINANCIAL IMPORT AND EXPORT CO LTD,CN,US OFAC SDN — UKRAINE-EO13662/RUSSIA-EO14024,2026-09-22
"XU, Bin",CN,US OFAC SDN — IRAN-EO13846,2026-09-22
YA MAHDI INDUSTRIES GROUP,IR,US OFAC SDN — NPWMD/IFSR,2026-09-22
YAFTAR PAZHOHAN PISHTAZ RAYANESH LIMITED COMPANY,IR,US OFAC SDN — IRAN-EO13846,2026-09-22
"YAGAFAROV, Azat Ferdinandovich",RU,US OFAC SDN — RUSSIA-EO14024,2026-09-22
YAGHOUB,IR,US OFAC SDN — IRAN,2026-09-22
"YAGHOUBI MIAB, Hossein",IR,US OFAC SDN — IRGC/IFSR,2026-09-22
"YAGMUR, Nora",TR,US OFAC SDN — BELARUS-EO14038,2026-09-22
"YAKHNYUK, Sergey Vasilyevich",RU,US OFAC SDN — RUSSIA-EO14024,2026-09-22
"YAKUBOVSKY, Alexander Vladimirovich",RU,US OFAC SDN — RUSSIA-EO14024,2026-09-22
"YAKUNIN, Vladimir Ivanovich",ZZ,US OFAC SDN — UKRAINE-EO13661,2026-09-22
"YAKUSHEV, Vladimir Vladimirovich",RU,US OFAC SDN — RUSSIA-EO14024,2026-09-22
YAMUNA,CK,US OFAC SDN — IRAN-EO13846,2026-09-22
"YAN, Zhiyong",CN,US OFAC SDN — DPRK3,2026-09-22
"YANBIAN SILVERSTAR NETWORK TECHNOLOGY CO., LTD.",CN,US OFAC SDN — DPRK3/DPRK4,2026-09-22
"YANCHENG THREE LINE ONE POINT ANIMATION CO., LTD.",CN,US OFAC SDN — DPRK3,2026-09-22
YANG GAK DO,KP,US OFAC SDN — DPRK4,2026-09-22
"YANGSHAN SHENGANG INTERNATIONAL PETROLEUM STORAGE AND TRANSPORTATION CO., LTD",CN,US OFAC SDN — IRAN-EO13846,2026-09-22
"YANUKOVYCH, Oleksandr Viktorovych",ZZ,US OFAC SDN — UKRAINE-EO13660,2026-09-22
"YANUKOVYCH, Viktor Fedorovych",ZZ,US OFAC SDN — UKRAINE-EO13660,2026-09-22
YARAN,IR,US OFAC SDN — IRAN/NPWMD/IFSR,2026-09-22
YARD NO.131040 ZVEZDA-DSME,RU,US OFAC SDN — UKRAINE-EO13662/RUSSIA-EO14024,2026-09-22
YARD NO.131080 ZVEZDA-DSME,RU,US OFAC SDN — UKRAINE-EO13662/RUSSIA-EO14024,2026-09-22
"YARIN, Andrei Veniaminovich",RU,US OFAC SDN — UKRAINE-EO13661,2026-09-22
"YARMOSHINA, Lidziya Mihaulauna",ZZ,US OFAC SDN — BELARUS,2026-09-22
YAROSLAVSKY SHIPBUILDING PLANT,RU,US OFAC SDN — UKRAINE-EO13662,2026-09-22
YASA PART,IR,US OFAC SDN — NPWMD/IFSR,2026-09-22
YATEEKA,GA,US OFAC SDN — IRAN-EO13846,2026-09-22
"YATSENKO, Viktor",ZZ,US OFAC SDN — UKRAINE-EO13660,2026-09-22
"YAVORSKI, Aleksey Nikolaevich",BY,US OFAC SDN — BELARUS-EO14038,2026-09-22
"YAVRUCU, Aykut",TR,US OFAC SDN — IRAN-EO13846,2026-09-22
YAZ,RU,US OFAC SDN — UKRAINE-EO13685,2026-09-22
YAZD INDUSTRIAL CONSTRUCTIONAL STEEL ROLLING MILL,IR,US OFAC SDN — IRAN-EO13871,2026-09-22
YAZD METALLURGY INDUSTRIES,IR,US OFAC SDN — NPWMD/IFSR,2026-09-22
"YAZDAN JOO, Mohammad Ali",IR,US OFAC SDN — IRAN/IRAN-EO13876,2026-09-22
"YAZDI, Mohammad",IR,US OFAC SDN — IRAN-EO13876,2026-09-22
"YEGANE, Gulnihal",TR,US OFAC SDN — IFSR,2026-09-22
"YERMAKOV, Ivan Sergeyevich",RU,US OFAC SDN — CAATSA - RUSSIA,2026-09-22
"YERSHOV, Sergey Aleksandrovich",RU,US OFAC SDN — RUSSIA-EO14024,2026-09-22
YESIL BASAK TARIM SANAYI VE TICARET LIMITED SIRKETI,TR,US OFAC SDN — IRAN-EO13846,2026-09-22
YEVGENY PRIMAKOV,RU,US OFAC SDN — UKRAINE-EO13662/RUSSIA-EO14024,2026-09-22
"YEZERSKY, Nikolay Nikolayevich",RU,US OFAC SDN — RUSSIA-EO14024,2026-09-22
"YIGIT, Faruk",ZZ,US OFAC SDN — CAATSA - RUSSIA,2026-09-22
YIMINAI AUTOPARTS TRADING LIMITED,CN,US OFAC SDN — IRAN-EO13902,2026-09-22
"YO'N, Cho'ng-Nam",CN,US OFAC SDN — NPWMD,2026-09-22
YODAN,VU,US OFAC SDN — IRAN-EO13902,2026-09-22
YOGI,LR,US OFAC SDN — IRAN-EO13902,2026-09-22
YONG XIANG 29,CN,US OFAC SDN — IRAN-EO13846,2026-09-22
YONG XIN,HK,US OFAC SDN — IRAN-EO13846,2026-09-22
YONGAN OCEAN,PA,US OFAC SDN — IRAN-EO13846,2026-09-22
YONGHENG OCEAN,BB,US OFAC SDN — IRAN-EO13846,2026-09-22
YONGJIN SHIP MANAGEMENT COMPANY LIMITED,KP,US OFAC SDN — DPRK,2026-09-22
YOUCHEM GENERAL TRADING FZE,AE,US OFAC SDN — IRAN-EO13846,2026-09-22
YOUNES,IR,US OFAC SDN — IRAN,2026-09-22
"YOUNG FOLKS INTERNATIONAL TRADING CO., LIMITED",CN,US OFAC SDN — IRAN-EO13902,2026-09-22
YOUSEF,IR,US OFAC SDN — IRAN,2026-09-22
"YOUSEFPOUR, Ali",ZZ,US OFAC SDN — IRAN,2026-09-22
YU HONG DE COMPANY LIMITED,CN,US OFAC SDN — IRAN-EO13902,2026-09-22
YU JONG 2,KP,US OFAC SDN — DPRK4,2026-09-22
YU PHYONG 5,KP,US OFAC SDN — DPRK4,2026-09-22
YU SON,KP,US OFAC SDN — DPRK4,2026-09-22
YU SONG 12,KP,US OFAC SDN — DPRK4,2026-09-22
YU SONG 7,KP,US OFAC SDN — DPRK4,2026-09-22
"YU, Chol U",KP,US OFAC SDN — DPRK2,2026-09-22
"YU, Jin",KP,US OFAC SDN — DPRK2,2026-09-22
"YU, Kwang Ho",ZZ,US OFAC SDN — DPRK2,2026-09-22
"YUE, Richard",ZZ,US OFAC SDN — NPWMD/IFSR,2026-09-22
YUG,KM,US OFAC SDN — IRAN-EO13902,2026-09-22
YUG SHIPPING INC.,MH,US OFAC SDN — IRAN-EO13902,2026-09-22
"YUHUA, Shi",CN,US OFAC SDN — NPWMD/IFSR,2026-09-22
YUK TUNG,ZZ,US OFAC SDN — DPRK4,2026-09-22
YUK TUNG ENERGY PTE LTD,SG,US OFAC SDN — DPRK4,2026-09-22
"YUN, Ho-Jin",KP,US OFAC SDN — NPWMD,2026-09-22
"YUN, Song Guk",LA,US OFAC SDN — DPRK4,2026-09-22
"YURCHIK, Oleg",BY,US OFAC SDN — BELARUS-EO14038,2026-09-22
YURI,CK,US OFAC SDN — IRAN-EO13902,2026-09-22
YURI SENKEVICH,PA,US OFAC SDN — UKRAINE-EO13662/RUSSIA-EO14024,2026-09-22
YURIMAGUAS LTD,MH,US OFAC SDN — IRAN-EO13902,2026-09-22
"YUSHCHENKO, Alexander Andreyevich",RU,US OFAC SDN — RUSSIA-EO14024,2026-09-22
YUSONG SHIPPING CO,KP,US OFAC SDN — DPRK4,2026-09-22
"YUZHYK, Alyaksandr Uladzimiravich",BY,US OFAC SDN — BELARUS-EO14038,2026-09-22
ZA RYOK 2,KP,US OFAC SDN — DPRK4,2026-09-22
"ZABIHPOUR, Ameneh Sadat",IR,US OFAC SDN — IRAN-EO13846,2026-09-22
"ZADEH, Ahmad Mohammadi",IR,US OFAC SDN — IRGC/IFSR,2026-09-22
"ZADEH, Salar Mahmoud",IR,US OFAC SDN — IRAN-HR,2026-09-22
ZAGOR,LR,US OFAC SDN — IRAN-EO13902,2026-09-22
ZAGROS PARDIS KISH,IR,US OFAC SDN — IRGC/IFSR,2026-09-22
ZAGROS PETROCHEMICAL,IR,US OFAC SDN — IRAN-EO13846,2026-09-22
ZAGROS TARABARAN-E ARYA,IR,US OFAC SDN — IRAN-EO13846,2026-09-22
ZAHEDAN PRISON,IR,US OFAC SDN — CAATSA - IRAN,2026-09-22
"ZAHEDI, Mohammed Reza",LB,US OFAC SDN — IRGC/IFSR,2026-09-22
"ZAHEDI, Mostafa",ZZ,US OFAC SDN — NPWMD/IFSR,2026-09-22
"ZAITSAU, Aliaksandr Mikalaevich",BY,US OFAC SDN — BELARUS-EO14038,2026-09-22
"ZAKHARCHENKO, Alexander",ZZ,US OFAC SDN — UKRAINE-EO13660,2026-09-22
"ZAKHARCHENKO, Vitaliy Yuriyovych",ZZ,US OFAC SDN — UKRAINE-EO13660,2026-09-22
"ZAKHAROV, Andrey Georgiyevich",RU,US OFAC SDN — RUSSIA-EO14024,2026-09-22
"ZAKIROV, Ilya Vladislavovich",RU,US OFAC SDN — CAATSA - RUSSIA,2026-09-22
"ZALDOSTANOV, Aleksandr",ZZ,US OFAC SDN — UKRAINE-EO13660,2026-09-22
ZALE,PA,US OFAC SDN — IRAN-EO13902,2026-09-22
ZALE SHIPPING INC.,MH,US OFAC SDN — IRAN-EO13902,2026-09-22
ZALIV AMERIKA,PA,US OFAC SDN — UKRAINE-EO13662/RUSSIA-EO14024,2026-09-22
ZALIV AMURSKIY,PA,US OFAC SDN — UKRAINE-EO13662/RUSSIA-EO14024,2026-09-22
ZALIV ANIVA,PA,US OFAC SDN — UKRAINE-EO13662/RUSSIA-EO14024,2026-09-22
ZALIV BAIKAL,PA,US OFAC SDN — UKRAINE-EO13662/RUSSIA-EO14024,2026-09-22
ZALIV VOSTOK,PA,US OFAC SDN — UKRAINE-EO13662/RUSSIA-EO14024,2026-09-22
"ZAMULEVICH, Dmitriy Mikhailovich",BY,US OFAC SDN — BELARUS-EO14038,2026-09-22
"ZAND, Mehdi",IR,US OFAC SDN — IRAN-CON-ARMS-EO,2026-09-22
"ZANGANEH, Touraj",IR,US OFAC SDN — IFSR,2026-09-22
ZANJAN ACID PRODUCTION COMPANY,IR,US OFAC SDN — IFSR,2026-09-22
"ZANJANI, Babak Morteza",AE,US OFAC SDN — IRAN-EO13902,2026-09-22
ZAO AKUTA,RU,US OFAC SDN — RUSSIA-EO14024,2026-09-22
ZAO MUNAY MYRZA,KG,US OFAC SDN — UKRAINE-EO13662/RUSSIA-EO14024,2026-09-22
ZAO VNESHTORGSERVIS,GE,US OFAC SDN — UKRAINE-EO13660,2026-09-22
ZARAND IRANIAN STEEL COMPANY,IR,US OFAC SDN — IRAN-EO13871,2026-09-22
ZARDIS,IR,US OFAC SDN — IRAN/NPWMD/IFSR,2026-09-22
"ZARE, Ali",IR,US OFAC SDN — IRGC/IFSR,2026-09-22
ZARECHE-4 OOO,RU,US OFAC SDN — RUSSIA-EO14024,2026-09-22
"ZAREE, Majid",IR,US OFAC SDN — IRGC,2026-09-22
"ZAREIKAJOSANGI, Hamid",IR,US OFAC SDN — IRGC/IRAN-HR,2026-09-22
"ZAREPOUR, Eisa",IR,US OFAC SDN — IRAN-TRA,2026-09-22
"ZARGARI, Ghodrat",ZZ,US OFAC SDN — NPWMD/IFSR,2026-09-22
"ZARGHAMI, Ezzatollah",ZZ,US OFAC SDN — IRAN-TRA,2026-09-22
"ZARIF, Mohammad Javad",IR,US OFAC SDN — IRAN-EO13876,2026-09-22
ZARIN RAFSANJAN CEMENT COMPANY,IR,US OFAC SDN — IRAN,2026-09-22
"ZARITSKY, Vladimir Nikolaevich",RU,US OFAC SDN — UKRAINE-EO13685,2026-09-22
ZARRIN GHALAM AND PARTNERS COMPANY,IR,US OFAC SDN — IRAN-EO13902,2026-09-22
ZARRIN TEHRAN INVESTMENT COMPANY,IR,US OFAC SDN — IRAN-EO13902,2026-09-22
"ZARRINGHALAM, Fazlolah",IR,US OFAC SDN — IRAN-EO13902,2026-09-22
"ZARRINGHALAM, Mansour",IR,US OFAC SDN — IRAN-EO13902,2026-09-22
"ZARRINGHALAM, Mitra",IR,US OFAC SDN — IRAN-EO13902,2026-09-22
"ZARRINGHALAM, Nasser",IR,US OFAC SDN — IRAN-EO13902,2026-09-22
"ZARRINGHALAM, Pouria",IR,US OFAC SDN — IRAN-EO13902,2026-09-22
"ZATOLOKIN, Kirill Andreevich",RU,US OFAC SDN — CAATSA - RUSSIA,2026-09-22
"ZAVARAKI, Hadi Jamshidi",IR,US OFAC SDN — IRGC/IFSR,2026-09-22
ZAYNABIYOUN BRIGADE,SY,US OFAC SDN — IRGC/IFSR/IRAN-HR,2026-09-22
"ZDRILIUK, Serhii Anatoliyovych",ZZ,US OFAC SDN — UKRAINE-EO13660,2026-09-22
ZEAL,GA,US OFAC SDN — IRAN-EO13846,2026-09-22
ZEDCEX EXCHANGE LTD,GB,US OFAC SDN — IFSR/IRAN-EO13902,2026-09-22
ZEDXION EXCHANGE LTD,GB,US OFAC SDN — IFSR/IRAN-EO13902,2026-09-22
"ZEEL - M CO., LTD.",RU,US OFAC SDN — DPRK2,2026-09-22
ZELENODOLSK SHIPYARD PLANT NAMED AFTER A.M. GORKY,RU,US OFAC SDN — UKRAINE-EO13662,2026-09-22
"ZELENYUK, Sergey Sergeyevich",RU,US OFAC SDN — CAATSA - RUSSIA,2026-09-22
ZENITH,BB,US OFAC SDN — UKRAINE-EO13662/RUSSIA-EO14024,2026-09-22
ZENITH BRIDGE INC,PA,US OFAC SDN — IRAN-EO13902,2026-09-22
ZEVS,CM,US OFAC SDN — IRAN-EO13846,2026-09-22
"ZHANG, Yu",CN,US OFAC SDN — IRAN-EO13902,2026-09-22
"ZHAROV, Alexander Alexandrovich",RU,US OFAC SDN — UKRAINE-EO13661,2026-09-22
"ZHARSKI, Aliaksandr Uladzimiravich",BY,US OFAC SDN — BELARUS-EO14038,2026-09-22
ZHE JIANG JIAYI SMALL COMMODITIES TRADE COMPANY LIMITED,HK,US OFAC SDN — UKRAINE-EO13661,2026-09-22
"ZHEJIANG WONDER IMP. AND EXP. CO., LTD.",CN,US OFAC SDN — IRAN-EO13846,2026-09-22
"ZHELEZNYAK, Sergei Vladimirovich",ZZ,US OFAC SDN — UKRAINE-EO13661,2026-09-22
"ZHEREBTSOV, Yuriy Gennadievych",UA,US OFAC SDN — UKRAINE-EO13660,2026-09-22
"ZHIDKO, Gennady",RU,US OFAC SDN — RUSSIA-EO14024,2026-09-22
ZHIHANG SHIP MANAGEMENT SHANGHAI CO LTD,CN,US OFAC SDN — IRAN-EO13846,2026-09-22
"ZHIROV, Artur Aleksandrovich",RU,US OFAC SDN — RUSSIA-EO14024,2026-09-22
"ZHIVLYUK, Aleksandr Pavlovich",BY,US OFAC SDN — BELARUS-EO14038,2026-09-22
"ZHONGGU STORAGE AND TRANSPORTATION CO., LTD.",CN,US OFAC SDN — IRAN-EO13846,2026-09-22
"ZHOU, Carol",ZZ,US OFAC SDN — NPWMD/IFSR,2026-09-22
"ZHOU, Jianshu",CN,US OFAC SDN — NPWMD,2026-09-22
"ZHOU, Yishan",ZZ,US OFAC SDN — NPWMD,2026-09-22
"ZHOUSHAN JINRUN PETROLEUM TRANSFER CO., LTD.",CN,US OFAC SDN — IRAN-EO13846,2026-09-22
"ZHU, Yuequn",ZZ,US OFAC SDN — NPWMD/IFSR,2026-09-22
ZHUHAI ZHENRONG COMPANY LIMITED,CN,US OFAC SDN — IRAN-EO13846,2026-09-22
"ZHURAVLYEV, Alexey Aleksandrovich",RU,US OFAC SDN — RUSSIA-EO14024,2026-09-22
"ZIAEI, Gholamreza",IR,US OFAC SDN — IRAN-HR,2026-09-22
"ZIMA, Pyotr Anatoliyovych",UA,US OFAC SDN — UKRAINE-EO13660,2026-09-22
"ZIMOUSKY, Aliaksandr Leanidavich",ZZ,US OFAC SDN — BELARUS,2026-09-22
ZION TRADE LIMITED,AE,US OFAC SDN — UKRAINE-EO13662/RUSSIA-EO14024,2026-09-22
"ZIRACCHIAN ZADEH, Mahmoud",ZZ,US OFAC SDN — IRAN,2026-09-22
"ZIRAHI, Ramezan",IR,US OFAC SDN — IRGC/IFSR,2026-09-22
ZIST TAJHIZ POOYESH COMPANY,IR,US OFAC SDN — NPWMD/IFSR,2026-09-22
ZOLAL IRAN COMPANY,IR,US OFAC SDN — NPWMD/IFSR,2026-09-22
"ZOLOTOV, Viktor Vasiliyevich",RU,US OFAC SDN — UKRAINE-EO13661/RUSSIA-EO14024,2026-09-22
"ZOLQADR, Mohammad Baqer",IR,US OFAC SDN — IRAN-CON-ARMS-EO,2026-09-22
ZOMOROUD,IR,US OFAC SDN — IRAN/NPWMD/IFSR,2026-09-22
"ZUBKOV, Sergei Yevgenevich",BY,US OFAC SDN — BELARUS,2026-09-22
"ZUEVA, Mariya Evgenevna",RU,US OFAC SDN — UKRAINE-EO13661,2026-09-22
"ZYUGANOV, Gennady Andreyevich",RU,US OFAC SDN — RUSSIA-EO14024,2026-09-22
